/* DBScriptData
DBName: Razorfen Downs
DBScriptName: instance_razorfen_downs
DB%Complete: 75
DBComment:
EndDBScriptData */

SET @CGUID := 1290000; -- creatures
SET @OGUID := 1290000; -- gameobjects
SET @PGUID := 45900; -- pools

-- =========
-- CREATURES
-- =========

INSERT INTO `creature_movement` (`id`, `point`, `position_x`, `position_y`, `position_z`, `orientation`, `waittime`, `script_id`) VALUES
(@CGUID+90, 1, 2587.02, 1033.18, 50.4908, 0, 0, 0),
(@CGUID+90, 2, 2596.48, 1051.39, 53.6952, 0, 0, 0),
(@CGUID+90, 3, 2597.07, 1074.49, 55.3279, 0, 0, 0),
(@CGUID+90, 4, 2596.48, 1051.39, 53.6952, 0, 0, 0),
(@CGUID+104, 1, 2546.41, 885.836, 47.6967, 0, 0, 0),
(@CGUID+104, 2, 2547.25, 903.688, 46.9296, 0, 0, 0),
(@CGUID+104, 3, 2518.14, 927.246, 46.8201, 0, 0, 0),
(@CGUID+104, 4, 2540.17, 974.982, 50.5609, 0, 0, 0),
(@CGUID+104, 5, 2553.77, 973.06, 50.4491, 0, 0, 0),
(@CGUID+104, 6, 2572.43, 957.078, 50.4491, 0, 0, 0),
(@CGUID+104, 7, 2553.77, 973.06, 50.4491, 0, 0, 0),
(@CGUID+104, 8, 2540.17, 974.982, 50.5609, 0, 0, 0),
(@CGUID+104, 9, 2518.14, 927.246, 46.8201, 0, 0, 0),
(@CGUID+104, 10, 2547.25, 903.688, 46.9296, 0, 0, 0),
(@CGUID+105, 1, 2530.19, 803.431, 45.5162, 0, 0, 0),
(@CGUID+105, 2, 2509.77, 794.568, 41.8866, 0, 0, 0),
(@CGUID+105, 3, 2498.17, 788.609, 39.4363, 0, 0, 0),
(@CGUID+105, 4, 2488.32, 802.782, 43.0362, 0, 0, 0),
(@CGUID+105, 5, 2488.89, 831.108, 44.0669, 0, 0, 0),
(@CGUID+105, 6, 2488.32, 802.782, 43.0362, 0, 0, 0),
(@CGUID+105, 7, 2498.17, 788.609, 39.4363, 0, 0, 0),
(@CGUID+105, 8, 2521.01, 736.909, 40.2287, 0, 0, 0),
(@CGUID+105, 9, 2498.17, 788.609, 39.4363, 0, 0, 0),
(@CGUID+105, 10, 2509.77, 794.568, 41.8866, 0, 0, 0),
(@CGUID+121, 1, 2480.11, 939.406, 23.4132, 0, 0, 0),
(@CGUID+121, 2, 2481.79, 973.654, 23.6989, 0, 0, 0),
(@CGUID+121, 3, 2460.02, 1024.43, 24.6189, 0, 0, 0),
(@CGUID+121, 4, 2481.79, 973.654, 23.6989, 0, 0, 0),
(@CGUID+124, 1, 2462.37, 1019.99, 24.4924, 0, 0, 0),
(@CGUID+124, 2, 2430.78, 1042.12, 24.378, 0, 0, 0),
(@CGUID+124, 3, 2370.72, 1041.85, 25.2306, 0, 0, 0),
(@CGUID+124, 4, 2339.43, 1007.75, 25.6141, 0, 0, 0),
(@CGUID+124, 5, 2370.72, 1041.85, 25.2306, 0, 0, 0),
(@CGUID+124, 6, 2430.78, 1042.12, 24.378, 0, 0, 0),
(@CGUID+133, 1, 2463.37, 1015.05, 24.3318, 0, 0, 0),
(@CGUID+133, 2, 2434.49, 1041.26, 24.256, 0, 0, 0),
(@CGUID+133, 3, 2365.71, 1040.34, 25.2455, 0, 0, 0),
(@CGUID+133, 4, 2322.08, 973.019, 26.5074, 0, 0, 0),
(@CGUID+133, 5, 2353.08, 925.427, 28.5095, 0, 0, 0),
(@CGUID+133, 6, 2322.08, 973.019, 26.5074, 0, 0, 0),
(@CGUID+133, 7, 2365.71, 1040.34, 25.2455, 0, 0, 0),
(@CGUID+133, 8, 2434.49, 1041.26, 24.256, 0, 0, 0),
(@CGUID+134, 1, 2464.93, 1016.69, 24.3579, 0, 0, 0),
(@CGUID+134, 2, 2436.55, 1043.44, 24.3137, 0, 0, 0),
(@CGUID+134, 3, 2362.65, 1041.72, 25.3584, 0, 0, 0),
(@CGUID+134, 4, 2320.11, 973.752, 26.5672, 0, 0, 0),
(@CGUID+134, 5, 2351.39, 922.59, 28.2802, 0, 0, 0),
(@CGUID+134, 6, 2320.11, 973.752, 26.5672, 0, 0, 0),
(@CGUID+134, 7, 2362.65, 1041.72, 25.3584, 0, 0, 0),
(@CGUID+134, 8, 2436.55, 1043.44, 24.3137, 0, 0, 0),
(@CGUID+159, 1, 2445.51, 954.49, 35.7524, 0, 0, 0),
(@CGUID+159, 2, 2453.41, 985.324, 35.8014, 0, 0, 0),
(@CGUID+159, 3, 2448.04, 1004.25, 38.7414, 0, 0, 0),
(@CGUID+159, 4, 2421.19, 1022.07, 37.107, 0, 0, 0),
(@CGUID+159, 5, 2379.13, 1015.51, 37.6822, 0, 0, 0),
(@CGUID+159, 6, 2421.19, 1022.07, 37.107, 0, 0, 0),
(@CGUID+159, 7, 2448.04, 1004.25, 38.7414, 0, 0, 0),
(@CGUID+159, 8, 2453.41, 985.324, 35.8014, 0, 0, 0),
(@CGUID+160, 1, 2443.19, 954.093, 35.9125, 0, 0, 0),
(@CGUID+160, 2, 2449.74, 985.748, 36.5336, 0, 0, 0),
(@CGUID+160, 3, 2444.71, 1003.82, 38.743, 0, 0, 0),
(@CGUID+160, 4, 2421.71, 1019.35, 36.7068, 0, 0, 0),
(@CGUID+160, 5, 2379.56, 1012.07, 38.2218, 0, 0, 0),
(@CGUID+160, 6, 2421.71, 1019.35, 36.7068, 0, 0, 0),
(@CGUID+160, 7, 2444.71, 1003.82, 38.743, 0, 0, 0),
(@CGUID+160, 8, 2449.74, 985.748, 36.5336, 0, 0, 0),
(@CGUID+219, 1, 2392.3, 996.693, 53.4884, 0, 0, 0),
(@CGUID+219, 2, 2428, 994.053, 49.2348, 0, 0, 0),
(@CGUID+219, 3, 2428.3, 965.221, 46.3694, 0, 0, 0),
(@CGUID+219, 4, 2417.62, 929.64, 44.3255, 0, 0, 0),
(@CGUID+219, 5, 2388.47, 929.135, 41.4759, 0, 0, 0),
(@CGUID+219, 6, 2417.62, 929.64, 44.3255, 0, 0, 0),
(@CGUID+219, 7, 2428.3, 965.221, 46.3694, 0, 0, 0),
(@CGUID+219, 8, 2428, 994.053, 49.2348, 0, 0, 0),
(@CGUID+236, 1, 2460.89, 1018.88, 24.5396, 0, 0, 0),
(@CGUID+236, 2, 2429.88, 1040.46, 24.8129, 0, 0, 0),
(@CGUID+236, 3, 2372.61, 1039.76, 25.1047, 0, 0, 0),
(@CGUID+236, 4, 2341.79, 1006.62, 25.9058, 0, 0, 0),
(@CGUID+236, 5, 2372.61, 1039.76, 25.1047, 0, 0, 0),
(@CGUID+236, 6, 2429.88, 1040.46, 24.8129, 0, 0, 0),
(@CGUID+241, 1, 2478.47, 940.218, 23.2707, 0, 0, 0),
(@CGUID+241, 2, 2479.85, 972.447, 23.4816, 0, 0, 0),
(@CGUID+241, 3, 2456.85, 1022.73, 24.8429, 0, 500, 0),
(@CGUID+241, 4, 2479.85, 972.447, 23.4816, 0, 0, 0),
(@CGUID+251, 1, 2392.46, 993.458, 53.1636, 0, 0, 0),
(@CGUID+251, 2, 2425.61, 992.395, 49.2503, 0, 0, 0),
(@CGUID+251, 3, 2426.02, 965.37, 46.4851, 0, 0, 0),
(@CGUID+251, 4, 2417.53, 932.206, 44.0587, 0, 0, 0),
(@CGUID+251, 5, 2384.96, 930.691, 41.4389, 0, 0, 0),
(@CGUID+251, 6, 2417.53, 932.206, 44.0587, 0, 0, 0),
(@CGUID+251, 7, 2426.02, 965.37, 46.4851, 0, 0, 0),
(@CGUID+251, 8, 2425.61, 992.395, 49.2503, 0, 0, 0),
(@CGUID+259, 1, 2468.71, 1006.83, 23.7573, 0, 0, 0),
(@CGUID+259, 2, 2446.71, 1034.39, 24.533, 0, 0, 0),
(@CGUID+259, 3, 2419.92, 1043.14, 24.9821, 0, 0, 0),
(@CGUID+259, 4, 2374.9, 1042.5, 25.1829, 0, 0, 0),
(@CGUID+259, 5, 2337.17, 1007.38, 25.7788, 0, 0, 0),
(@CGUID+259, 6, 2324.02, 976.99, 26.3532, 0, 0, 0),
(@CGUID+259, 7, 2337.17, 1007.38, 25.7788, 0, 0, 0),
(@CGUID+259, 8, 2374.9, 1042.5, 25.1829, 0, 0, 0),
(@CGUID+259, 9, 2419.92, 1043.14, 24.9821, 0, 0, 0),
(@CGUID+259, 10, 2446.71, 1034.39, 24.533, 0, 0, 0);

-- INSERT INTO `creature_movement_template` (`entry`, `pathId`, `point`, `position_x`, `position_y`, `position_z`, `orientation`, `waittime`, `script_id`) VALUES

INSERT INTO `creature_addon` (`guid`, `mount`, `bytes1`, `b2_0_sheath`, `b2_1_flags`, `emote`, `moveflags`, `auras`) VALUES
(@CGUID+90, 0, 0, 0, 0, 0, 0, NULL), -- Withered Spearhide
(@CGUID+104, 0, 0, 0, 0, 0, 0, NULL), -- Battle Boar Horror
(@CGUID+105, 0, 0, 0, 0, 0, 0, NULL), -- Battle Boar Horror
(@CGUID+121, 0, 0, 0, 0, 0, 0, NULL), -- Skeletal Frostweaver
(@CGUID+124, 0, 0, 0, 0, 0, 0, NULL), -- Skeletal Frostweaver
(@CGUID+133, 0, 0, 1, 16, 0, 0, NULL), -- Splinterbone Skeleton
(@CGUID+134, 0, 0, 1, 16, 0, 0, NULL), -- Splinterbone Skeleton
(@CGUID+157, 0, 0, 1, 16, 0, 0, NULL), -- Splinterbone Skeleton
(@CGUID+158, 0, 0, 1, 16, 0, 0, NULL), -- Splinterbone Skeleton
(@CGUID+159, 0, 0, 1, 16, 0, 0, NULL), -- Splinterbone Skeleton
(@CGUID+160, 0, 0, 1, 16, 0, 0, NULL), -- Splinterbone Skeleton
(@CGUID+219, 0, 0, 0, 0, 0, 0, NULL), -- Boneflayer Ghoul
(@CGUID+236, 0, 0, 0, 0, 0, 0, NULL), -- Thorn Eater Ghoul
(@CGUID+241, 0, 0, 0, 0, 0, 0, NULL), -- Frozen Soul
(@CGUID+251, 0, 0, 0, 0, 0, 0, NULL), -- Freezing Spirit
(@CGUID+259, 0, 0, 0, 0, 0, 0, NULL); -- Glutton

REPLACE INTO `creature_template_addon` (`entry`, `mount`, `bytes1`, `b2_0_sheath`, `b2_1_flags`, `emote`, `moveflags`, `auras`) VALUES
(7327, 0, 0, 1, 16, 0, 0, NULL), -- Withered Warrior
(7328, 0, 0, 1, 16, 0, 0, NULL), -- Withered Reaver
(7329, 0, 0, 1, 16, 0, 0, '11441'), -- Withered Quilguard
(7332, 0, 0, 1, 16, 0, 0, '12246'), -- Withered Spearhide
(7333, 0, 0, 1, 16, 0, 0, NULL), -- Withered Battle Boar
(7334, 0, 0, 1, 16, 0, 0, NULL), -- Battle Boar Horror
(7335, 0, 0, 1, 16, 0, 0, NULL), -- Death's Head Geomancer
(7337, 0, 0, 1, 16, 0, 0, NULL), -- Death's Head Necromancer
(7341, 0, 0, 1, 16, 0, 0, NULL), -- Skeletal Frostweaver
(7342, 0, 0, 1, 16, 0, 0, NULL), -- Skeletal Summoner
(7343, 0, 0, 1, 16, 10, 0, NULL), -- Splinterbone Skeleton
(7344, 0, 0, 1, 16, 0, 0, NULL), -- Splinterbone Warrior
(7345, 0, 0, 1, 16, 0, 0, NULL), -- Splinterbone Captain
(7346, 0, 0, 1, 16, 0, 0, NULL), -- Splinterbone Centurion
(7347, 0, 0, 1, 16, 0, 0, '12539'), -- Boneflayer Ghoul
(7348, 0, 0, 1, 16, 0, 0, '12539'), -- Thorn Eater Ghoul
(7349, 0, 0, 1, 16, 0, 0, '3616'), -- Tomb Fiend
(7351, 0, 0, 1, 16, 0, 0, '12254'), -- Tomb Reaver
(7352, 0, 0, 1, 16, 0, 0, '12529'), -- Frozen Soul
(7353, 0, 0, 1, 16, 0, 0, '12529'), -- Freezing Spirit
(7354, 0, 0, 1, 16, 0, 0, NULL), -- Ragglesnout
(7355, 0, 0, 1, 16, 0, 0, '8876 12254'), -- Tuten'kash
(7356, 0, 0, 1, 16, 0, 0, '12947'), -- Plaguemaw the Rotting
(7357, 0, 0, 1, 16, 10, 0, NULL), -- Mordresh Fire Eye
(7358, 0, 0, 1, 16, 0, 0, NULL), -- Amnennar the Coldbringer
(8516, 0, 0, 1, 16, 0, 0, '13326'), -- Belnistrasz
(8567, 0, 0, 1, 16, 0, 0, '8876 12627'), -- Glutton
(8662, 0, 0, 1, 16, 0, 0, NULL), -- Idol Oven Fire Target
(8696, 0, 0, 1, 16, 0, 0, NULL), -- Henry Stern
(8767, 0, 0, 1, 16, 0, 0, NULL); -- Sah'rhee

-- INSERT INTO `creature_linking` (`guid`, `master_guid`, `flag`) VALUES

-- INSERT INTO `creature_linking_template` (`entry`, `map`, `master_entry`, `flag`, `search_range`) VALUES

INSERT INTO `creature` (`guid`, `id`, `map`, `position_x`, `position_y`, `position_z`, `orientation`, `spawntimesecsmin`, `spawntimesecsmax`, `spawndist`, `currentwaypoint`, `DeathState`, `MovementType`) VALUES
(@CGUID+1, 2110, 129, 2529.98, 1044.96, 46.5896, 5.9076, 7200, 7200, 5, 0, 0, 1), -- Black Rat
(@CGUID+2, 2110, 129, 2565.81, 1064.54, 53.9985, 6.02139, 7200, 7200, 5, 0, 0, 1), -- Black Rat
(@CGUID+3, 2110, 129, 2567.58, 1087.16, 50.9209, 1.91986, 7200, 7200, 5, 0, 0, 1), -- Black Rat
(@CGUID+4, 2110, 129, 2592.83, 1078.96, 55.2855, 4.79965, 7200, 7200, 5, 0, 0, 1), -- Black Rat
(@CGUID+5, 2110, 129, 2589.57, 987.447, 54.0677, 3.24256, 7200, 7200, 5, 0, 0, 1), -- Black Rat
(@CGUID+6, 2110, 129, 2490.89, 1062.12, 47.3797, 3.15902, 7200, 7200, 5, 0, 0, 1), -- Black Rat
(@CGUID+7, 2110, 129, 2583.58, 954.61, 52.3779, 4.88396, 7200, 7200, 5, 0, 0, 1), -- Black Rat
(@CGUID+8, 2110, 129, 2509.45, 938.436, 47.9613, 0.597633, 7200, 7200, 5, 0, 0, 1), -- Black Rat
(@CGUID+9, 2110, 129, 2531.98, 912.364, 46.1862, 4.73356, 7200, 7200, 5, 0, 0, 1), -- Black Rat
(@CGUID+10, 2110, 129, 2508.49, 923.693, 46.66, 2.68722, 7200, 7200, 5, 0, 0, 1), -- Black Rat
(@CGUID+11, 2110, 129, 2538.41, 876.342, 47.678, 0.56715, 7200, 7200, 5, 0, 0, 1), -- Black Rat
(@CGUID+12, 2110, 129, 2478.27, 939.002, 23.3457, 0.682118, 7200, 7200, 5, 0, 0, 1), -- Black Rat
(@CGUID+13, 2110, 129, 2436.46, 938.903, 36.0352, 3.08782, 7200, 7200, 5, 0, 0, 1), -- Black Rat
(@CGUID+14, 2110, 129, 2452.63, 863.652, 36.8769, 1.0875, 7200, 7200, 5, 0, 0, 1), -- Black Rat
(@CGUID+15, 2110, 129, 2424.16, 985.042, 48.7633, 3.44064, 7200, 7200, 5, 0, 0, 1), -- Black Rat
(@CGUID+16, 2110, 129, 2529.72, 787.464, 46.1969, 3.99177, 7200, 7200, 5, 0, 0, 1), -- Black Rat
(@CGUID+17, 2110, 129, 2476.68, 751.531, 46.0874, 6.20448, 7200, 7200, 5, 0, 0, 1), -- Black Rat
(@CGUID+18, 2110, 129, 2525.27, 724.496, 40.6447, 0.147814, 7200, 7200, 5, 0, 0, 1), -- Black Rat
(@CGUID+19, 2110, 129, 2496.23, 723.902, 54.0114, 1.88067, 7200, 7200, 5, 0, 0, 1), -- Black Rat
(@CGUID+20, 2110, 129, 2571.38, 755.25, 54.6642, 0.418879, 7200, 7200, 5, 0, 0, 1), -- Black Rat
(@CGUID+21, 2110, 129, 2464.17, 710.677, 54.5307, 3.61305, 7200, 7200, 5, 0, 0, 1), -- Black Rat
(@CGUID+22, 2110, 129, 2562.25, 730.46, 54.7394, 2.89779, 7200, 7200, 5, 0, 0, 1), -- Black Rat
(@CGUID+23, 2110, 129, 2571.33, 711.523, 56.0558, 4.18071, 7200, 7200, 5, 0, 0, 1), -- Black Rat
(@CGUID+24, 2110, 129, 2559.34, 709.452, 54.5806, 4.48365, 7200, 7200, 5, 0, 0, 1), -- Black Rat
(@CGUID+25, 2110, 129, 2446.09, 1030.2, 25.1632, 2.85756, 7200, 7200, 5, 0, 0, 1), -- Black Rat
(@CGUID+26, 2110, 129, 2385.57, 996.948, 53.851, 5.34071, 7200, 7200, 5, 0, 0, 1), -- Black Rat
(@CGUID+27, 2110, 129, 2426.1, 1043.16, 24.5254, 2.79305, 7200, 7200, 5, 0, 0, 1), -- Black Rat
(@CGUID+28, 2110, 129, 2406.92, 1094.91, 31.4224, 1.09963, 7200, 7200, 5, 0, 0, 1), -- Black Rat
(@CGUID+29, 4076, 129, 2557.8, 1007.11, 52.113, 3.55984, 7200, 7200, 5, 0, 0, 1), -- Roach
(@CGUID+30, 4076, 129, 2569.3, 960.028, 51.8336, 5.98631, 7200, 7200, 5, 0, 0, 1), -- Roach
(@CGUID+31, 4076, 129, 2478.18, 1057.62, 48.1482, 0.921798, 7200, 7200, 5, 0, 0, 1), -- Roach
(@CGUID+32, 4076, 129, 2473.95, 937.461, 23.6142, 0.242329, 7200, 7200, 5, 0, 0, 1), -- Roach
(@CGUID+33, 4076, 129, 2513.62, 868.48, 47.6034, 1.08098, 7200, 7200, 5, 0, 0, 1), -- Roach
(@CGUID+34, 4076, 129, 2538.74, 849.695, 49.4261, 5.96987, 7200, 7200, 5, 0, 0, 1), -- Roach
(@CGUID+35, 4076, 129, 2499.89, 788.468, 39.4363, 0.242314, 7200, 7200, 5, 0, 0, 1), -- Roach
(@CGUID+36, 4076, 129, 2516.56, 776.68, 47.0266, 5.03702, 7200, 7200, 5, 0, 0, 1), -- Roach
(@CGUID+37, 4076, 129, 2444.88, 842.201, 41.4879, 3.60553, 7200, 7200, 5, 0, 0, 1), -- Roach
(@CGUID+38, 4076, 129, 2484.37, 767.63, 46.1014, 1.18289, 7200, 7200, 5, 0, 0, 1), -- Roach
(@CGUID+39, 4076, 129, 2507.81, 766.568, 39.8522, 6.06717, 7200, 7200, 5, 0, 0, 1), -- Roach
(@CGUID+40, 4076, 129, 2441.35, 822.925, 42.1302, 1.70331, 7200, 7200, 5, 0, 0, 1), -- Roach
(@CGUID+41, 4076, 129, 2488.82, 693.755, 53.7823, 2.32386, 7200, 7200, 5, 0, 0, 1), -- Roach
(@CGUID+42, 4076, 129, 2585.97, 736.487, 55.3385, 5.53362, 7200, 7200, 5, 0, 0, 1), -- Roach
(@CGUID+43, 4076, 129, 2592.43, 725.474, 54.9276, 2.3547, 7200, 7200, 5, 0, 0, 1), -- Roach
(@CGUID+44, 4076, 129, 2485.98, 662.321, 54.5564, 5.41568, 7200, 7200, 5, 0, 0, 1), -- Roach
(@CGUID+45, 4076, 129, 2382.39, 907.831, 28.9527, 3.04518, 7200, 7200, 5, 0, 0, 1), -- Roach
(@CGUID+46, 4076, 129, 2424.75, 995.491, 49.314, 5.03403, 7200, 7200, 5, 0, 0, 1), -- Roach
(@CGUID+47, 4076, 129, 2374.91, 1045.81, 25.2815, 1.39991, 7200, 7200, 5, 0, 0, 1), -- Roach
(@CGUID+48, 4076, 129, 2353.85, 988.55, 40.3621, 2.38338, 7200, 7200, 5, 0, 0, 1), -- Roach
(@CGUID+49, 4076, 129, 2356.35, 1034.41, 25.2192, 2.76465, 7200, 7200, 5, 0, 0, 1), -- Roach
(@CGUID+50, 4076, 129, 2338.8, 1001.96, 26.0338, 1.14298, 7200, 7200, 5, 0, 0, 1), -- Roach
(@CGUID+51, 4076, 129, 2348.33, 973.183, 40.9297, 5.25823, 7200, 7200, 5, 0, 0, 1), -- Roach
(@CGUID+52, 4076, 129, 2350.52, 958.644, 42.5131, 0.219275, 7200, 7200, 5, 0, 0, 1), -- Roach
(@CGUID+53, 4076, 129, 2351.26, 921.057, 28.3562, 5.16281, 7200, 7200, 5, 0, 0, 1), -- Roach
(@CGUID+54, 4076, 129, 2324.85, 964.073, 26.6462, 5.11566, 7200, 7200, 5, 0, 0, 1), -- Roach
(@CGUID+55, 7327, 129, 2595.75, 1046.86, 53.0402, 5.8427, 7200, 7200, 0, 0, 0, 0), -- Withered Warrior
(@CGUID+56, 7327, 129, 2584.2, 997.199, 54.283, 4.68028, 7200, 7200, 0, 0, 0, 0), -- Withered Warrior
(@CGUID+57, 7327, 129, 2555.51, 1010.07, 52.1975, 4.80224, 7200, 7200, 0, 0, 0, 0), -- Withered Warrior
(@CGUID+58, 7327, 129, 2562.1, 968.441, 50.8742, 4.3838, 7200, 7200, 0, 0, 0, 0), -- Withered Warrior
(@CGUID+59, 7327, 129, 2573.84, 937.473, 54.2629, 4.00769, 7200, 7200, 0, 0, 0, 0), -- Withered Warrior
(@CGUID+60, 7328, 129, 2536.55, 964.762, 49.8069, 6.10735, 7200, 7200, 0, 0, 0, 0), -- Withered Reaver
(@CGUID+61, 7328, 129, 2524.11, 934.244, 47.7514, 5.82781, 7200, 7200, 1, 0, 0, 1), -- Withered Reaver
(@CGUID+62, 7328, 129, 2545.39, 905.981, 46.4538, 5.02576, 7200, 7200, 0, 0, 0, 0), -- Withered Reaver
(@CGUID+63, 7328, 129, 2536.95, 878.409, 47.7471, 1.43083, 7200, 7200, 0, 0, 0, 0), -- Withered Reaver
(@CGUID+64, 7328, 129, 2497.72, 936.63, 48.5002, 0.538688, 7200, 7200, 0, 0, 0, 0), -- Withered Reaver
(@CGUID+65, 7328, 129, 2503.81, 862.563, 47.7613, 5.02056, 7200, 7200, 0, 0, 0, 0), -- Withered Reaver
(@CGUID+66, 7328, 129, 2547.62, 852.532, 51.2979, 6.01331, 7200, 7200, 0, 0, 0, 0), -- Withered Reaver
(@CGUID+67, 7328, 129, 2489.1, 797.185, 41.6005, 2.46071, 7200, 7200, 1, 0, 0, 1), -- Withered Reaver
(@CGUID+68, 7328, 129, 2534.98, 791.096, 47.2089, 6.19147, 7200, 7200, 0, 0, 0, 0), -- Withered Reaver
(@CGUID+69, 7328, 129, 2481.94, 768.565, 46.1014, 4.26963, 7200, 7200, 0, 0, 0, 0), -- Withered Reaver
(@CGUID+70, 7328, 129, 2545.74, 738.999, 53.9722, 2.56756, 7200, 7200, 0, 0, 0, 0), -- Withered Reaver
(@CGUID+71, 7329, 129, 2538.89, 969.779, 50.0433, 0.241608, 7200, 7200, 0, 0, 0, 0), -- Withered Quilguard
(@CGUID+72, 7329, 129, 2522.26, 945.682, 48.8541, 1.64132, 7200, 7200, 1, 0, 0, 1), -- Withered Quilguard
(@CGUID+73, 7329, 129, 2538.61, 911.687, 46.1769, 1.27834, 7200, 7200, 0, 0, 0, 0), -- Withered Quilguard
(@CGUID+74, 7329, 129, 2510.35, 913.881, 46.5355, 0.894557, 7200, 7200, 0, 0, 0, 0), -- Withered Quilguard
(@CGUID+75, 7329, 129, 2495.28, 927.812, 48.6501, 5.84932, 7200, 7200, 0, 0, 0, 0), -- Withered Quilguard
(@CGUID+76, 7329, 129, 2497.61, 933.122, 48.3386, 2.33214, 7200, 7200, 0, 0, 0, 0), -- Withered Quilguard
(@CGUID+77, 7329, 129, 2541.62, 878.335, 47.8833, 4.3058, 7200, 7200, 0, 0, 0, 0), -- Withered Quilguard
(@CGUID+78, 7329, 129, 2521.25, 865.376, 47.7613, 3.9555, 7200, 7200, 2, 0, 0, 1), -- Withered Quilguard
(@CGUID+79, 7329, 129, 2552.09, 859.259, 51.6473, 4.33457, 7200, 7200, 0, 0, 0, 0), -- Withered Quilguard
(@CGUID+80, 7329, 129, 2502.49, 854.987, 47.678, 6.09667, 7200, 7200, 0, 0, 0, 0), -- Withered Quilguard
(@CGUID+81, 7329, 129, 2505.11, 848.514, 47.678, 0.56702, 7200, 7200, 0, 0, 0, 0), -- Withered Quilguard
(@CGUID+82, 7329, 129, 2539.85, 849.052, 49.9912, 5.88545, 7200, 7200, 0, 0, 0, 0), -- Withered Quilguard
(@CGUID+83, 7329, 129, 2486.66, 831.659, 44.4343, 4.69989, 7200, 7200, 1, 0, 0, 1), -- Withered Quilguard
(@CGUID+84, 7329, 129, 2495.82, 788.094, 39.5196, 4.04916, 7200, 7200, 1, 0, 0, 1), -- Withered Quilguard
(@CGUID+85, 7329, 129, 2529.28, 797.294, 45.9395, 5.73285, 7200, 7200, 0, 0, 0, 0), -- Withered Quilguard
(@CGUID+86, 7329, 129, 2486.62, 764, 46.1847, 1.61091, 7200, 7200, 0, 0, 0, 0), -- Withered Quilguard
(@CGUID+87, 7329, 129, 2534.37, 750.769, 53.8997, 0.0245, 7200, 7200, 0, 0, 0, 0), -- Withered Quilguard
(@CGUID+88, 7329, 129, 2467.68, 761.222, 46.0943, 5.77056, 7200, 7200, 0, 0, 0, 0), -- Withered Quilguard
(@CGUID+89, 7332, 129, 2578.18, 1024.74, 50.9252, 3.6748, 7200, 7200, 0, 0, 0, 0), -- Withered Spearhide
(@CGUID+90, 7332, 129, 2587.02, 1033.18, 50.4908, 3.7001, 7200, 7200, 0, 1, 0, 2), -- Withered Spearhide
(@CGUID+91, 7332, 129, 2593.87, 1071.76, 54.9835, 1.50789, 7200, 7200, 2, 0, 0, 1), -- Withered Spearhide
(@CGUID+92, 7332, 129, 2553.51, 1003.7, 52.2661, 3.24463, 7200, 7200, 5, 0, 0, 1), -- Withered Spearhide
(@CGUID+93, 7332, 129, 2569.79, 971.022, 50.7828, 3.1765, 7200, 7200, 1, 0, 0, 1), -- Withered Spearhide
(@CGUID+94, 7332, 129, 2574.1, 946.096, 53.3541, 5.55015, 7200, 7200, 1, 0, 0, 1), -- Withered Spearhide
(@CGUID+95, 7332, 129, 2590.17, 961.162, 51.9107, 0.942478, 7200, 7200, 0, 0, 0, 0), -- Withered Spearhide
(@CGUID+96, 7333, 129, 2572.42, 1019.27, 51.6643, 2.04549, 7200, 7200, 1, 0, 0, 1), -- Withered Battle Boar
(@CGUID+97, 7333, 129, 2576.18, 1024.76, 50.8063, 3.49232, 7200, 7200, 1, 0, 0, 1), -- Withered Battle Boar
(@CGUID+98, 7333, 129, 2576.04, 1021.49, 51.3276, 3.7573, 7200, 7200, 1, 0, 0, 1), -- Withered Battle Boar
(@CGUID+99, 7333, 129, 2574.78, 1018.38, 51.7259, 1.13262, 7200, 7200, 1, 0, 0, 1), -- Withered Battle Boar
(@CGUID+100, 7333, 129, 2588.91, 956.452, 52.2107, 4.28424, 7200, 7200, 1, 0, 0, 1), -- Withered Battle Boar
(@CGUID+101, 7333, 129, 2588.1, 952.199, 52.6562, 4.35363, 7200, 7200, 1, 0, 0, 1), -- Withered Battle Boar
(@CGUID+102, 7333, 129, 2585.71, 958.797, 52.1868, 0.226893, 7200, 7200, 1, 0, 0, 1), -- Withered Battle Boar
(@CGUID+103, 7333, 129, 2592.22, 960.386, 51.8804, 1.88311, 7200, 7200, 1, 0, 0, 1), -- Withered Battle Boar
(@CGUID+104, 7334, 129, 2546.41, 885.836, 47.6967, 5.68062, 7200, 7200, 0, 1, 0, 2), -- Battle Boar Horror
(@CGUID+105, 7334, 129, 2530.19, 803.431, 45.5162, 5.32644, 7200, 7200, 0, 1, 0, 2), -- Battle Boar Horror
(@CGUID+106, 7335, 129, 2599.11, 1050.83, 53.7546, 0.693344, 7200, 7200, 1, 0, 0, 1), -- Death's Head Geomancer
(@CGUID+107, 7335, 129, 2560.64, 1006.14, 52.2147, 3.93116, 7200, 7200, 0, 0, 0, 0), -- Death's Head Geomancer
(@CGUID+108, 7335, 129, 2583.86, 994.162, 54.0854, 2.33696, 7200, 7200, 1, 0, 0, 1), -- Death's Head Geomancer
(@CGUID+109, 7335, 129, 2559.65, 965.8, 51.1945, 2.56314, 7200, 7200, 0, 0, 0, 0), -- Death's Head Geomancer
(@CGUID+110, 7335, 129, 2566.57, 941.89, 54.3936, 2.52156, 7200, 7200, 0, 0, 0, 0), -- Death's Head Geomancer
(@CGUID+111, 7337, 129, 2526.98, 938.913, 48.4967, 5.1856, 7200, 7200, 1, 0, 0, 1), -- Death's Head Necromancer
(@CGUID+112, 7337, 129, 2514.52, 916.985, 46.1069, 4.10141, 7200, 7200, 0, 0, 0, 0), -- Death's Head Necromancer
(@CGUID+113, 7337, 129, 2500.72, 940.689, 48.6518, 5.07891, 7200, 7200, 0, 0, 0, 0), -- Death's Head Necromancer
(@CGUID+114, 7337, 129, 2541.38, 883.627, 47.9254, 2.88717, 7200, 7200, 1, 0, 0, 1), -- Death's Head Necromancer
(@CGUID+115, 7337, 129, 2546.83, 858.142, 51.1979, 1.71377, 7200, 7200, 0, 0, 0, 0), -- Death's Head Necromancer
(@CGUID+116, 7337, 129, 2508.09, 855.546, 47.7613, 5.96903, 7200, 7200, 1, 0, 0, 1), -- Death's Head Necromancer
(@CGUID+117, 7337, 129, 2486.05, 824.767, 43.6573, 2.07059, 7200, 7200, 1, 0, 0, 1), -- Death's Head Necromancer
(@CGUID+118, 7337, 129, 2526.72, 786.105, 46.1426, 2.0424, 7200, 7200, 0, 0, 0, 0), -- Death's Head Necromancer
(@CGUID+119, 7337, 129, 2474.61, 763.829, 46.1014, 4.97067, 7200, 7200, 1, 0, 0, 1), -- Death's Head Necromancer
(@CGUID+120, 7337, 129, 2544.26, 746.635, 54.4936, 4.11696, 7200, 7200, 0, 0, 0, 0), -- Death's Head Necromancer
(@CGUID+121, 7341, 129, 2480.11, 939.406, 23.4132, 4.81941, 7200, 7200, 0, 1, 0, 2), -- Skeletal Frostweaver
(@CGUID+122, 7341, 129, 2465, 890.982, 28.7014, 1.41227, 7200, 7200, 0, 0, 0, 0), -- Skeletal Frostweaver
(@CGUID+123, 7341, 129, 2446.91, 1026.77, 25.6188, 3.33788, 7200, 7200, 0, 0, 0, 0), -- Skeletal Frostweaver
(@CGUID+124, 7341, 129, 2462.37, 1019.99, 24.4924, 2.46252, 7200, 7200, 0, 1, 0, 2), -- Skeletal Frostweaver
(@CGUID+125, 7341, 129, 2327.36, 962.132, 26.6932, 3.50811, 7200, 7200, 0, 0, 0, 0), -- Skeletal Frostweaver
(@CGUID+126, 7341, 129, 2348.68, 934.699, 28.4524, 4.76254, 7200, 7200, 0, 0, 0, 0), -- Skeletal Frostweaver
(@CGUID+127, 7342, 129, 2565.01, 1053.82, 52.6331, 3.80795, 7200, 7200, 0, 0, 0, 0), -- Skeletal Summoner
(@CGUID+128, 7342, 129, 2395.8, 928.736, 41.8305, 2.5705, 7200, 7200, 0, 0, 0, 0), -- Skeletal Summoner
(@CGUID+129, 7342, 129, 2422.62, 993.993, 49.2738, 4.24915, 7200, 7200, 0, 0, 0, 0), -- Skeletal Summoner
(@CGUID+130, 7342, 129, 2410.84, 1016.89, 37.1664, 4.52994, 7200, 7200, 0, 0, 0, 0), -- Skeletal Summoner
(@CGUID+131, 7342, 129, 2377.71, 988.825, 54.5183, 0.833919, 7200, 7200, 0, 0, 0, 0), -- Skeletal Summoner
(@CGUID+132, 7342, 129, 2361.95, 979.992, 38.9008, 5.19039, 7200, 7200, 0, 0, 0, 0), -- Skeletal Summoner
(@CGUID+133, 7343, 129, 2463.37, 1015.05, 24.3318, 5.16063, 7200, 7200, 0, 1, 0, 2), -- Splinterbone Skeleton
(@CGUID+134, 7343, 129, 2464.93, 1016.69, 24.3579, 5.19069, 7200, 7200, 0, 1, 0, 2), -- Splinterbone Skeleton
(@CGUID+135, 7343, 129, 2485.14, 686.107, 53.9602, 3.83972, 7200, 7200, 0, 0, 0, 0), -- Splinterbone Skeleton
(@CGUID+136, 7343, 129, 2492.55, 663.143, 53.8691, 2.84489, 7200, 7200, 0, 0, 0, 0), -- Splinterbone Skeleton
(@CGUID+137, 7343, 129, 2488.2, 671.234, 54.487, 3.19395, 7200, 7200, 0, 0, 0, 0), -- Splinterbone Skeleton
(@CGUID+138, 7343, 129, 2485.39, 679.566, 54.1661, 3.52556, 7200, 7200, 0, 0, 0, 0), -- Splinterbone Skeleton
(@CGUID+139, 7343, 129, 2473.98, 664.482, 56.1041, 2.14675, 7200, 7200, 0, 0, 0, 0), -- Splinterbone Skeleton
(@CGUID+140, 7343, 129, 2483.52, 657.603, 54.6616, 2.42601, 7200, 7200, 0, 0, 0, 0), -- Splinterbone Skeleton
(@CGUID+141, 7343, 129, 2481.66, 661.203, 54.7497, 2.53073, 7200, 7200, 0, 0, 0, 0), -- Splinterbone Skeleton
(@CGUID+142, 7343, 129, 2475.74, 656.953, 54.7683, 2.14675, 7200, 7200, 0, 0, 0, 0), -- Splinterbone Skeleton
(@CGUID+143, 7343, 129, 2486.11, 664.82, 54.6754, 2.58309, 7200, 7200, 0, 0, 0, 0), -- Splinterbone Skeleton
(@CGUID+144, 7343, 129, 2478.84, 665.902, 54.9314, 2.74017, 7200, 7200, 0, 0, 0, 0), -- Splinterbone Skeleton
(@CGUID+145, 7343, 129, 2480.26, 650.968, 54.614, 2.11185, 7200, 7200, 0, 0, 0, 0), -- Splinterbone Skeleton
(@CGUID+146, 7343, 129, 2479.31, 680.78, 54.7516, 3.82227, 7200, 7200, 0, 0, 0, 0), -- Splinterbone Skeleton
(@CGUID+147, 7343, 129, 2483.96, 668.421, 54.7603, 3.01942, 7200, 7200, 0, 0, 0, 0), -- Splinterbone Skeleton
(@CGUID+148, 7343, 129, 2477.48, 670.657, 56.22, 2.6529, 7200, 7200, 0, 0, 0, 0), -- Splinterbone Skeleton
(@CGUID+149, 7343, 129, 2484.18, 674.849, 54.4412, 3.31613, 7200, 7200, 0, 0, 0, 0), -- Splinterbone Skeleton
(@CGUID+150, 7343, 129, 2480.66, 672.89, 55.4045, 3.29867, 7200, 7200, 0, 0, 0, 0), -- Splinterbone Skeleton
(@CGUID+151, 7343, 129, 2478.42, 676.464, 56.0468, 3.63029, 7200, 7200, 0, 0, 0, 0), -- Splinterbone Skeleton
(@CGUID+152, 7343, 129, 2469.93, 654.411, 54.8092, 1.64061, 7200, 7200, 0, 0, 0, 0), -- Splinterbone Skeleton
(@CGUID+153, 7343, 129, 2470.41, 659.764, 55.4709, 1.72788, 7200, 7200, 0, 0, 0, 0), -- Splinterbone Skeleton
(@CGUID+154, 7343, 129, 2473.03, 645.964, 54.614, 1.74533, 7200, 7200, 0, 0, 0, 0), -- Splinterbone Skeleton
(@CGUID+155, 7343, 129, 2475.16, 651.54, 54.6277, 1.90241, 7200, 7200, 0, 0, 0, 0), -- Splinterbone Skeleton
(@CGUID+156, 7343, 129, 2469, 649.315, 54.6841, 1.5708, 7200, 7200, 0, 0, 0, 0), -- Splinterbone Skeleton
(@CGUID+157, 7343, 129, 2378.48, 908.439, 28.8267, 5.67051, 7200, 7200, 0, 0, 0, 0), -- Splinterbone Skeleton
(@CGUID+158, 7343, 129, 2378.29, 911.018, 29.2085, 5.81243, 7200, 7200, 0, 0, 0, 0), -- Splinterbone Skeleton
(@CGUID+159, 7343, 129, 2450.35, 987.236, 36.5326, 1.28796, 7200, 7200, 0, 1, 0, 2), -- Splinterbone Skeleton
(@CGUID+160, 7343, 129, 2443.19, 954.093, 35.91, 1.28839, 7200, 7200, 0, 1, 0, 2), -- Splinterbone Skeleton
(@CGUID+161, 7344, 129, 2481.96, 995.563, 23.798, 2.49086, 7200, 7200, 0, 0, 0, 0), -- Splinterbone Warrior
(@CGUID+162, 7344, 129, 2472.65, 986.829, 23.6995, 5.35144, 7200, 7200, 0, 0, 0, 0), -- Splinterbone Warrior
(@CGUID+163, 7344, 129, 2464.48, 920.529, 26.0583, 3.2304, 7200, 7200, 0, 0, 0, 0), -- Splinterbone Warrior
(@CGUID+164, 7344, 129, 2465.06, 912.662, 26.7746, 4.53875, 7200, 7200, 0, 0, 0, 0), -- Splinterbone Warrior
(@CGUID+165, 7344, 129, 2438.66, 935.016, 35.5474, 2.16991, 7200, 7200, 0, 0, 0, 0), -- Splinterbone Warrior
(@CGUID+166, 7344, 129, 2441.98, 942.201, 35.4881, 0.943392, 7200, 7200, 0, 0, 0, 0), -- Splinterbone Warrior
(@CGUID+167, 7344, 129, 2435.25, 941.115, 36.3236, 1.37881, 7200, 7200, 0, 0, 0, 0), -- Splinterbone Warrior
(@CGUID+168, 7344, 129, 2382.87, 910.678, 29.4963, 3.43725, 7200, 7200, 0, 0, 0, 0), -- Splinterbone Warrior
(@CGUID+169, 7344, 129, 2374.68, 906.513, 28.7459, 5.33118, 7200, 7200, 0, 0, 0, 0), -- Splinterbone Warrior
(@CGUID+170, 7344, 129, 2452.46, 1028.93, 24.9032, 1.62255, 7200, 7200, 0, 0, 0, 0), -- Splinterbone Warrior
(@CGUID+171, 7344, 129, 2447.63, 1036.05, 24.645, 2.7683, 7200, 7200, 0, 0, 0, 0), -- Splinterbone Warrior
(@CGUID+172, 7344, 129, 2413.04, 1025.87, 37.8776, 4.18879, 7200, 7200, 0, 0, 0, 0), -- Splinterbone Warrior
(@CGUID+173, 7344, 129, 2344.45, 1026.54, 25.5295, 0.956109, 7200, 7200, 0, 0, 0, 0), -- Splinterbone Warrior
(@CGUID+174, 7344, 129, 2347.51, 1016.1, 25.6402, 0.769891, 7200, 7200, 0, 0, 0, 0), -- Splinterbone Warrior
(@CGUID+175, 7344, 129, 2318.8, 975.584, 26.6544, 5.61897, 7200, 7200, 0, 0, 0, 0), -- Splinterbone Warrior
(@CGUID+176, 7344, 129, 2327.83, 974.187, 26.875, 3.83972, 7200, 7200, 0, 0, 0, 0), -- Splinterbone Warrior
(@CGUID+177, 7344, 129, 2337.41, 925.211, 28.3051, 3.87935, 7200, 7200, 0, 0, 0, 0), -- Splinterbone Warrior
(@CGUID+178, 7344, 129, 2319.55, 964.231, 26.8144, 0.220178, 7200, 7200, 0, 0, 0, 0), -- Splinterbone Warrior
(@CGUID+179, 7344, 129, 2337.26, 934.076, 27.8436, 2.89744, 7200, 7200, 0, 0, 0, 0), -- Splinterbone Warrior
(@CGUID+180, 7345, 129, 2389.48, 929.097, 41.4792, 1.56939, 7200, 7200, 0, 0, 0, 0), -- Splinterbone Captain
(@CGUID+181, 7345, 129, 2378.63, 981.219, 55.0525, 4.62224, 7200, 7200, 0, 0, 0, 0), -- Splinterbone Captain
(@CGUID+182, 7346, 129, 2501.05, 1058.7, 47.6281, 2.73081, 7200, 7200, 0, 0, 0, 0), -- Splinterbone Centurion
(@CGUID+183, 7346, 129, 2506.8, 1052.82, 47.6555, 3.39876, 7200, 7200, 0, 0, 0, 0), -- Splinterbone Centurion
(@CGUID+184, 7346, 129, 2457.98, 971.792, 36.5285, 4.31884, 7200, 7200, 0, 0, 0, 0), -- Splinterbone Centurion
(@CGUID+185, 7346, 129, 2448.97, 974.833, 36.1718, 3.88879, 7200, 7200, 0, 0, 0, 0), -- Splinterbone Centurion
(@CGUID+186, 7346, 129, 2432.9, 984.435, 48.7186, 0.52512, 7200, 7200, 0, 0, 0, 0), -- Splinterbone Centurion
(@CGUID+187, 7346, 129, 2404.51, 928.312, 42.7047, 5.3209, 7200, 7200, 0, 0, 0, 0), -- Splinterbone Centurion
(@CGUID+188, 7346, 129, 2424.14, 985.837, 48.9103, 2.23633, 7200, 7200, 0, 0, 0, 0), -- Splinterbone Centurion
(@CGUID+189, 7346, 129, 2404.7, 937.682, 44.75, 0, 7200, 7200, 0, 0, 0, 0), -- Splinterbone Centurion
(@CGUID+190, 7346, 129, 2399.11, 934.285, 43.2484, 1.81994, 7200, 7200, 0, 0, 0, 0), -- Splinterbone Centurion
(@CGUID+191, 7346, 129, 2392.55, 934.378, 42.7592, 5.2715, 7200, 7200, 0, 0, 0, 0), -- Splinterbone Centurion
(@CGUID+192, 7346, 129, 2404.72, 1012.56, 37.7316, 5.0058, 7200, 7200, 0, 0, 0, 0), -- Splinterbone Centurion
(@CGUID+193, 7346, 129, 2433.27, 1019.12, 37.1386, 1.73413, 7200, 7200, 0, 0, 0, 0), -- Splinterbone Centurion
(@CGUID+194, 7346, 129, 2428.29, 1016.82, 37.0896, 3.59712, 7200, 7200, 0, 0, 0, 0), -- Splinterbone Centurion
(@CGUID+195, 7346, 129, 2387.8, 995.696, 53.7325, 0.837758, 7200, 7200, 0, 0, 0, 0), -- Splinterbone Centurion
(@CGUID+196, 7346, 129, 2380.55, 994.654, 53.8726, 1.3179, 7200, 7200, 0, 0, 0, 0), -- Splinterbone Centurion
(@CGUID+197, 7346, 129, 2384.98, 989.438, 54.096, 0.407338, 7200, 7200, 0, 0, 0, 0), -- Splinterbone Centurion
(@CGUID+198, 7346, 129, 2383.98, 983.521, 55.111, 1.73634, 7200, 7200, 0, 0, 0, 0), -- Splinterbone Centurion
(@CGUID+199, 7346, 129, 2407.26, 1024.9, 37.6334, 1.21404, 7200, 7200, 0, 0, 0, 0), -- Splinterbone Centurion
(@CGUID+200, 7346, 129, 2465.52, 1057.29, 48.1456, 4.13079, 7200, 7200, 0, 0, 0, 0), -- Splinterbone Centurion
(@CGUID+201, 7346, 129, 2468.74, 1062.34, 47.7956, 4.03171, 7200, 7200, 0, 0, 0, 0), -- Splinterbone Centurion
(@CGUID+202, 7346, 129, 2478.47, 1077.25, 47.6991, 4.61104, 7200, 7200, 0, 0, 0, 0), -- Splinterbone Centurion
(@CGUID+203, 7346, 129, 2469.44, 1073.88, 47.8208, 5.67638, 7200, 7200, 0, 0, 0, 0), -- Splinterbone Centurion
(@CGUID+204, 7346, 129, 2475.1, 1079.74, 47.7214, 0.473428, 7200, 7200, 0, 0, 0, 0), -- Splinterbone Centurion
(@CGUID+205, 7346, 129, 2399.97, 1087.21, 31.5187, 5.9572, 7200, 7200, 0, 0, 0, 0), -- Splinterbone Centurion
(@CGUID+206, 7346, 129, 2405.98, 1091.24, 31.602, 0.418879, 7200, 7200, 0, 0, 0, 0), -- Splinterbone Centurion
(@CGUID+207, 7346, 129, 2401.18, 1098.33, 31.5187, 2.49671, 7200, 7200, 0, 0, 0, 0), -- Splinterbone Centurion
(@CGUID+208, 7346, 129, 2355.35, 952.518, 41.8526, 4.45059, 7200, 7200, 0, 0, 0, 0), -- Splinterbone Centurion
(@CGUID+209, 7346, 129, 2349.87, 971.238, 41.0663, 4.2586, 7200, 7200, 0, 0, 0, 0), -- Splinterbone Centurion
(@CGUID+210, 7346, 129, 2349.79, 978.606, 39.8992, 1.10869, 7200, 7200, 0, 0, 0, 0), -- Splinterbone Centurion
(@CGUID+211, 7346, 129, 2358.89, 946.276, 42.0763, 4.32424, 7200, 7200, 0, 0, 0, 0), -- Splinterbone Centurion
(@CGUID+212, 7347, 129, 2558.54, 1047.76, 51.3461, 3.28056, 7200, 7200, 0, 0, 0, 0), -- Boneflayer Ghoul
(@CGUID+213, 7347, 129, 2567.77, 1061.9, 53.6076, 1.63284, 7200, 7200, 0, 0, 0, 0), -- Boneflayer Ghoul
(@CGUID+214, 7347, 129, 2499.73, 1054.28, 47.5968, 5.95304, 7200, 7200, 0, 0, 0, 0), -- Boneflayer Ghoul
(@CGUID+215, 7347, 129, 2483.2, 1068.46, 47.4003, 2.01005, 7200, 7200, 0, 0, 0, 0), -- Boneflayer Ghoul
(@CGUID+216, 7347, 129, 2451.44, 967.506, 36.062, 4.30387, 7200, 7200, 0, 0, 0, 0), -- Boneflayer Ghoul
(@CGUID+217, 7347, 129, 2454.7, 977.548, 35.7163, 4.43857, 7200, 7200, 0, 0, 0, 0), -- Boneflayer Ghoul
(@CGUID+218, 7347, 129, 2429.22, 979.017, 48.1471, 5.62966, 7200, 7200, 0, 0, 0, 0), -- Boneflayer Ghoul
(@CGUID+219, 7347, 129, 2392.3, 996.693, 53.4884, 4.48944, 7200, 7200, 0, 1, 0, 2), -- Boneflayer Ghoul
(@CGUID+220, 7347, 129, 2438.43, 1011.83, 38.1357, 3.60922, 7200, 7200, 0, 0, 0, 0), -- Boneflayer Ghoul
(@CGUID+221, 7347, 129, 2433.58, 1013.44, 37.3792, 3.92188, 7200, 7200, 0, 0, 0, 0), -- Boneflayer Ghoul
(@CGUID+222, 7347, 129, 2398.27, 1017.29, 37.4545, 3.09463, 7200, 7200, 0, 0, 0, 0), -- Boneflayer Ghoul
(@CGUID+223, 7347, 129, 2470.98, 1055.94, 48.3419, 2.04848, 7200, 7200, 0, 0, 0, 0), -- Boneflayer Ghoul
(@CGUID+224, 7347, 129, 2485.51, 1078.35, 47.6169, 0.039764, 7200, 7200, 0, 0, 0, 0), -- Boneflayer Ghoul
(@CGUID+225, 7347, 129, 2397.3, 1092.92, 31.5187, 2.62714, 7200, 7200, 0, 0, 0, 0), -- Boneflayer Ghoul
(@CGUID+226, 7347, 129, 2357.88, 987.066, 39.0074, 2.52523, 7200, 7200, 0, 0, 0, 0), -- Boneflayer Ghoul
(@CGUID+227, 7347, 129, 2364.35, 945.539, 42.0123, 6.07286, 7200, 7200, 0, 0, 0, 0), -- Boneflayer Ghoul
(@CGUID+228, 7347, 129, 2363.77, 950.51, 41.4413, 1.71042, 7200, 7200, 0, 0, 0, 0), -- Boneflayer Ghoul
(@CGUID+229, 7348, 129, 2473.36, 993.727, 23.3727, 2.87391, 7200, 7200, 0, 0, 0, 0), -- Thorn Eater Ghoul
(@CGUID+230, 7348, 129, 2470.26, 920.407, 25.7429, 0.488461, 7200, 7200, 0, 0, 0, 0), -- Thorn Eater Ghoul
(@CGUID+231, 7348, 129, 2437.93, 947.161, 35.9655, 2.56806, 7200, 7200, 0, 0, 0, 0), -- Thorn Eater Ghoul
(@CGUID+232, 7348, 129, 2465.01, 886.877, 29.0198, 1.27452, 7200, 7200, 0, 0, 0, 0), -- Thorn Eater Ghoul
(@CGUID+233, 7348, 129, 2379.5, 902.078, 29.1142, 6.26162, 7200, 7200, 0, 0, 0, 0), -- Thorn Eater Ghoul
(@CGUID+234, 7348, 129, 2442.37, 1031.18, 25.3254, 0.052807, 7200, 7200, 0, 0, 0, 0), -- Thorn Eater Ghoul
(@CGUID+235, 7348, 129, 2453.93, 1036.68, 24.7171, 5.48754, 7200, 7200, 0, 0, 0, 0), -- Thorn Eater Ghoul
(@CGUID+236, 7348, 129, 2460.89, 1018.88, 24.5396, 2.44461, 7200, 7200, 0, 1, 0, 2), -- Thorn Eater Ghoul
(@CGUID+237, 7348, 129, 2349.16, 1021.62, 25.3076, 3.54302, 7200, 7200, 0, 0, 0, 0), -- Thorn Eater Ghoul
(@CGUID+238, 7348, 129, 2322.84, 968.958, 26.6545, 4.58991, 7200, 7200, 0, 0, 0, 0), -- Thorn Eater Ghoul
(@CGUID+239, 7348, 129, 2342.49, 930.757, 27.9854, 2.31183, 7200, 7200, 0, 0, 0, 0), -- Thorn Eater Ghoul
(@CGUID+240, 7352, 129, 2480.73, 989.421, 23.7133, 4.44082, 7200, 7200, 0, 0, 0, 0), -- Frozen Soul
(@CGUID+241, 7352, 129, 2478.47, 940.218, 23.2707, 4.81938, 7200, 7200, 0, 1, 0, 2), -- Frozen Soul
(@CGUID+242, 7352, 129, 2470.12, 913.654, 26.6391, 1.6057, 7200, 7200, 0, 0, 0, 0), -- Frozen Soul
(@CGUID+243, 7352, 129, 2467.07, 891.052, 28.4543, 1.44223, 7200, 7200, 0, 0, 0, 0), -- Frozen Soul
(@CGUID+244, 7352, 129, 2446.11, 938.189, 35.1279, 0.437342, 7200, 7200, 0, 0, 0, 0), -- Frozen Soul
(@CGUID+245, 7352, 129, 2462.88, 886.735, 29.3683, 1.27455, 7200, 7200, 0, 0, 0, 0), -- Frozen Soul
(@CGUID+246, 7352, 129, 2375.5, 915.706, 29.6314, 2.26721, 7200, 7200, 0, 0, 0, 0), -- Frozen Soul
(@CGUID+247, 7352, 129, 2355.65, 1023.64, 25.5178, 3.41611, 7200, 7200, 0, 0, 0, 0), -- Frozen Soul
(@CGUID+248, 7353, 129, 2559.09, 1052.18, 51.5293, 3.18938, 7200, 7200, 0, 0, 0, 0), -- Freezing Spirit
(@CGUID+249, 7353, 129, 2561.93, 1058.15, 52.8307, 5.28222, 7200, 7200, 0, 0, 0, 0), -- Freezing Spirit
(@CGUID+250, 7353, 129, 2495.63, 1062.68, 47.5377, 4.14281, 7200, 7200, 0, 0, 0, 0), -- Freezing Spirit
(@CGUID+251, 7353, 129, 2392.46, 933.458, 42.46, 4.48956, 7200, 7200, 0, 1, 0, 2), -- Freezing Spirit
(@CGUID+252, 7353, 129, 2473.98, 1058.94, 48.3419, 1.13317, 7200, 7200, 0, 0, 0, 0), -- Freezing Spirit
(@CGUID+253, 7353, 129, 2475.05, 1073.15, 47.6738, 5.15106, 7200, 7200, 0, 0, 0, 0), -- Freezing Spirit
(@CGUID+254, 7353, 129, 2397.34, 1102.37, 31.602, 6.2712, 7200, 7200, 0, 0, 0, 0), -- Freezing Spirit
(@CGUID+255, 7354, 129, 2364.75, 904.524, 28.7671, 0.304753, 7200, 7200, 5, 0, 0, 1), -- Ragglesnout
(@CGUID+256, 7357, 129, 2466.62, 671.443, 63.4694, 5.55015, 36000, 36000, 0, 0, 0, 0), -- Mordresh Fire Eye
(@CGUID+257, 7358, 129, 2403.37, 960.93, 55.1437, 2.33874, 36000, 36000, 0, 0, 0, 0), -- Amnennar the Coldbringer
(@CGUID+258, 8516, 129, 2610.66, 730.583, 54.6521, 3.4383, 7200, 7200, 0, 0, 0, 0), -- Belnistrasz
(@CGUID+259, 8567, 129, 2468.71, 1006.83, 23.7573, 6.11095, 36000, 36000, 0, 1, 0, 2), -- Glutton
(@CGUID+260, 8662, 129, 2581.81, 942.588, 62.2902, 0.820305, 7200, 7200, 0, 0, 0, 0), -- Idol Oven Fire Target
(@CGUID+261, 8696, 129, 2603.03, 705.568, 54.9087, 2.04204, 7200, 7200, 0, 0, 0, 0), -- Henry Stern
(@CGUID+262, 8767, 129, 2567.37, 686.373, 55.2735, 2.23402, 7200, 7200, 0, 0, 0, 0); -- Sah'rhee

-- ===========
-- GAMEOBJECTS
-- ===========

INSERT INTO `gameobject` (`guid`, `id`, `map`, `position_x`, `position_y`, `position_z`, `orientation`, `rotation0`, `rotation1`, `rotation2`, `rotation3`, `spawntimesecsmin`, `spawntimesecsmax`, `animprogress`, `state`) VALUES
(@OGUID+1, 1628, 129, 2422, 982.551, 48.5452, -0.20944, 0, 0, -0.104529, 0.994522, 7200, 7200, 100, 1), -- Grave Moss
(@OGUID+2, 1628, 129, 2599.42, 701.18, 55.4969, 1.3439, 0, 0, 0.622513, 0.782609, 7200, 7200, 100, 1), -- Grave Moss
(@OGUID+3, 1628, 129, 2501.06, 666.093, 53.2512, 0.314159, 0, 0, 0.156434, 0.987688, 7200, 7200, 100, 1), -- Grave Moss
(@OGUID+4, 1628, 129, 2459.58, 673.032, 63.7238, 0.349066, 0, 0, 0.173648, 0.984808, 7200, 7200, 100, 1), -- Grave Moss
(@OGUID+5, 2046, 129, 2413.38, 939.964, 45.2382, -0.663225, 0, 0, -0.325568, 0.945519, 7200, 7200, 100, 1), -- Goldthorn
(@OGUID+6, 2046, 129, 2582.36, 693.47, 56.6378, -0.645772, 0, 0, -0.317305, 0.948324, 7200, 7200, 100, 1), -- Goldthorn
-- 7-32
(@OGUID+33, 40198, 129, 2409.97, 954.724, 54.7089, 3.14159, 0, 0, 1, 0, 5400, 5400, 100, 1), -- Fire
(@OGUID+34, 40199, 129, 2394.63, 886.028, 55.4499, 3.14159, 0, 0, 1, 0, 5400, 5400, 100, 1), -- Fire
(@OGUID+35, 40200, 129, 2399.8, 893.103, 39.144, 3.14159, 0, 0, 1, 0, 5400, 5400, 100, 1), -- Fire
(@OGUID+36, 40201, 129, 2361.76, 965.172, 39.826, 3.14159, 0, 0, 1, 0, 5400, 5400, 100, 1), -- Fire
(@OGUID+37, 75300, 129, 2502.75, 944.867, 49.1772, -2.05949, 0, 0, 0.857167, -0.515038, 86400, 86400, 100, 1), -- Large Solid Chest
(@OGUID+38, 75300, 129, 2358.62, 966.718, 40.2895, 1.309, 0, 0, 0.608761, 0.793353, 86400, 86400, 100, 1), -- Large Solid Chest
(@OGUID+39, 142141, 129, 2479.97, 1006.34, 24.0507, -2.32129, 0, 0, -0.91706, 0.398748, 7200, 7200, 100, 1), -- Arthas' Tears
(@OGUID+40, 142141, 129, 2536.55, 736.053, 53.7239, 3.05433, 0, 0, 0.999048, 0.0436174, 7200, 7200, 100, 1), -- Arthas' Tears
(@OGUID+41, 142141, 129, 2423.88, 1027.32, 38.2242, -2.3911, 0, 0, -0.930417, 0.366502, 7200, 7200, 100, 1), -- Arthas' Tears
(@OGUID+42, 148843, 129, 2436.99, 1058.62, 59.6726, 3.14159, 0, 0, 1, 0, 5400, 5400, 100, 1), -- Fire
(@OGUID+43, 148844, 129, 2427.53, 1051.77, 40.9434, 3.14159, 0, 0, 1, 0, 5400, 5400, 100, 1), -- Fire
(@OGUID+44, 148845, 129, 2416.99, 1032.8, 39.0779, 3.13659, -0.024268, -0.079424, 0.996545, 0.000572, 5400, 5400, 100, 1), -- Fire
(@OGUID+45, 148846, 129, 2439.52, 996.783, 49.2134, 2.73448, 0.008101, 0.107634, 0.97333, 0.202428, 5400, 5400, 100, 1), -- Fire
(@OGUID+46, 148847, 129, 2459.19, 956.073, 35.414, 3.14086, -0.005169, -0.03555, 0.999355, 0.000184, 5400, 5400, 100, 1), -- Fire
(@OGUID+47, 148848, 129, 2529.56, 858.371, 48.5066, 3.03737, -0.240603, -0.002895, 0.969493, 0.046745, 5400, 5400, 100, 1), -- Fire
(@OGUID+48, 148849, 129, 2455.71, 925.767, 48.1272, 3.14159, 0, 0, 1, 0, 5400, 5400, 100, 1), -- Fire
(@OGUID+49, 148850, 129, 2563.35, 1000.16, 61.1681, 3.14159, 0, 0, 1, 0, 5400, 5400, 100, 1), -- Fire
(@OGUID+50, 148851, 129, 2358.82, 903.675, 28.7906, 3.14159, 0, 0, 1, 0, 5400, 5400, 100, 1), -- Fire
(@OGUID+51, 148852, 129, 2360.86, 889.033, 60.6865, 3.14159, 0, 0, 1, 0, 5400, 5400, 100, 1), -- Fire
(@OGUID+52, 148853, 129, 2341.9, 902.615, 54.8697, 3.14159, 0, 0, 1, 0, 5400, 5400, 100, 1), -- Fire
(@OGUID+53, 148854, 129, 2328.17, 922.935, 51.7426, 3.14159, 0, 0, 1, 0, 5400, 5400, 100, 1), -- Fire
(@OGUID+54, 148855, 129, 2325.3, 908.668, 58.5663, 3.14159, 0, 0, 1, 0, 5400, 5400, 100, 1), -- Fire
(@OGUID+55, 148856, 129, 2323.65, 1008.87, 51.9277, 3.14159, 0, 0, 1, 0, 5400, 5400, 100, 1), -- Fire
(@OGUID+56, 148857, 129, 2312.43, 989.682, 58.8116, 2.53945, 0, 0, 0.95502, 0.296542, 5400, 5400, 100, 1), -- Fire
(@OGUID+57, 148858, 129, 2516.57, 881.267, 61.1051, 0.200713, 0, 0, 0.100188, 0.994969, 5400, 5400, 100, 1), -- Fire
(@OGUID+58, 148859, 129, 2499.28, 667.883, 54.6696, -2.01979, 0.083072, -0.074296, -0.843264, 0.525818, 5400, 5400, 100, 1), -- Fire
(@OGUID+59, 148860, 129, 2543.6, 850.734, 51.312, -3.13662, -0.021938, 0.008126, 0.999724, -0.002306, 5400, 5400, 100, 1), -- Fire
(@OGUID+60, 148861, 129, 2544.21, 865.916, 49.7136, 3.11186, -0.211319, 0.047258, 0.975977, 0.02409, 5400, 5400, 100, 1), -- Fire
(@OGUID+61, 148862, 129, 2459.83, 641.64, 55.662, -2.01979, 0.083072, -0.074296, -0.843264, 0.525818, 5400, 5400, 100, 1), -- Fire
(@OGUID+62, 148863, 129, 2433.28, 653.952, 55.7454, -2.01979, 0.083072, -0.074296, -0.843264, 0.525818, 5400, 5400, 100, 1), -- Fire
(@OGUID+63, 148864, 129, 2455.52, 698.852, 55.8303, -2.01979, 0.083072, -0.074296, -0.843264, 0.525818, 5400, 5400, 100, 1), -- Fire
(@OGUID+64, 148917, 129, 2552.44, 856.984, 51.495, 2.68781, 0, 0, 0.97437, 0.224951, 5400, 5400, 100, 1), -- Gong
(@OGUID+65, 151951, 129, 2586.83, 937.335, 54.6307, 0.087266, 0, 0, 0.043619, 0.999048, 5400, 5400, 100, 1), -- Idol Oven Fire
(@OGUID+66, 151952, 129, 2590.95, 944.905, 63.5354, 2.49582, 0, 0, 0.948324, 0.317305, 5400, 5400, 100, 1), -- Idol Cup Fire
(@OGUID+67, 151952, 129, 2579.3, 933.342, 63.8774, 2.49582, 0, 0, 0.948324, 0.317305, 5400, 5400, 100, 1), -- Idol Cup Fire
(@OGUID+68, 151973, 129, 2582.49, 941.554, 64.2574, 1.51844, 0, 0, 0.688355, 0.725374, 5400, 5400, 100, 1), -- Idol Mouth Fire
(@OGUID+69, 152097, 129, 2577.196, 947.0781, 53.16757, 2.356195, 0, 0, 0, 0, -100, -100, 100, 1), -- Belnistrasz's Brazier
(@OGUID+70, 157816, 129, 2586.09, 765.225, 55.132, 3.14159, 0, 0, 1, 0, 5400, 5400, 100, 1), -- Holding Pen
(@OGUID+71, 157817, 129, 2605.48, 726.652, 55.132, 3.14159, 0, 0, 1, 0, 5400, 5400, 100, 1), -- Holding Pen
(@OGUID+72, 157818, 129, 2600.1, 709.109, 55.132, 3.14159, 0, 0, 1, 0, 5400, 5400, 100, 1), -- Holding Pen
(@OGUID+73, 157819, 129, 2581.85, 698.974, 55.132, 3.14159, 0, 0, 1, 0, 5400, 5400, 100, 1), -- Holding Pen
(@OGUID+74, 157820, 129, 2561.65, 692.778, 55.132, 3.14159, 0, 0, 1, 0, 5400, 5400, 100, 1), -- Holding Pen
(@OGUID+75, 75300, 129, 2435.01, 995.961, 49.3044, 1.37881, 0, 0, 0.636078, 0.771625, 86400, 86400, 100, 1); -- Large Solid Chest

-- ======
-- EVENTS
-- ======

-- INSERT INTO `game_event_creature` (`guid`, `event`) VALUES

-- INSERT INTO `game_event_creature_data` (`guid`, `entry_id`, `modelid`, `equipment_id`, `spell_start`, `spell_end`, `event`) VALUES

-- INSERT INTO `game_event_gameobject` (`guid`, `event`) VALUES

-- =======
-- POOLING
-- =======

-- INSERT INTO `pool_pool` (`pool_id`, `mother_pool`, `chance`, `description`) VALUES

INSERT INTO `pool_template` (`entry`, `max_limit`, `description`) VALUES
(@PGUID+1, 1, 'Razorfen Downs - Ragglesnout (7354)'),
(@PGUID+23, 1, 'Razorfen Downs - Master Chest Pool');

INSERT INTO `pool_creature` (`guid`, `pool_entry`, `chance`, `description`) VALUES
(@CGUID+169, @PGUID+1, 70, 'Razorfen Downs - Alternate creature to Ragglesnout (7354)'),
(@CGUID+255, @PGUID+1, 30, 'Razorfen Downs - Ragglesnout (7354)');

-- INSERT INTO `pool_creature_template` (`id`, `pool_entry`, `chance`, `description`) VALUES

INSERT INTO `pool_gameobject` (`guid`, `pool_entry`, `chance`, `description`) VALUES
(@OGUID+37, @PGUID+23, 0, 'Razorfen Downs - Large Solid Chest (75300)'),
(@OGUID+38, @PGUID+23, 0, 'Razorfen Downs - Large Solid Chest (75300)'),
(@OGUID+75, @PGUID+23, 0, 'Razorfen Downs - Large Solid Chest (75300)');

-- INSERT INTO `pool_gameobject_template` (`id`, `pool_entry`, `chance`, `description`) VALUES

-- =========
-- DBSCRIPTS
-- =========

-- INSERT INTO `dbscripts_on_creature_movement` (`id`, `delay`, `command`, `datalong`, `datalong2`, `datalong3`, `buddy_entry`, `search_radius`, `data_flags`, `dataint`, `dataint2`, `dataint3`, `dataint4`, `x`, `y`, `z`, `o`, `comments`) VALUES
-- INSERT INTO `dbscripts_on_creature_death` (`id`, `delay`, `command`, `datalong`, `datalong2`, `datalong3`, `buddy_entry`, `search_radius`, `data_flags`, `dataint`, `dataint2`, `dataint3`, `dataint4`, `x`, `y`, `z`, `o`, `comments`) VALUES
-- INSERT INTO `dbscripts_on_go_use` (`id`, `delay`, `command`, `datalong`, `datalong2`, `datalong3`, `buddy_entry`, `search_radius`, `data_flags`, `dataint`, `dataint2`, `dataint3`, `dataint4`, `x`, `y`, `z`, `o`, `comments`) VALUES
-- INSERT INTO `dbscripts_on_go_template_use` (`id`, `delay`, `command`, `datalong`, `datalong2`, `datalong3`, `buddy_entry`, `search_radius`, `data_flags`, `dataint`, `dataint2`, `dataint3`, `dataint4`, `x`, `y`, `z`, `o`, `comments`) VALUES
-- INSERT INTO `dbscripts_on_relay` (`id`, `delay`, `command`, `datalong`, `datalong2`, `datalong3`, `buddy_entry`, `search_radius`, `data_flags`, `dataint`, `dataint2`, `dataint3`, `dataint4`, `x`, `y`, `z`, `o`, `comments`) VALUES
-- INSERT INTO `dbscripts_on_event` (`id`, `delay`, `command`, `datalong`, `datalong2`, `datalong3`, `buddy_entry`, `search_radius`, `data_flags`, `dataint`, `dataint2`, `dataint3`, `dataint4`, `x`, `y`, `z`, `o`, `comments`) VALUES
-- INSERT INTO `dbscripts_on_spell` (`id`, `delay`, `command`, `datalong`, `datalong2`, `datalong3`, `buddy_entry`, `search_radius`, `data_flags`, `dataint`, `dataint2`, `dataint3`, `dataint4`, `x`, `y`, `z`, `o`, `comments`) VALUES
-- INSERT INTO `dbscripts_on_gossip` (`id`, `delay`, `command`, `datalong`, `datalong2`, `datalong3`, `buddy_entry`, `search_radius`, `data_flags`, `dataint`, `dataint2`, `dataint3`, `dataint4`, `x`, `y`, `z`, `o`, `comments`) VALUES
-- INSERT INTO `dbscripts_on_quest_start` (`id`, `delay`, `command`, `datalong`, `datalong2`, `datalong3`, `buddy_entry`, `search_radius`, `data_flags`, `dataint`, `dataint2`, `dataint3`, `dataint4`, `x`, `y`, `z`, `o`, `comments`) VALUES
-- INSERT INTO `dbscripts_on_quest_end` (`id`, `delay`, `command`, `datalong`, `datalong2`, `datalong3`, `buddy_entry`, `search_radius`, `data_flags`, `dataint`, `dataint2`, `dataint3`, `dataint4`, `x`, `y`, `z`, `o`, `comments`) VALUES
-- INSERT INTO `dbscript_string` (`entry`, `content_default`, `sound`, `type`, `language`, `emote`, `comment`) VALUES
-- INSERT INTO `dbscript_random_templates` (`id`, `type`, `target_id`, `chance`, `comments`) VALUES


