/* DBScriptData
DBName: Maraudon
DBScriptName: -
DB%Complete: 75
DBComment:
* Celebrian Dryad e.g @CGUID+188 seems to have RP event with s.13236
EndDBScriptData */

SET @CGUID := 3490000; -- creatures
SET @OGUID := 3490000; -- gameobjects
SET @PGUID := 46900; -- pools

-- =========
-- CREATURES
-- =========

INSERT INTO `creature_movement` (`id`, `point`, `position_x`, `position_y`, `position_z`, `orientation`, `waittime`, `script_id`) VALUES
(@CGUID+34, 1, 248.538, -93.024, -129.62, 3.48821, 0, 0),
(@CGUID+34, 2, 219.021, -92.1171, -129.607, 1.77761, 0, 0),
(@CGUID+34, 3, 258.14, -97.1733, -129.619, 4.76526, 0, 0),
(@CGUID+34, 4, 246.967, -145.304, -130.844, 4.31759, 0, 0),
(@CGUID+34, 5, 213.934, -199.873, -131.159, 4.56106, 0, 0),
(@CGUID+34, 6, 248.627, -140.739, -131.005, 1.24747, 0, 0),
(@CGUID+34, 7, 259.8, -98.2245, -129.619, 2.83554, 0, 0),
(@CGUID+35, 1, 200.354, -133.505, -101.058, 0.888545, 0, 0),
(@CGUID+35, 2, 230.841, -109.688, -88.8687, 0.20996, 0, 0),
(@CGUID+35, 3, 278.173, -121.002, -83.4807, 5.93787, 0, 0),
(@CGUID+35, 4, 300.187, -149.075, -69.7502, 4.81004, 0, 0),
(@CGUID+35, 5, 298.76, -178.312, -59.8991, 4.52729, 0, 0),
(@CGUID+35, 6, 299.577, -148.794, -69.9433, 1.75562, 0, 0),
(@CGUID+35, 7, 276.408, -121.048, -83.6496, 2.72323, 0, 0),
(@CGUID+35, 8, 226.955, -112.811, -89.7437, 3.15442, 0, 0),
(@CGUID+35, 9, 199.686, -134.684, -101.541, 4.06627, 0, 0),
(@CGUID+35, 10, 183.329, -185.544, -111.375, 4.68595, 0, 0),
(@CGUID+36, 1, 150.49, -193.898, -171.747, 4.68202, 0, 0),
(@CGUID+36, 2, 152.233, -231.891, -170.382, 4.4087, 0, 0),
(@CGUID+36, 3, 125.841, -257.66, -168.113, 5.52554, 0, 0),
(@CGUID+36, 4, 155.987, -284.034, -168.989, 5.89625, 0, 0),
(@CGUID+36, 5, 148.455, -238.759, -169.543, 1.08961, 0, 0),
(@CGUID+36, 6, 155.062, -199.53, -171.957, 3.02876, 0, 0),
(@CGUID+36, 7, 104.937, -185.658, -167.457, 2.76329, 0, 0),
(@CGUID+36, 8, 100.198, -176.082, -167.457, 1.16972, 0, 0),
(@CGUID+36, 9, 111.893, -160.596, -167.328, 5.89781, 0, 0),
(@CGUID+36, 10, 121.304, -176.939, -167.457, 5.01502, 0, 0),
(@CGUID+36, 11, 128.284, -191.12, -168.26, 5.77529, 0, 0),
(@CGUID+37, 1, 177.079, -304.031, -172.328, 3.46308, 0, 0),
(@CGUID+37, 2, 146.519, -316.403, -174.591, 4.85009, 0, 0),
(@CGUID+37, 3, 153.733, -376.576, -175.003, 5.94886, 0, 0),
(@CGUID+37, 4, 211.381, -381.672, -160.691, 6.21354, 0, 0),
(@CGUID+37, 5, 156.615, -376.11, -175.002, 1.73206, 0, 0),
(@CGUID+37, 6, 148.461, -317.13, -174.589, 0.314416, 0, 0),
(@CGUID+38, 1, 312.737, -343.241, -117.348, 1.19013, 0, 0),
(@CGUID+38, 2, 328.91, -288.013, -118.069, 1.41947, 0, 0),
(@CGUID+38, 3, 320.637, -268.75, -117.912, 0.612865, 0, 0),
(@CGUID+38, 4, 337.697, -262.309, -118.049, 6.10123, 0, 0),
(@CGUID+38, 5, 345.634, -276.933, -117.941, 4.20528, 0, 0),
(@CGUID+38, 6, 331.665, -290.395, -118.061, 4.19978, 0, 0),
(@CGUID+38, 7, 317.848, -331.827, -116.777, 4.80689, 0, 0),
(@CGUID+38, 8, 325.14, -394.223, -124.867, 4.68437, 0, 0),
(@CGUID+38, 9, 250.345, -396.668, -139.555, 3.10022, 0, 0),
(@CGUID+38, 10, 256.965, -328.427, -140.451, 1.59383, 0, 0),
(@CGUID+38, 11, 251.778, -396.72, -139.555, 6.22297, 0, 0),
(@CGUID+38, 12, 319.125, -403.751, -124.866, 1.55692, 0, 0),
(@CGUID+39, 1, 109.037, -268.553, -108.677, 6.01719, 0, 0),
(@CGUID+39, 2, 151.884, -275.712, -108.677, 0.864195, 0, 0),
(@CGUID+39, 3, 143.666, -231.173, -108.852, 2.20251, 0, 0),
(@CGUID+39, 4, 156.17, -275.286, -108.676, 3.58089, 0, 0),
(@CGUID+39, 5, 138.876, -278.577, -108.676, 2.8379, 0, 0),
(@CGUID+39, 6, 79.5604, -259.988, -108.678, 2.8379, 0, 0),
(@CGUID+39, 7, 62.416, -207.188, -109.659, 1.94569, 0, 0),
(@CGUID+39, 8, 8.187, -127.348, -123.845, 1.395, 0, 0),
(@CGUID+39, 9, 28.705, -38.025, -128.761, 1.282, 0, 0),
(@CGUID+39, 10, 8.187, -127.348, -123.845, 5.134, 0, 0),
(@CGUID+39, 11, 62.416, -207.188, -109.659, 1.94569, 0, 0),
(@CGUID+39, 12, 79.0383, -255.555, -108.677, 5.96536, 0, 0),
(@CGUID+139, 1, 870.034, -329.385, -48.798, 0.279253, 1000, 1179001),
(@CGUID+162, 1, 742.923, -127.961, -56.2506, 3.29867, 1000, 1179101),
(@CGUID+163, 1, 739.91, -122.194, -56.5653, 3.97935, 1000, 1179101),
(@CGUID+164, 1, 758.122, -42.8355, -55.9574, 2.1293, 1000, 1179101),
(@CGUID+165, 1, 750.123, -42.8777, -56.1531, 0.959931, 1000, 1179101),
(@CGUID+181, 1, 784.514, -329.119, -50.0284, 100, 0, 0),
(@CGUID+181, 2, 764.984, -324.438, -51.5668, 100, 0, 0),
(@CGUID+181, 3, 749.575, -337.565, -50.711, 100, 0, 0),
(@CGUID+181, 4, 726.619, -332.595, -50.9028, 100, 0, 0),
(@CGUID+181, 5, 710.256, -333.295, -51.8757, 100, 0, 0),
(@CGUID+181, 6, 689.742, -330.869, -52.1619, 100, 0, 0),
(@CGUID+181, 7, 674.977, -327.453, -52.1277, 100, 0, 0),
(@CGUID+181, 8, 664.431, -341.292, -52.4921, 100, 0, 0),
(@CGUID+181, 9, 674.977, -327.453, -52.1277, 100, 0, 0),
(@CGUID+181, 10, 689.742, -330.869, -52.1619, 100, 0, 0),
(@CGUID+181, 11, 710.256, -333.295, -51.8757, 100, 0, 0),
(@CGUID+181, 12, 726.619, -332.595, -50.9028, 100, 0, 0),
(@CGUID+181, 13, 749.332, -337.513, -50.7263, 100, 0, 0),
(@CGUID+181, 14, 764.902, -324.507, -51.5706, 100, 0, 0),
(@CGUID+181, 15, 784.514, -329.119, -50.0284, 100, 0, 0),
(@CGUID+181, 16, 792.5, -339.12, -51.1177, 100, 0, 0),
(@CGUID+182, 1, 629.567, -229.285, -59.0616, 100, 0, 0),
(@CGUID+182, 2, 630.475, -251.076, -52.8189, 100, 0, 0),
(@CGUID+182, 3, 635.491, -278.567, -53.5015, 100, 0, 0),
(@CGUID+182, 4, 642.036, -307.16, -52.0211, 100, 0, 0),
(@CGUID+182, 5, 644.665, -314.411, -52.0764, 100, 0, 0),
(@CGUID+182, 6, 652.222, -324.701, -52.0194, 100, 0, 0),
(@CGUID+182, 7, 650.916, -339.38, -52.0194, 100, 0, 0),
(@CGUID+182, 8, 631.083, -348.107, -52.0194, 100, 0, 0),
(@CGUID+182, 9, 618.584, -352.651, -52.0194, 100, 0, 0),
(@CGUID+182, 10, 615.864, -362.478, -52.0194, 100, 0, 0),
(@CGUID+182, 11, 601.241, -383.172, -52.0194, 100, 0, 0),
(@CGUID+182, 12, 615.727, -362.671, -52.0194, 100, 0, 0),
(@CGUID+182, 13, 618.584, -352.651, -52.0194, 100, 0, 0),
(@CGUID+182, 14, 631.083, -348.107, -52.0194, 100, 0, 0),
(@CGUID+183, 1, 869.798, -340.816, -50.5748, 100, 0, 0),
(@CGUID+183, 2, 882.282, -377.741, -52.0554, 100, 0, 0),
(@CGUID+183, 3, 886.861, -419.037, -52.3727, 100, 0, 0),
(@CGUID+183, 4, 886.861, -419.037, -52.3727, 100, 0, 0),
(@CGUID+183, 5, 882.282, -377.741, -52.0554, 100, 0, 0),
(@CGUID+183, 6, 869.798, -340.816, -50.5748, 100, 0, 0),
(@CGUID+183, 7, 829.586, -349.214, -52.0311, 100, 0, 0),
(@CGUID+202, 1, 27.8981, 83.1932, -124.483, 0, 0, 0),
(@CGUID+202, 2, 54.4415, 49.5979, -124.108, 0, 0, 0),
(@CGUID+202, 3, 29.0633, 34.7164, -125.839, 0, 0, 0),
(@CGUID+202, 4, 5.56843, 56.5028, -124.624, 0, 0, 0),
(@CGUID+207, 1, 297.198, -170.81, -59.9956, 0, 0, 0),
(@CGUID+207, 2, 295.334, -150.381, -70.222, 0, 0, 0),
(@CGUID+207, 3, 279.875, -122.193, -82.8715, 0, 0, 0),
(@CGUID+207, 4, 224.767, -109.738, -89.7033, 0, 0, 0),
(@CGUID+207, 5, 189.933, -153.578, -108.404, 0, 0, 0),
(@CGUID+207, 6, 177.702, -198.963, -111.002, 0, 0, 0),
(@CGUID+207, 7, 189.933, -153.578, -108.404, 0, 0, 0),
(@CGUID+207, 8, 224.767, -109.738, -89.7033, 0, 0, 0),
(@CGUID+207, 9, 279.875, -122.193, -82.8715, 0, 0, 0),
(@CGUID+207, 10, 295.334, -150.381, -70.222, 0, 0, 0),
(@CGUID+222, 1, 280.713, 25.4183, -131.01, 0, 0, 0),
(@CGUID+222, 2, 314.201, -62.1318, -131.01, 0, 0, 0),
(@CGUID+224, 1, 275.028, -58.9521, -131.01, 0, 0, 0),
(@CGUID+224, 2, 278.285, 21.02, -131.009, 0, 0, 0),
(@CGUID+474, 1, 731.105, -76.9863, -57.4987, 0, 0, 0),
(@CGUID+474, 2, 675.412, -95.2185, -57.5, 0, 0, 0),
(@CGUID+474, 3, 648.496, -87.5465, -57.4999, 0, 0, 0),
(@CGUID+474, 4, 675.412, -95.2185, -57.5, 0, 0, 0),
(@CGUID+479, 1, 747.806, -79.9688, -57.4744, 3.30872, 0, 0),
(@CGUID+479, 2, 750.866, -86.8807, -57.4595, 2.95922, 0, 0),
(@CGUID+479, 3, 741.016, -94.8653, -57.4978, 1.6319, 0, 0),
(@CGUID+479, 4, 745.803, -84.0748, -57.4833, 1.16459, 0, 0),
(@CGUID+479, 5, 738.607, -70.5452, -57.4977, 4.23156, 0, 0),
(@CGUID+479, 6, 751.253, -70.6902, -57.3912, 4.39257, 0, 0),
(@CGUID+479, 7, 744.367, -78.7708, -57.4887, 5.06801, 0, 0),
(@CGUID+479, 8, 756.588, -80.4979, -57.3727, 3.98809, 0, 0),
(@CGUID+479, 9, 736.461, -89.3428, -57.4996, 3.35192, 0, 0),
(@CGUID+479, 10, 734.7, -80.3283, -57.4996, 0.198547, 0, 0),
(@CGUID+479, 11, 744.209, -79.5844, -57.4915, 0.045395, 0, 0),
(@CGUID+479, 12, 734.044, -71.701, -57.4977, 4.40828, 0, 0),
(@CGUID+480, 1, 632.101, -92.409, -57.4999, 0.240159, 0, 0),
(@CGUID+480, 2, 642.895, -89.225, -57.4999, 0.306918, 0, 0),
(@CGUID+480, 3, 654.193, -88.5337, -57.4999, 6.19348, 0, 0),
(@CGUID+480, 4, 666.728, -91.7718, -57.4999, 6.01284, 0, 0),
(@CGUID+480, 5, 675.549, -93.9197, -57.4999, 6.13457, 0, 0),
(@CGUID+480, 6, 690.764, -89.7546, -57.4999, 0.61715, 0, 0),
(@CGUID+480, 7, 702.83, -84.753, -57.4631, 0.173401, 0, 0),
(@CGUID+480, 8, 715.159, -83.791, -57.1193, 0.114496, 0, 0),
(@CGUID+480, 9, 708.503, -83.9885, -57.2554, 3.35426, 0, 0),
(@CGUID+480, 10, 699.353, -86.647, -57.5, 3.55454, 0, 0),
(@CGUID+480, 11, 681.834, -93.4817, -57.5, 3.35034, 0, 0),
(@CGUID+480, 12, 674.938, -93.0037, -57.5, 2.78878, 0, 0),
(@CGUID+480, 13, 665.508, -90.6338, -57.5, 2.91051, 0, 0),
(@CGUID+480, 14, 652.935, -87.6942, -57.5, 3.10686, 0, 0),
(@CGUID+480, 15, 634.167, -92.0013, -57.5, 3.60559, 0, 0),
(@CGUID+481, 1, 818.873, -216.343, -77.1489, 2.28534, 0, 0),
(@CGUID+481, 2, 813.487, -210.328, -77.1489, 2.30105, 0, 0),
(@CGUID+481, 3, 806.875, -204.634, -77.1489, 2.43064, 0, 0),
(@CGUID+481, 4, 804.811, -193.5, -77.1489, 1.55099, 0, 0),
(@CGUID+481, 5, 806.356, -184.124, -77.1489, 1.35857, 0, 0),
(@CGUID+481, 6, 813.319, -173.6, -77.2995, 0.541757, 0, 0),
(@CGUID+481, 7, 808.847, -175.006, -77.3074, 5.0146, 0, 0),
(@CGUID+481, 8, 805.501, -182.277, -77.1489, 4.41377, 0, 0),
(@CGUID+481, 9, 804.538, -193.051, -77.1489, 4.92428, 0, 0),
(@CGUID+481, 10, 807.906, -203.501, -77.1489, 5.34446, 0, 0),
(@CGUID+491, 1, 802.307, -399.631, -58.6786, 100, 0, 0),
(@CGUID+491, 2, 794.326, -424.056, -53.7634, 100, 0, 0),
(@CGUID+491, 3, 804.861, -435.457, -54.3872, 100, 0, 0),
(@CGUID+491, 4, 828.242, -447.366, -56.3251, 100, 0, 0),
(@CGUID+491, 5, 863.367, -424.879, -52.4803, 100, 0, 0),
(@CGUID+491, 6, 880.127, -407.996, -51.9375, 100, 0, 0),
(@CGUID+491, 7, 881.719, -383.418, -52.0587, 100, 0, 0),
(@CGUID+491, 8, 870.876, -356.302, -51.9569, 100, 0, 0),
(@CGUID+491, 9, 847.458, -345.491, -52.0496, 100, 0, 0),
(@CGUID+491, 10, 826.787, -344.677, -51.8641, 100, 0, 0),
(@CGUID+491, 11, 808.003, -347.446, -51.7879, 100, 0, 0),
(@CGUID+491, 12, 775.91, -328.178, -50.0448, 100, 0, 0),
(@CGUID+491, 13, 756.83, -326.607, -51.5775, 100, 0, 0),
(@CGUID+491, 14, 775.91, -328.178, -50.0448, 100, 0, 0),
(@CGUID+491, 15, 808.003, -347.446, -51.7879, 100, 0, 0),
(@CGUID+491, 16, 826.787, -344.677, -51.8641, 100, 0, 0),
(@CGUID+491, 17, 847.458, -345.491, -52.0496, 100, 0, 0),
(@CGUID+491, 18, 870.876, -356.302, -51.9569, 100, 0, 0),
(@CGUID+491, 19, 881.719, -383.418, -52.0587, 100, 0, 0),
(@CGUID+491, 20, 880.127, -407.996, -51.9375, 100, 0, 0),
(@CGUID+491, 21, 863.367, -424.879, -52.4803, 100, 0, 0),
(@CGUID+491, 22, 828.242, -447.366, -56.3251, 100, 0, 0),
(@CGUID+491, 23, 804.861, -435.457, -54.3872, 100, 0, 0),
(@CGUID+491, 24, 794.326, -424.056, -53.7634, 100, 0, 0),
(@CGUID+491, 25, 802.307, -399.631, -58.6786, 100, 0, 0),
(@CGUID+491, 26, 806.3, -374.526, -59.1968, 100, 0, 0),
(@CGUID+500, 1, 763.721, -491.101, -52.9628, 100, 0, 0),
(@CGUID+500, 2, 771.351, -514.9, -52.809, 100, 0, 0),
(@CGUID+500, 3, 778.083, -526.269, -50.1292, 100, 0, 0),
(@CGUID+500, 4, 795.591, -531.922, -46.8029, 100, 0, 0),
(@CGUID+500, 5, 806.335, -516.47, -41.7183, 100, 0, 0),
(@CGUID+500, 6, 803.93, -498.025, -40.1386, 100, 0, 0),
(@CGUID+500, 7, 790.813, -490.499, -39.9062, 100, 0, 0),
(@CGUID+500, 8, 775.956, -484.787, -40.554, 100, 0, 0),
(@CGUID+500, 9, 771, -468.174, -41.1924, 100, 0, 0),
(@CGUID+500, 10, 748.947, -467.97, -38.6926, 100, 0, 0),
(@CGUID+500, 11, 733.283, -472.854, -40.6056, 100, 0, 0),
(@CGUID+500, 12, 732.63, -485.955, -41.1771, 100, 0, 0),
(@CGUID+500, 13, 737.17, -503.406, -41.0881, 100, 0, 0),
(@CGUID+500, 14, 731.663, -522.193, -41.3618, 100, 0, 0),
(@CGUID+500, 15, 743.795, -546.76, -33.0687, 100, 0, 0),
(@CGUID+500, 16, 761.255, -559.478, -32.9473, 100, 0, 0),
(@CGUID+500, 17, 770.305, -540.82, -36.2739, 100, 0, 0),
(@CGUID+500, 18, 761.255, -559.478, -32.9473, 100, 0, 0),
(@CGUID+500, 19, 743.795, -546.76, -33.0687, 100, 0, 0),
(@CGUID+500, 20, 731.642, -522.264, -41.3582, 100, 0, 0),
(@CGUID+500, 21, 737.17, -503.406, -41.0881, 100, 0, 0),
(@CGUID+500, 22, 732.63, -485.955, -41.1771, 100, 0, 0),
(@CGUID+500, 23, 733.283, -472.854, -40.6056, 100, 0, 0),
(@CGUID+500, 24, 748.947, -467.97, -38.6926, 100, 0, 0),
(@CGUID+500, 25, 771, -468.174, -41.1924, 100, 0, 0),
(@CGUID+500, 26, 775.956, -484.787, -40.554, 100, 0, 0),
(@CGUID+500, 27, 790.813, -490.499, -39.9062, 100, 0, 0),
(@CGUID+500, 28, 803.93, -498.025, -40.1386, 100, 0, 0),
(@CGUID+500, 29, 806.335, -516.47, -41.7183, 100, 0, 0),
(@CGUID+500, 30, 795.591, -531.922, -46.8029, 100, 0, 0),
(@CGUID+500, 31, 778.083, -526.269, -50.1292, 100, 0, 0),
(@CGUID+500, 32, 771.351, -514.9, -52.809, 100, 0, 0),
(@CGUID+500, 33, 763.721, -491.101, -52.9628, 100, 0, 0),
(@CGUID+500, 34, 745.018, -470.13, -52.932, 100, 0, 0),
(@CGUID+507, 1, 704.78, -354.567, -52.0194, 100, 0, 0),
(@CGUID+507, 2, 688.518, -374.707, -52.0337, 100, 0, 0),
(@CGUID+507, 3, 664.968, -367.766, -52.0194, 100, 0, 0),
(@CGUID+507, 4, 653.587, -356.119, -52.0194, 100, 0, 0),
(@CGUID+507, 5, 632.64, -350.617, -52.0194, 100, 0, 0),
(@CGUID+507, 6, 619.242, -351.718, -52.0194, 100, 0, 0),
(@CGUID+507, 7, 605.31, -377.231, -52.0194, 100, 0, 0),
(@CGUID+507, 8, 618.102, -353.072, -52.0194, 100, 0, 0),
(@CGUID+507, 9, 646.418, -346.681, -52.0194, 100, 0, 0),
(@CGUID+507, 10, 656.121, -333.659, -52.0194, 100, 0, 0),
(@CGUID+507, 11, 642.682, -309.279, -52.0213, 100, 0, 0),
(@CGUID+507, 12, 636.873, -290.451, -52.4324, 100, 0, 0),
(@CGUID+507, 13, 633.122, -257.915, -53.0354, 100, 0, 0),
(@CGUID+507, 14, 631.546, -229.03, -59.214, 100, 0, 0),
(@CGUID+507, 15, 632.252, -273.576, -53.5685, 100, 0, 0),
(@CGUID+507, 16, 639.393, -299.352, -52.0207, 100, 0, 0),
(@CGUID+507, 17, 649.654, -322.972, -52.0194, 100, 0, 0),
(@CGUID+507, 18, 662.256, -329.124, -52.0194, 100, 0, 0),
(@CGUID+507, 19, 675.187, -326.388, -52.0826, 100, 0, 0),
(@CGUID+507, 20, 692.328, -322.362, -52.0194, 100, 0, 0),
(@CGUID+507, 21, 709.139, -325.213, -51.851, 100, 0, 0),
(@CGUID+507, 22, 692.328, -322.362, -52.0194, 100, 0, 0),
(@CGUID+507, 23, 675.211, -326.383, -52.0797, 100, 0, 0),
(@CGUID+507, 24, 662.4, -329.094, -52.0194, 100, 0, 0),
(@CGUID+507, 25, 649.654, -322.972, -52.0194, 100, 0, 0),
(@CGUID+507, 26, 639.393, -299.352, -52.0207, 100, 0, 0),
(@CGUID+507, 27, 632.252, -273.576, -53.5685, 100, 0, 0),
(@CGUID+507, 28, 631.546, -229.03, -59.214, 100, 0, 0),
(@CGUID+507, 29, 633.122, -257.915, -53.0354, 100, 0, 0),
(@CGUID+507, 30, 636.835, -290.33, -52.5084, 100, 0, 0),
(@CGUID+507, 31, 642.682, -309.279, -52.0213, 100, 0, 0),
(@CGUID+507, 32, 656.121, -333.659, -52.0194, 100, 0, 0),
(@CGUID+507, 33, 646.418, -346.681, -52.0194, 100, 0, 0),
(@CGUID+507, 34, 618.102, -353.072, -52.0194, 100, 0, 0),
(@CGUID+507, 35, 605.31, -377.231, -52.0194, 100, 0, 0),
(@CGUID+507, 36, 619.242, -351.718, -52.0194, 100, 0, 0),
(@CGUID+507, 37, 632.64, -350.617, -52.0194, 100, 0, 0),
(@CGUID+507, 38, 653.587, -356.119, -52.0194, 100, 0, 0),
(@CGUID+507, 39, 664.968, -367.766, -52.0194, 100, 0, 0),
(@CGUID+507, 40, 688.518, -374.707, -52.0337, 100, 0, 0),
(@CGUID+507, 41, 704.78, -354.567, -52.0194, 100, 0, 0),
(@CGUID+507, 42, 714.44, -332.152, -51.7661, 100, 0, 0),
(@CGUID+569, 1, 42.0826, -65.9511, -199.554, 0, 0, 0),
(@CGUID+569, 2, 38.1076, -141.889, -203.184, 0, 0, 0),
(@CGUID+569, 3, 6.94887, -232.823, -207.044, 0, 0, 0),
(@CGUID+569, 4, 22.3193, -287.115, -204.106, 0, 0, 0),
(@CGUID+569, 5, 6.94887, -232.823, -207.044, 0, 0, 0),
(@CGUID+569, 6, 38.1076, -141.889, -203.184, 0, 0, 0),
(@CGUID+576, 1, 560.44, 74.1416, -96.3128, 1.94883, 0, 0),
(@CGUID+576, 2, 556.001, 97.5598, -96.3128, 1.35115, 0, 0),
(@CGUID+576, 3, 562.821, 116.938, -96.3128, 0.716542, 0, 0),
(@CGUID+576, 4, 558.737, 80.2023, -96.3128, 4.70244, 0, 0),
(@CGUID+576, 5, 567.894, 47.7771, -96.3128, 4.88465, 0, 0),
(@CGUID+576, 6, 573.623, 24.1758, -96.3128, 5.21452, 0, 0),
(@CGUID+576, 7, 583.107, 6.90322, -96.3128, 5.56323, 0, 0),
(@CGUID+576, 8, 597.509, 5.07898, -96.3128, 1.18385, 0, 0),
(@CGUID+576, 9, 600.013, 21.6183, -96.3128, 2.22686, 0, 0),
(@CGUID+576, 10, 575.202, 46.2133, -96.3128, 2.10748, 0, 0);

UPDATE creature_template SET MovementType=2 WHERE entry IN (13533);
DELETE FROM creature_movement_template WHERE entry IN (12237,12242,12243,13533,13716);
INSERT INTO `creature_movement_template` (`entry`, `pathId`, `point`, `position_x`, `position_y`, `position_z`, `orientation`, `waittime`, `script_id`) VALUES
(12237, 0, 1, 632.101, -92.409, -57.4999, 0.240159, 0, 0),
(12237, 0, 2, 642.895, -89.225, -57.4999, 0.306918, 0, 0),
(12237, 0, 3, 654.193, -88.5337, -57.4999, 6.19348, 0, 0),
(12237, 0, 4, 666.728, -91.7718, -57.4999, 6.01284, 0, 0),
(12237, 0, 5, 675.549, -93.9197, -57.4999, 6.13457, 0, 0),
(12237, 0, 6, 690.764, -89.7546, -57.4999, 0.61715, 0, 0),
(12237, 0, 7, 702.83, -84.753, -57.4631, 0.173401, 0, 0),
(12237, 0, 8, 715.159, -83.791, -57.1193, 0.114496, 0, 0),
(12237, 0, 9, 708.503, -83.9885, -57.2554, 3.35426, 0, 0),
(12237, 0, 10, 699.353, -86.647, -57.5, 3.55454, 0, 0),
(12237, 0, 11, 681.834, -93.4817, -57.5, 3.35034, 0, 0),
(12237, 0, 12, 674.938, -93.0037, -57.5, 2.78878, 0, 0),
(12237, 0, 13, 665.508, -90.6338, -57.5, 2.91051, 0, 0),
(12237, 0, 14, 652.935, -87.6942, -57.5, 3.10686, 0, 0),
(12237, 0, 15, 634.167, -92.0013, -57.5, 3.60559, 0, 0),
(12242, 0, 1, 755.936, -480.62, -52.9086, 100, 0, 0),
(12242, 0, 2, 769.354, -505.176, -52.8591, 100, 0, 0),
(12242, 0, 3, 784.304, -508.379, -53.0263, 100, 0, 0),
(12242, 0, 4, 801.087, -492.018, -53.8118, 100, 0, 0),
(12242, 0, 5, 814.931, -484.251, -55.0167, 100, 0, 0),
(12242, 0, 6, 822.529, -461.741, -56.2849, 100, 0, 0),
(12242, 0, 7, 828.304, -448.536, -56.3511, 100, 0, 0),
(12242, 0, 8, 793.596, -424.039, -53.7972, 100, 0, 0),
(12242, 0, 9, 829.32, -448.186, -56.3532, 100, 0, 0),
(12242, 0, 10, 862.01, -424.002, -52.44, 100, 0, 0),
(12242, 0, 11, 886.945, -405.517, -52.0952, 100, 0, 0),
(12242, 0, 12, 880.308, -369.967, -52.0496, 100, 0, 0),
(12242, 0, 13, 856.721, -349.806, -52.0496, 100, 0, 0),
(12242, 0, 14, 826.595, -346.665, -51.9278, 100, 0, 0),
(12242, 0, 15, 807.865, -346.475, -51.7706, 100, 0, 0),
(12242, 0, 16, 775.664, -328.466, -50.0463, 100, 0, 0),
(12242, 0, 17, 756.855, -327.67, -51.554, 100, 0, 0),
(12242, 0, 18, 745.742, -340.542, -50.7365, 100, 0, 0),
(12242, 0, 19, 718.048, -329.171, -51.4196, 100, 0, 0),
(12242, 0, 20, 704.321, -351.085, -52.01, 100, 0, 0),
(12242, 0, 21, 690.32, -374.062, -52.0604, 100, 0, 0),
(12242, 0, 22, 655.842, -358.892, -52.052, 100, 0, 0),
(12242, 0, 23, 642.357, -347.152, -52.0194, 100, 0, 0),
(12242, 0, 24, 620.649, -351.64, -52.0194, 100, 0, 0),
(12242, 0, 25, 608.437, -379.101, -52.0194, 100, 0, 0),
(12242, 0, 26, 620.177, -351.294, -52.0194, 100, 0, 0),
(12242, 0, 27, 650.026, -343.373, -52.0194, 100, 0, 0),
(12242, 0, 28, 646.078, -315.001, -52.0653, 100, 0, 0),
(12242, 0, 29, 634.478, -286.221, -52.9497, 100, 0, 0),
(12242, 0, 30, 633.828, -260.07, -53.1078, 100, 0, 0),
(12242, 0, 31, 629.402, -228.528, -59.4107, 100, 0, 0),
(12242, 0, 32, 633.828, -260.07, -53.1078, 100, 0, 0),
(12242, 0, 33, 634.478, -286.221, -52.9497, 100, 0, 0),
(12242, 0, 34, 646.078, -315.001, -52.0653, 100, 0, 0),
(12242, 0, 35, 650.026, -343.373, -52.0194, 100, 0, 0),
(12242, 0, 36, 620.177, -351.294, -52.0194, 100, 0, 0),
(12242, 0, 37, 608.437, -379.101, -52.0194, 100, 0, 0),
(12242, 0, 38, 620.649, -351.64, -52.0194, 100, 0, 0),
(12242, 0, 39, 642.357, -347.152, -52.0194, 100, 0, 0),
(12242, 0, 40, 655.842, -358.892, -52.052, 100, 0, 0),
(12242, 0, 41, 690.32, -374.062, -52.0604, 100, 0, 0),
(12242, 0, 42, 704.321, -351.085, -52.01, 100, 0, 0),
(12242, 0, 43, 718.048, -329.171, -51.4196, 100, 0, 0),
(12242, 0, 44, 745.742, -340.542, -50.7365, 100, 0, 0),
(12242, 0, 45, 756.855, -327.67, -51.554, 100, 0, 0),
(12242, 0, 46, 775.664, -328.466, -50.0463, 100, 0, 0),
(12242, 0, 47, 807.865, -346.475, -51.7706, 100, 0, 0),
(12242, 0, 48, 826.327, -346.637, -51.9199, 100, 0, 0),
(12242, 0, 49, 856.721, -349.806, -52.0496, 100, 0, 0),
(12242, 0, 50, 880.308, -369.967, -52.0496, 100, 0, 0),
(12242, 0, 51, 886.945, -405.517, -52.0952, 100, 0, 0),
(12242, 0, 52, 862.01, -424.002, -52.44, 100, 0, 0),
(12242, 0, 53, 829.32, -448.186, -56.3532, 100, 0, 0),
(12242, 0, 54, 793.596, -424.039, -53.7972, 100, 0, 0),
(12242, 0, 55, 828.304, -448.536, -56.3511, 100, 0, 0),
(12242, 0, 56, 822.529, -461.741, -56.2849, 100, 0, 0),
(12242, 0, 57, 814.939, -484.229, -55.0309, 100, 0, 0),
(12242, 0, 58, 801.087, -492.018, -53.8118, 100, 0, 0),
(12242, 0, 59, 784.304, -508.379, -53.0263, 100, 0, 0),
(12242, 0, 60, 769.354, -505.176, -52.8591, 100, 0, 0),
(12242, 0, 61, 755.936, -480.62, -52.9086, 100, 0, 0),
(12242, 0, 62, 736.696, -455.594, -52.8847, 100, 0, 0),
(12243, 0, 1, 1049.82, -393.435, -36.4039, 0, 0, 0),
(12243, 0, 2, 1045.68, -370.092, -36.261, 0, 0, 0),
(12243, 0, 3, 1037.27, -344.174, -38.497, 0, 0, 0),
(12243, 0, 4, 1010.23, -354.801, -40.6417, 0, 0, 0),
(12243, 0, 5, 1001.23, -344.369, -41.8429, 0, 0, 0),
(12243, 0, 6, 999.806, -321.77, -44.8818, 0, 0, 0),
(12243, 0, 7, 975.982, -300.204, -45.5609, 0, 0, 0),
(12243, 0, 8, 973.365, -281.776, -45.6094, 0, 0, 0),
(12243, 0, 9, 990.8, -256.724, -45.7114, 0, 0, 0),
(12243, 0, 10, 989.804, -243.769, -46.3962, 0, 0, 0),
(12243, 0, 11, 976.545, -231.156, -48.8321, 0, 0, 0),
(12243, 0, 12, 961.185, -219.453, -46.5909, 0, 0, 0),
(12243, 0, 13, 948.09, -222.764, -46.5547, 0, 0, 0),
(12243, 0, 14, 918.102, -245.181, -46.5593, 0, 0, 0),
(12243, 0, 15, 890.208, -266.674, -45.423, 0, 0, 0),
(12243, 0, 16, 893.102, -286.1, -45.9472, 0, 0, 0),
(12243, 0, 17, 897.588, -303.891, -46.2809, 0, 0, 0),
(12243, 0, 18, 901.639, -319.011, -49.2601, 0, 0, 0),
(12243, 0, 19, 924.222, -338.58, -49.5523, 0, 0, 0),
(12243, 0, 20, 945.529, -352.369, -50.1839, 0, 0, 0),
(12243, 0, 21, 949.239, -372.756, -50.1243, 0, 0, 0),
(12243, 0, 22, 988.696, -380.287, -50.1408, 0, 0, 0),
(12243, 0, 23, 988.111, -348.714, -55.4404, 0, 0, 0),
(12243, 0, 24, 996.187, -322.544, -66.9768, 0, 0, 0),
(12243, 0, 25, 1033.11, -300.214, -71.9789, 0, 0, 0),
(12243, 0, 26, 1053.56, -317.858, -72.6087, 0, 0, 0),
(12243, 0, 27, 1072.05, -311.185, -72.5621, 0, 0, 0),
(12243, 0, 28, 1070.73, -284.266, -72.6882, 0, 0, 0),
(12243, 0, 29, 1063.75, -252.924, -72.769, 0, 0, 0),
(12243, 0, 30, 1043.08, -229.504, -72.2414, 0, 0, 0),
(12243, 0, 31, 1020.74, -209.535, -68.8136, 0, 0, 0),
(12243, 0, 32, 995.135, -196.454, -67.6302, 0, 0, 0),
(12243, 0, 33, 976.91, -181.568, -67.8006, 0, 0, 0),
(12243, 0, 34, 948.116, -177.766, -63.5945, 0, 0, 0),
(12243, 0, 35, 937.193, -168.837, -61.9104, 0, 0, 0),
(12243, 0, 36, 938.588, -151.543, -60.6735, 0, 0, 0),
(12243, 0, 37, 948.458, -143.148, -60.5407, 0, 0, 0),
(12243, 0, 38, 958.818, -117.176, -63.1013, 0, 0, 0),
(12243, 0, 39, 963.148, -94.4248, -63.1929, 0, 0, 0),
(12243, 0, 40, 959.066, -69.9163, -61.9863, 0, 0, 0),
(12243, 0, 41, 938.565, -63.8677, -61.5565, 0, 0, 0),
(12243, 0, 42, 919.078, -60.1186, -59.4471, 0, 0, 0),
(12243, 0, 43, 897.068, -67.8703, -59.4137, 0, 0, 0),
(12243, 0, 44, 903.842, -88.716, -59.7778, 0, 0, 0),
(12243, 0, 45, 917.572, -110.975, -61.7767, 0, 0, 0),
(12243, 0, 46, 903.761, -142.998, -60.5547, 0, 0, 0),
(12243, 0, 47, 905.848, -166.048, -60.5608, 0, 0, 0),
(12243, 0, 48, 915.462, -183.676, -57.6343, 0, 0, 0),
(12243, 0, 49, 902.247, -202.777, -52.5468, 0, 0, 0),
(12243, 0, 50, 893.036, -219.867, -52.4701, 0, 0, 0),
(12243, 0, 51, 877.28, -241.544, -51.1367, 0, 0, 0),
(12243, 0, 52, 864.795, -249.239, -52.0588, 0, 0, 0),
(12243, 0, 53, 827.948, -258.051, -59.7029, 0, 0, 0),
(12243, 0, 54, 864.795, -249.239, -52.0588, 0, 0, 0),
(12243, 0, 55, 877.273, -241.548, -51.3696, 0, 0, 0),
(12243, 0, 56, 893.036, -219.867, -52.4701, 0, 0, 0),
(12243, 0, 57, 902.247, -202.777, -52.5468, 0, 0, 0),
(12243, 0, 58, 915.462, -183.676, -57.6343, 0, 0, 0),
(12243, 0, 59, 905.848, -166.048, -60.5608, 0, 0, 0),
(12243, 0, 60, 903.761, -142.998, -60.5547, 0, 0, 0),
(12243, 0, 61, 917.499, -111.145, -61.7826, 0, 0, 0),
(12243, 0, 62, 903.842, -88.716, -59.7778, 0, 0, 0),
(12243, 0, 63, 897.068, -67.8703, -59.4137, 0, 0, 0),
(12243, 0, 64, 919.078, -60.1186, -59.4471, 0, 0, 0),
(12243, 0, 65, 938.565, -63.8677, -61.5565, 0, 0, 0),
(12243, 0, 66, 959.066, -69.9163, -61.9863, 0, 0, 0),
(12243, 0, 67, 963.148, -94.4248, -63.1929, 0, 0, 0),
(12243, 0, 68, 958.818, -117.176, -63.1013, 0, 0, 0),
(12243, 0, 69, 948.458, -143.148, -60.5407, 0, 0, 0),
(12243, 0, 70, 938.588, -151.543, -60.6735, 0, 0, 0),
(12243, 0, 71, 937.193, -168.837, -61.9104, 0, 0, 0),
(12243, 0, 72, 948.116, -177.766, -63.5945, 0, 0, 0),
(12243, 0, 73, 976.91, -181.568, -67.8006, 0, 0, 0),
(12243, 0, 74, 995.135, -196.454, -67.6302, 0, 0, 0),
(12243, 0, 75, 1020.74, -209.535, -68.8136, 0, 0, 0),
(12243, 0, 76, 1043.08, -229.504, -72.2414, 0, 0, 0),
(12243, 0, 77, 1063.75, -252.924, -72.769, 0, 0, 0),
(12243, 0, 78, 1070.73, -284.266, -72.6882, 0, 0, 0),
(12243, 0, 79, 1072.05, -311.185, -72.5621, 0, 0, 0),
(12243, 0, 80, 1053.56, -317.858, -72.6087, 0, 0, 0),
(12243, 0, 81, 1033.11, -300.214, -71.9789, 0, 0, 0),
(12243, 0, 82, 996.187, -322.544, -66.9768, 0, 0, 0),
(12243, 0, 83, 988.111, -348.714, -55.4404, 0, 0, 0),
(12243, 0, 84, 988.696, -380.287, -50.1408, 0, 0, 0),
(12243, 0, 85, 949.239, -372.756, -50.1243, 0, 0, 0),
(12243, 0, 86, 945.529, -352.369, -50.1839, 0, 0, 0),
(12243, 0, 87, 924.222, -338.58, -49.5523, 0, 0, 0),
(12243, 0, 88, 901.639, -319.011, -49.2601, 0, 0, 0),
(12243, 0, 89, 897.588, -303.891, -46.2809, 0, 0, 0),
(12243, 0, 90, 893.102, -286.1, -45.9472, 0, 0, 0),
(12243, 0, 91, 890.076, -266.776, -45.4354, 0, 0, 0),
(12243, 0, 92, 918.102, -245.181, -46.5593, 0, 0, 0),
(12243, 0, 93, 948.09, -222.764, -46.5547, 0, 0, 0),
(12243, 0, 94, 961.174, -219.444, -46.5547, 0, 0, 0),
(12243, 0, 95, 976.545, -231.156, -48.8321, 0, 0, 0),
(12243, 0, 96, 989.799, -243.711, -46.4062, 0, 0, 0),
(12243, 0, 97, 990.8, -256.724, -45.7114, 0, 0, 0),
(12243, 0, 98, 973.365, -281.776, -45.6094, 0, 0, 0),
(12243, 0, 99, 975.982, -300.204, -45.5609, 0, 0, 0),
(12243, 0, 100, 999.806, -321.77, -44.8818, 0, 0, 0),
(12243, 0, 101, 1001.23, -344.369, -41.8429, 0, 0, 0),
(12243, 0, 102, 1010.11, -354.66, -40.6532, 0, 0, 0),
(12243, 0, 103, 1037.27, -344.174, -38.497, 0, 0, 0),
(12243, 0, 104, 1045.68, -370.092, -36.261, 0, 0, 0),
(12243, 0, 105, 1049.82, -393.435, -36.4039, 0, 0, 0),
(12243, 0, 106, 1056.21, -424.158, -31.7893, 0, 0, 0),

-- Spewed Larva
(13533,0,1, 937.212830,-377.966949,-50.345516, 100,0,5), -- run on
(13533,0,2, 937.212830,-377.966949,-50.345516, 100,0,0),
(13533,0,3, 925.166260,-368.289886,-50.475605, 100,0,0),
(13533,0,4, 916.606689,-356.867432,-50.475605, 100,0,0),
(13533,0,5, 914.326782,-348.877319,-50.190464, 100,0,0),
(13533,0,6, 919.837158,-342.324402,-49.668594, 100,0,0),
(13533,0,7, 927.538452,-347.034882,-50.108711, 100,0,0),
(13533,0,8, 935.159790,-353.312134,-50.475277, 100,0,0),
(13533,0,9, 942.294739,-358.578796,-50.350838, 100,0,0),
(13533,0,10, 957.915405,-367.441559,-49.943825, 100,0,0),
(13533,0,11, 968.434082,-372.474487,-49.692699, 100,0,0),
(13533,0,12, 978.770935,-372.566986,-49.962997, 100,0,0),
(13533,0,13, 984.846558,-362.551208,-50.274117, 100,0,0),
(13533,0,14, 987.461548,-352.133820,-54.286911, 100,0,0),
(13533,0,15, 991.215759,-332.158569,-62.802052, 100,0,0),
(13533,0,16, 1002.437195,-317.778900,-69.764786, 100,0,0),
(13533,0,17, 1027.370361,-299.670349,-71.952583, 100,0,0),
(13533,0,18, 1033.202148,-301.193695,-71.965515, 100,0,0),
(13533,0,19, 1049.488525,-313.919098,-72.599915, 100,0,0),
(13533,0,20, 1059.119385,-320.590668,-72.561012, 100,0,0),
(13533,0,21, 1069.667480,-312.969360,-72.561012, 100,0,0),
(13533,0,22, 1072.858032,-300.031769,-72.642845, 100,0,0),
(13533,0,23, 1079.721558,-287.477020,-72.393913, 100,0,0),
(13533,0,24, 1092.208984,-272.261108,-73.469406, 100,0,0),
(13533,0,25, 1096.477783,-266.829895,-74.401138, 100,0,0),
(13533,0,26, 1113.795044,-253.788101,-77.980392, 100,0,0),
(13533,0,27, 1131.470337,-235.249878,-79.264229, 100,0,0),
(13533,0,28, 1138.985962,-219.605042,-79.264229, 100,0,0),
(13533,0,29, 1137.551758,-205.170959,-80.084686, 100,0,1353301),
(13533,0,30, 1137.551758,-205.170959,-80.084686, 100,0,0),

(13716, 0, 1, 654.905, 87.382, -86.8597, 5.06689, 0, 0), 
(13716, 0, 2, 657.207, 80.8004, -86.8318, 5.14543, 0, 0),
(13716, 0, 3, 656.58, 73.1467, -86.8285, 2.94396, 6000, 1371601),
(13716, 0, 4, 653.284, 73.888, -85.8574, 3.03758, 5000, 1371602),
(13716, 0, 5, 656.595, 73.5683, -86.8284, 6.10283, 0, 0),
(13716, 0, 6, 655.724, 67.3549, -86.828, 4.45585, 0, 0),
(13716, 0, 7, 650.08, 65.0115, -86.7745, 1.21372, 4000, 0),
(13716, 0, 8, 655.445, 67.6601, -86.8283, 1.17524, 0, 0),
(13716, 0, 9, 657.399, 78.0873, -86.8283, 2.10044, 0, 0),
(13716, 0, 10, 654.905, 87.382, -86.8597, 5.06689, 4000, 1371603);

INSERT INTO `creature_addon` (`guid`, `mount`, `bytes1`, `b2_0_sheath`, `b2_1_flags`, `emote`, `moveflags`, `auras`) VALUES
(@CGUID+182, 0, 33554432, 0, 0, 0, 0, '1785'), -- Putridus Shadowstalker
(@CGUID+188, 0, 0, 1, 16, 0, 0, '13236'), -- Celebrian Dryad
(@CGUID+202, 0, 0, 0, 0, 0, 0, '8876'), -- Princess Theradras
(@CGUID+207, 0, 0, 0, 0, 0, 0, NULL), -- Primordial Behemoth
(@CGUID+474, 0, 0, 0, 0, 0, 0, NULL), -- Cavern Lurker
(@CGUID+486, 0, 0, 0, 0, 0, 0, NULL), -- Spirit of Maraudos
(@CGUID+569, 0, 0, 0, 0, 0, 0, NULL); -- Rotgrip

REPLACE INTO `creature_template_addon` (`entry`, `mount`, `bytes1`, `b2_0_sheath`, `b2_1_flags`, `emote`, `moveflags`, `auras`) VALUES
(11784, 0, 0, 1, 16, 0, 0, NULL), -- Theradrim Guardian
(11789, 0, 0, 1, 16, 0, 0, '8876'), -- Deep Borer
(11790, 0, 0, 1, 16, 0, 0, '21061'), -- Putridus Satyr
(11791, 0, 0, 1, 16, 0, 0, '3417 13299 21061'), -- Putridus Trickster
(11792, 0, 33554432, 1, 16, 0, 0, '1785'), -- Putridus Shadowstalker
(11793, 0, 0, 1, 16, 0, 0, '8601'), -- Celebrian Dryad
(11794, 0, 0, 1, 16, 0, 0, NULL), -- Sister of Celebrian
(12201, 0, 0, 1, 16, 0, 0, '8876'), -- Princess Theradras
(12203, 0, 0, 1, 16, 0, 0, NULL), -- Landslide
(12206, 0, 0, 1, 16, 0, 0, NULL), -- Primordial Behemoth
(12207, 0, 0, 1, 16, 0, 0, '3417'), -- Thessala Hydra
(12216, 0, 0, 1, 16, 0, 0, NULL), -- Poison Sprite
(12217, 0, 0, 1, 16, 0, 0, NULL), -- Corruptor
(12218, 0, 0, 1, 16, 0, 0, NULL), -- Vile Larva
(12219, 0, 0, 1, 16, 0, 0, '8876'), -- Barbed Lasher
(12220, 0, 0, 1, 16, 0, 0, '8876'), -- Constrictor Vine
(12221, 0, 0, 1, 16, 0, 0, NULL), -- Noxious Slime
(12222, 0, 0, 1, 16, 0, 0, '22638'), -- Creeping Sludge
(12223, 0, 0, 1, 16, 0, 0, NULL), -- Cavern Lurker
(12224, 0, 0, 1, 16, 0, 0, NULL), -- Cavern Shambler
(12225, 0, 0, 1, 16, 0, 0, NULL), -- Celebras the Cursed
(12236, 0, 0, 1, 16, 0, 0, NULL), -- Lord Vyletongue
(12237, 0, 0, 1, 16, 0, 0, NULL), -- Meshlok the Harvester
(12242, 0, 0, 1, 16, 0, 0, NULL), -- Spirit of Maraudos
(12243, 0, 0, 1, 16, 0, 0, NULL), -- Spirit of Veng
(12258, 0, 0, 1, 16, 0, 0, '8876'), -- Razorlash
(13141, 0, 0, 1, 16, 0, 0, NULL), -- Deeprot Stomper
(13142, 0, 0, 1, 16, 0, 0, '21337'), -- Deeprot Tangler
(13282, 0, 0, 1, 16, 0, 0, NULL), -- Noxxion
(13323, 0, 0, 1, 16, 0, 0, NULL), -- Subterranean Diemetradon
(13533, 0, 0, 1, 16, 0, 0, '21862'), -- Spewed Larva
(13596, 0, 0, 1, 16, 0, 0, NULL), -- Rotgrip
(13599, 0, 0, 1, 16, 0, 0, '14104'), -- Stolid Snapjaw
(13601, 0, 0, 1, 16, 0, 0, NULL), -- Tinkerer Gizlock
(13743, 0, 0, 1, 16, 0, 0, NULL), -- Corrupt Force of Nature
(15556, 0, 0, 1, 16, 0, 0, '25824'); -- Elder Splitrock

INSERT INTO `creature_linking` (`guid`, `master_guid`, `flag`) VALUES
(@CGUID+205, @CGUID+204, 3), -- Primordial Behemoth -> Primordial Behemoth
(@CGUID+211, @CGUID+209, 3), -- Primordial Behemoth -> Primordial Behemoth
(@CGUID+214, @CGUID+212, 3), -- Primordial Behemoth -> Primordial Behemoth
(@CGUID+215, @CGUID+213, 3), -- Primordial Behemoth -> Primordial Behemoth
(@CGUID+218, @CGUID+217, 3), -- Primordial Behemoth -> Primordial Behemoth
(@CGUID+179, @CGUID+484, 3), -- Putridus Shadowstalker -> Lord Vyletongue
(@CGUID+180, @CGUID+484, 3), -- Putridus Shadowstalker -> Lord Vyletongue
(@CGUID+573, @CGUID+576, 512), -- Stolid Snapjaw -> Stolid Snapjaw
(@CGUID+574, @CGUID+576, 512), -- Stolid Snapjaw -> Stolid Snapjaw
(@CGUID+575, @CGUID+576, 512); -- Stolid Snapjaw -> Stolid Snapjaw

REPLACE INTO `creature_linking_template` (`entry`, `map`, `master_entry`, `flag`, `search_range`) VALUES
(11783, 349, 11784, 515, 15), -- Theradrim Shardling -> Theradrim Guardian
(13743, 349, 12225, 23, 0); -- Corrupt Force of Nature -> Celebras the Cursed

INSERT INTO `creature` (`guid`, `id`, `map`, `position_x`, `position_y`, `position_z`, `orientation`, `spawntimesecsmin`, `spawntimesecsmax`, `spawndist`, `currentwaypoint`, `DeathState`, `MovementType`) VALUES
(@CGUID+1, 2914, 349, 985.773, -362.54, -50.1909, 1.78024, 7200, 7200, 10, 0, 0, 1), -- Snake
(@CGUID+2, 2914, 349, 994.114, -310.902, -45.2978, 6.26573, 7200, 7200, 10, 0, 0, 1), -- Snake
(@CGUID+3, 2914, 349, 911.326, -329.779, -49.3715, 0.279253, 7200, 7200, 10, 0, 0, 1), -- Snake
(@CGUID+4, 2914, 349, 881.947, -394.246, -51.9663, 4.18879, 7200, 7200, 10, 0, 0, 1), -- Snake
(@CGUID+5, 2914, 349, 617.651, -153.106, -54.9555, 3.19395, 7200, 7200, 10, 0, 0, 1), -- Snake
(@CGUID+6, 2914, 349, 606.83, -376.575, -51.936, 2.37365, 7200, 7200, 10, 0, 0, 1), -- Snake
(@CGUID+7, 2914, 349, 702.582, -357.157, -51.9441, 0.506145, 7200, 7200, 10, 0, 0, 1), -- Snake
(@CGUID+8, 2914, 349, 808.974, -392.469, -58.954, 3.9619, 7200, 7200, 10, 0, 0, 1), -- Snake
(@CGUID+9, 2914, 349, 351.17, 204.094, -102.046, 5.23599, 7200, 7200, 2, 0, 0, 1), -- Snake
(@CGUID+10, 2914, 349, 469.942, 195.011, -93.9649, 5.44543, 7200, 7200, 10, 0, 0, 1), -- Snake
(@CGUID+11, 2914, 349, 422.167, 266.835, -112.892, 3.97935, 7200, 7200, 3, 0, 0, 1), -- Snake
(@CGUID+12, 2914, 349, 392.931, 265.509, -93.966, 2.96706, 7200, 7200, 10, 0, 0, 1), -- Snake
(@CGUID+13, 2914, 349, 272.642, -159.493, -111.208, 5.32325, 7200, 7200, 10, 0, 0, 1), -- Snake
(@CGUID+14, 2914, 349, 242.442, -273.321, -131.512, 4.24115, 7200, 7200, 10, 0, 0, 1), -- Snake
(@CGUID+15, 2914, 349, 153.59, -223.742, -108.769, 0.488692, 7200, 7200, 10, 0, 0, 1), -- Snake
(@CGUID+16, 2914, 349, 315.697, -319.779, -116.591, 3.50811, 7200, 7200, 10, 0, 0, 1), -- Snake
(@CGUID+17, 2914, 349, 315.308, -374.615, -124.784, 1.23918, 7200, 7200, 10, 0, 0, 1), -- Snake
(@CGUID+18, 2914, 349, 257.909, -370.425, -139.472, 0.715585, 7200, 7200, 10, 0, 0, 1), -- Snake
(@CGUID+19, 2914, 349, 201.361, -361.484, -160.23, 0.10472, 7200, 7200, 10, 0, 0, 1), -- Snake
(@CGUID+20, 2914, 349, 149.905, -347.259, -175.057, 4.57276, 7200, 7200, 10, 0, 0, 1), -- Snake
(@CGUID+21, 2914, 349, -60.2852, -358.523, -178.296, 4.64258, 7200, 7200, 10, 0, 0, 1), -- Snake
(@CGUID+22, 2914, 349, -63.26, -426.394, -189.176, 5.16617, 7200, 7200, 10, 0, 0, 1), -- Snake
(@CGUID+23, 2914, 349, -126.047, -353.323, -170.336, 4.36332, 7200, 7200, 10, 0, 0, 1), -- Snake
(@CGUID+24, 4076, 349, 928.427, -289.144, -49.7132, 5.58505, 7200, 7200, 3, 0, 0, 1), -- Roach
(@CGUID+25, 6145, 349, 430.249, 50.0167, -149.919, 3.12414, 7200, 7200, 5, 0, 0, 1), -- School of Fish
(@CGUID+26, 6145, 349, 426.917, 26.3165, -149.9, 1.51844, 7200, 7200, 5, 0, 0, 1), -- School of Fish
(@CGUID+27, 6145, 349, 16.4976, -168.667, -207.727, 5.2709, 7200, 7200, 5, 0, 0, 1), -- School of Fish
(@CGUID+28, 6145, 349, 67.6116, -100.635, -206.742, 3.50811, 7200, 7200, 5, 0, 0, 1), -- School of Fish
(@CGUID+29, 6145, 349, -19.2132, -162.026, -207.255, 0.279253, 7200, 7200, 5, 0, 0, 1), -- School of Fish
(@CGUID+30, 6145, 349, 8.96613, -286.279, -206.648, 1.46608, 7200, 7200, 5, 0, 0, 1), -- School of Fish
(@CGUID+31, 6145, 349, -30.2241, -125.839, -207.441, 5.13127, 7200, 7200, 5, 0, 0, 1), -- School of Fish
(@CGUID+32, 6145, 349, 14.7221, -81.3127, -207.437, 1.51844, 7200, 7200, 5, 0, 0, 1), -- School of Fish
(@CGUID+33, 6145, 349, 60.825, -81.4101, -207.468, 2.32129, 7200, 7200, 5, 0, 0, 1), -- School of Fish
(@CGUID+34, 11784, 349, 249.569, -93.8706, -129.611, 2.49518, 7200, 7200, 3, 0, 0, 2), -- Theradrim Guardian
(@CGUID+35, 11784, 349, 200.951, -133.789, -101.056, 0.81201, 7200, 7200, 0, 0, 0, 2), -- Theradrim Guardian
(@CGUID+36, 11784, 349, 150.435, -194.71, -171.844, 0.136059, 7200, 7200, 0, 0, 0, 2), -- Theradrim Guardian
(@CGUID+37, 11784, 349, 177.02, -304.479, -172.301, 3.50771, 7200, 7200, 0, 0, 0, 2), -- Theradrim Guardian
(@CGUID+38, 11784, 349, 312.607, -343.824, -117.538, 1.48843, 7200, 7200, 0, 0, 0, 2), -- Theradrim Guardian
(@CGUID+39, 11784, 349, 108.614, -268.941, -108.677, 6.10207, 7200, 7200, 0, 0, 0, 2), -- Theradrim Guardian
(@CGUID+40, 11784, 349, -133.015, -363.42, -170.419, 4.37615, 7200, 7200, 0, 0, 0, 2), -- Theradrim Guardian
(@CGUID+41, 11789, 349, 358.876, 198.009, -103.59, 0.802851, 7200, 7200, 2, 0, 0, 1), -- Deep Borer
(@CGUID+42, 11789, 349, 349.449, 199.305, -101.852, 1.23918, 7200, 7200, 5, 0, 0, 1), -- Deep Borer
(@CGUID+43, 11789, 349, 343.455, 209.268, -101.919, 2.7843, 7200, 7200, 2, 0, 0, 1), -- Deep Borer
(@CGUID+44, 11789, 349, 350.767, 203.962, -102.122, 5.78446, 7200, 7200, 2, 0, 0, 1), -- Deep Borer
(@CGUID+45, 11789, 349, 355.294, 205.216, -102.213, 3.69712, 7200, 7200, 2, 0, 0, 1), -- Deep Borer
(@CGUID+46, 11789, 349, 349.12, 214.304, -101.919, 2.48562, 7200, 7200, 2, 0, 0, 1), -- Deep Borer
(@CGUID+47, 11789, 349, 426.42, 186.571, -112.809, 0.977384, 7200, 7200, 2, 0, 0, 1), -- Deep Borer
(@CGUID+48, 11789, 349, 432.291, 187.774, -112.809, 5.70723, 7200, 7200, 2, 0, 0, 1), -- Deep Borer
(@CGUID+49, 11789, 349, 434.627, 176.451, -113.249, 2.96706, 7200, 7200, 2, 0, 0, 1), -- Deep Borer
(@CGUID+50, 11789, 349, 435.835, 182.061, -113.089, 0.296706, 7200, 7200, 2, 0, 0, 1), -- Deep Borer
(@CGUID+51, 11789, 349, 426.496, 174.369, -113.223, 0.610865, 7200, 7200, 2, 0, 0, 1), -- Deep Borer
(@CGUID+52, 11789, 349, 444.826, 222.771, -93.9635, 4.17134, 7200, 7200, 2, 0, 0, 1), -- Deep Borer
(@CGUID+53, 11789, 349, 373.973, 254.617, -93.966, 0.680678, 7200, 7200, 2, 0, 0, 1), -- Deep Borer
(@CGUID+54, 11789, 349, 422.958, 252.043, -112.809, 0.226893, 7200, 7200, 2, 0, 0, 1), -- Deep Borer
(@CGUID+55, 11789, 349, 412.098, 251.997, -112.809, 0.017453, 7200, 7200, 2, 0, 0, 1), -- Deep Borer
(@CGUID+56, 11789, 349, 413.722, 262.665, -113.078, 5.32325, 7200, 7200, 2, 0, 0, 1), -- Deep Borer
(@CGUID+57, 11789, 349, 418.653, 257.884, -112.963, 5.07891, 7200, 7200, 2, 0, 0, 1), -- Deep Borer
(@CGUID+58, 11789, 349, 445.937, 230.974, -94.0469, 1.77473, 7200, 7200, 2, 0, 0, 1), -- Deep Borer
(@CGUID+59, 11789, 349, 443.431, 237.929, -94.0469, 0.284811, 7200, 7200, 2, 0, 0, 1), -- Deep Borer
(@CGUID+60, 11789, 349, 452.308, 222.889, -94.0469, 5.21707, 7200, 7200, 2, 0, 0, 1), -- Deep Borer
(@CGUID+61, 11789, 349, 447.359, 236.82, -94.0469, 6.2066, 7200, 7200, 2, 0, 0, 1), -- Deep Borer
(@CGUID+62, 11789, 349, 421.065, 267.795, -112.877, 3.66519, 7200, 7200, 2, 0, 0, 1), -- Deep Borer
(@CGUID+63, 11789, 349, 369.572, 259.807, -93.966, 5.8294, 7200, 7200, 2, 0, 0, 1), -- Deep Borer
(@CGUID+64, 11789, 349, 364.185, 261.026, -94.0731, 6.1056, 7200, 7200, 2, 0, 0, 1), -- Deep Borer
(@CGUID+65, 11789, 349, 357.917, 261.982, -94.0766, 3.98254, 7200, 7200, 2, 0, 0, 1), -- Deep Borer
(@CGUID+66, 11789, 349, 363.882, 255.568, -94.0836, 3.50857, 7200, 7200, 2, 0, 0, 1), -- Deep Borer
(@CGUID+67, 11789, 349, 363.773, 265.729, -94.0647, 3.1204, 7200, 7200, 2, 0, 0, 1), -- Deep Borer
(@CGUID+68, 11789, 349, 497.84, 256.666, -93.966, 5.49779, 7200, 7200, 2, 0, 0, 1), -- Deep Borer
(@CGUID+69, 11789, 349, 492.267, 259.671, -93.966, 3.50811, 7200, 7200, 2, 0, 0, 1), -- Deep Borer
(@CGUID+70, 11789, 349, 500.731, 260.671, -93.966, 1.01229, 7200, 7200, 2, 0, 0, 1), -- Deep Borer
(@CGUID+71, 11789, 349, 502.503, 254.84, -93.966, 3.52556, 7200, 7200, 2, 0, 0, 1), -- Deep Borer
(@CGUID+72, 11789, 349, 490.254, 265.185, -93.966, 0.890118, 7200, 7200, 2, 0, 0, 1), -- Deep Borer
(@CGUID+73, 11789, 349, 497.253, 265.49, -93.966, 2.3911, 7200, 7200, 2, 0, 0, 1), -- Deep Borer
(@CGUID+74, 11789, 349, 513.198, 208.444, -93.966, 5.23599, 7200, 7200, 1, 0, 0, 1), -- Deep Borer
(@CGUID+75, 11789, 349, 516.662, 215.111, -93.966, 2.77507, 7200, 7200, 1, 0, 0, 1), -- Deep Borer
(@CGUID+76, 11789, 349, 518.663, 203.9, -93.966, 2.32129, 7200, 7200, 1, 0, 0, 1), -- Deep Borer
(@CGUID+77, 11789, 349, 524.349, 218.942, -93.966, 4.20624, 7200, 7200, 1, 0, 0, 1), -- Deep Borer
(@CGUID+78, 11789, 349, 527.922, 211.692, -93.966, 0.541052, 7200, 7200, 1, 0, 0, 1), -- Deep Borer
(@CGUID+79, 11789, 349, 169.201, -184.755, -171.792, 1.67552, 7200, 7200, 2, 0, 0, 1), -- Deep Borer
(@CGUID+80, 11789, 349, 162.719, -190.404, -171.87, 1.81697, 7200, 7200, 2, 0, 0, 1), -- Deep Borer
(@CGUID+81, 11789, 349, 155.947, -196.335, -171.786, 3.01942, 7200, 7200, 2, 0, 0, 1), -- Deep Borer
(@CGUID+82, 11789, 349, 161.961, -179.915, -171.873, 0.59168, 7200, 7200, 2, 0, 0, 1), -- Deep Borer
(@CGUID+83, 11789, 349, 152.356, -190.924, -171.479, 2.8304, 7200, 7200, 2, 0, 0, 1), -- Deep Borer
(@CGUID+84, 11789, 349, 150.355, -199.439, -171.858, 0.525435, 7200, 7200, 2, 0, 0, 1), -- Deep Borer
(@CGUID+85, 11789, 349, 177.462, -280.53, -170.766, 1.39626, 7200, 7200, 2, 0, 0, 1), -- Deep Borer
(@CGUID+86, 11789, 349, 260.778, -324.774, -140.079, 2.32129, 7200, 7200, 2, 0, 0, 1), -- Deep Borer
(@CGUID+87, 11789, 349, 250.874, -322.728, -140.625, 0.122173, 7200, 7200, 2, 0, 0, 1), -- Deep Borer
(@CGUID+88, 11789, 349, 245.053, -328.655, -141.898, 0.610865, 7200, 7200, 2, 0, 0, 1), -- Deep Borer
(@CGUID+89, 11789, 349, 177.905, -292.339, -171.058, 1.50897, 7200, 7200, 2, 0, 0, 1), -- Deep Borer
(@CGUID+90, 11789, 349, 180.165, -305.196, -172.459, 4.07627, 7200, 7200, 1, 0, 0, 1), -- Deep Borer
(@CGUID+91, 11789, 349, 169.804, -287.721, -170.591, 4.33353, 7200, 7200, 2, 0, 0, 1), -- Deep Borer
(@CGUID+92, 11789, 349, 184.538, -296.787, -171.501, 3.03901, 7200, 7200, 2, 0, 0, 1), -- Deep Borer
(@CGUID+93, 11789, 349, 321.909, -270.525, -117.774, 1.15192, 7200, 7200, 2, 0, 0, 1), -- Deep Borer
(@CGUID+94, 11789, 349, 258.788, -344.143, -139.989, 2.65193, 7200, 7200, 2, 0, 0, 1), -- Deep Borer
(@CGUID+95, 11789, 349, 261.41, -334.957, -139.834, 2.91676, 7200, 7200, 2, 0, 0, 1), -- Deep Borer
(@CGUID+96, 11789, 349, 323.703, -282.572, -118.075, 6.01, 7200, 7200, 2, 0, 0, 1), -- Deep Borer
(@CGUID+97, 11789, 349, 332.835, -287.568, -118.065, 5.66725, 7200, 7200, 2, 0, 0, 1), -- Deep Borer
(@CGUID+98, 11789, 349, 341.197, -279.971, -117.981, 4.13682, 7200, 7200, 2, 0, 0, 1), -- Deep Borer
(@CGUID+99, 11789, 349, 328.706, -262.806, -118.052, 4.2461, 7200, 7200, 2, 0, 0, 1), -- Deep Borer
(@CGUID+100, 11789, 349, 341.451, -263.645, -118.05, 3.52021, 7200, 7200, 2, 0, 0, 1), -- Deep Borer
(@CGUID+101, 11789, 349, 321.658, -396.971, -124.784, 1.88496, 7200, 7200, 3, 0, 0, 1), -- Deep Borer
(@CGUID+102, 11789, 349, 324.879, -387.968, -124.784, 4.76475, 7200, 7200, 3, 0, 0, 1), -- Deep Borer
(@CGUID+103, 11789, 349, 332.864, -392.877, -124.784, 1.53589, 7200, 7200, 3, 0, 0, 1), -- Deep Borer
(@CGUID+104, 11789, 349, 325.421, -405.858, -124.867, 5.46163, 7200, 7200, 3, 0, 0, 1), -- Deep Borer
(@CGUID+105, 11789, 349, 335.165, -402.868, -124.867, 5.57879, 7200, 7200, 3, 0, 0, 1), -- Deep Borer
(@CGUID+106, 11789, 349, 320.35, -406.137, -124.867, 6.11241, 7200, 7200, 3, 0, 0, 1), -- Deep Borer
(@CGUID+107, 11789, 349, 128.19, -267.301, -168.444, 5.74213, 7200, 7200, 1, 0, 0, 1), -- Deep Borer
(@CGUID+108, 11789, 349, 113.677, -256.847, -167.749, 0.05236, 7200, 7200, 1, 0, 0, 1), -- Deep Borer
(@CGUID+109, 11789, 349, 121.794, -261.108, -168.189, 5.2709, 7200, 7200, 1, 0, 0, 1), -- Deep Borer
(@CGUID+110, 11789, 349, 131.78, -258.192, -168.055, 1.95477, 7200, 7200, 1, 0, 0, 1), -- Deep Borer
(@CGUID+111, 11789, 349, 134.664, -246.869, -168.398, 4.98258, 7200, 7200, 1, 0, 0, 1), -- Deep Borer
(@CGUID+112, 11789, 349, 118.08, -164.622, -167.374, 4.01426, 7200, 7200, 2, 0, 0, 1), -- Deep Borer
(@CGUID+113, 11789, 349, 108.674, -187.774, -167.374, 3.00197, 7200, 7200, 2, 0, 0, 1), -- Deep Borer
(@CGUID+114, 11789, 349, 122.108, -177.402, -167.374, 5.84685, 7200, 7200, 2, 0, 0, 1), -- Deep Borer
(@CGUID+115, 11789, 349, 101.881, -178.891, -167.374, 1.72788, 7200, 7200, 2, 0, 0, 1), -- Deep Borer
(@CGUID+116, 11789, 349, 116.806, -185.315, -167.374, 4.06662, 7200, 7200, 2, 0, 0, 1), -- Deep Borer
(@CGUID+117, 11789, 349, 108.857, -162.806, -167.336, 2.20701, 7200, 7200, 2, 0, 0, 1), -- Deep Borer
(@CGUID+118, 11789, 349, -90.4707, -266.801, -170.336, 2.68781, 7200, 7200, 1, 0, 0, 1), -- Deep Borer
(@CGUID+119, 11789, 349, -93.2932, -252.8, -170.336, 2.89725, 7200, 7200, 1, 0, 0, 1), -- Deep Borer
(@CGUID+120, 11789, 349, -94.9628, -260.261, -170.336, 3.52556, 7200, 7200, 1, 0, 0, 1), -- Deep Borer
(@CGUID+121, 11789, 349, -100.349, -251.573, -170.336, 0.506145, 7200, 7200, 1, 0, 0, 1), -- Deep Borer
(@CGUID+122, 11789, 349, -103.224, -319.017, -170.333, 4.45059, 7200, 7200, 2, 0, 0, 1), -- Deep Borer
(@CGUID+123, 11789, 349, -105.145, -308.305, -170.335, 1.8675, 7200, 7200, 2, 0, 0, 1), -- Deep Borer
(@CGUID+124, 11789, 349, -105.733, -314.67, -170.333, 2.30383, 7200, 7200, 2, 0, 0, 1), -- Deep Borer
(@CGUID+125, 11789, 349, -99.7045, -312.567, -170.334, 3.35103, 7200, 7200, 2, 0, 0, 1), -- Deep Borer
(@CGUID+126, 11789, 349, -105.499, -260.618, -170.419, 6.03759, 7200, 7200, 1, 0, 0, 1), -- Deep Borer
(@CGUID+127, 11789, 349, -109.524, -314.792, -170.418, 5.50949, 7200, 7200, 2, 0, 0, 1), -- Deep Borer
(@CGUID+128, 11789, 349, -124.533, -389.442, -170.336, 4.93928, 7200, 7200, 2, 0, 0, 1), -- Deep Borer
(@CGUID+129, 11789, 349, -118.404, -376.078, -170.336, 4.36332, 7200, 7200, 2, 0, 0, 1), -- Deep Borer
(@CGUID+130, 11789, 349, -116.521, -385.825, -170.336, 3.735, 7200, 7200, 2, 0, 0, 1), -- Deep Borer
(@CGUID+131, 11789, 349, -108.174, -380.384, -170.336, 2.28638, 7200, 7200, 2, 0, 0, 1), -- Deep Borer
(@CGUID+132, 11789, 349, -126.455, -381.604, -170.419, 2.77572, 7200, 7200, 2, 0, 0, 1), -- Deep Borer
(@CGUID+133, 11789, 349, -143.368, -334.523, -170.336, 4.08407, 7200, 7200, 2, 0, 0, 1), -- Deep Borer
(@CGUID+134, 11789, 349, -144.237, -318.947, -170.336, 1.79769, 7200, 7200, 2, 0, 0, 1), -- Deep Borer
(@CGUID+135, 11789, 349, -142.068, -327.561, -170.336, 2.21657, 7200, 7200, 2, 0, 0, 1), -- Deep Borer
(@CGUID+136, 11789, 349, -145.74, -339.411, -170.336, 1.97222, 7200, 7200, 2, 0, 0, 1), -- Deep Borer
(@CGUID+137, 11789, 349, -147.693, -330.588, -170.336, 0.558505, 7200, 7200, 2, 0, 0, 1), -- Deep Borer
(@CGUID+138, 11789, 349, -111.448, -320.95, -170.418, 1.83066, 7200, 7200, 2, 0, 0, 1), -- Deep Borer
(@CGUID+139, 11790, 349, 870.034, -329.385, -48.798, 0.279253, 7200, 7200, 0, 0, 0, 2), -- Putridus Satyr
(@CGUID+140, 11790, 349, 805.145, -337.727, -51.5528, 3.83972, 7200, 7200, 0, 0, 0, 0), -- Putridus Satyr
(@CGUID+141, 11790, 349, 834.136, -356.258, -51.9663, 0.890118, 7200, 7200, 0, 0, 0, 0), -- Putridus Satyr
(@CGUID+142, 11790, 349, 899.811, -417.652, -52.9225, 2.60054, 7200, 7200, 0, 0, 0, 0), -- Putridus Satyr
(@CGUID+143, 11790, 349, 897.796, -406.071, -52.8607, 3.36848, 7200, 7200, 0, 0, 0, 0), -- Putridus Satyr
(@CGUID+144, 11790, 349, 674.105, -344.019, -51.5498, 5.89921, 7200, 7200, 1, 0, 0, 1), -- Putridus Satyr
(@CGUID+145, 11790, 349, 601.067, -402.522, -51.936, 2.6529, 7200, 7200, 0, 0, 0, 0), -- Putridus Satyr
(@CGUID+146, 11790, 349, 738.584, -330.438, -50.7237, 4.50295, 7200, 7200, 0, 0, 0, 0), -- Putridus Satyr
(@CGUID+147, 11790, 349, 789.526, -424.056, -53.5349, 5.3058, 7200, 7200, 1, 0, 0, 1), -- Putridus Satyr
(@CGUID+148, 11790, 349, 790.499, -413.405, -53.3356, 4.95674, 7200, 7200, 1, 0, 0, 1), -- Putridus Satyr
(@CGUID+149, 11790, 349, 775.081, -463.518, -41.1876, 3.78736, 7200, 7200, 0, 0, 0, 0), -- Putridus Satyr
(@CGUID+150, 11790, 349, 814.742, -504.85, -40.8171, 2.80998, 7200, 7200, 0, 0, 0, 0), -- Putridus Satyr
(@CGUID+151, 11790, 349, 755.923, -521.588, -53.0517, 0.331613, 7200, 7200, 1, 0, 0, 1), -- Putridus Satyr
(@CGUID+152, 11790, 349, 757.784, -512.531, -53.0517, 5.65487, 7200, 7200, 1, 0, 0, 1), -- Putridus Satyr
(@CGUID+153, 11790, 349, 745.341, -505.86, -41.3151, 3.35103, 7200, 7200, 2, 0, 0, 1), -- Putridus Satyr
(@CGUID+154, 11790, 349, 740.344, -500.71, -40.9572, 4.2586, 7200, 7200, 2, 0, 0, 1), -- Putridus Satyr
(@CGUID+155, 11791, 349, 873.657, -331.636, -48.8113, 1.39626, 7200, 7200, 0, 0, 0, 0), -- Putridus Trickster
(@CGUID+156, 11791, 349, 837.188, -362.33, -51.516, 1.6057, 7200, 7200, 0, 0, 0, 0), -- Putridus Trickster
(@CGUID+157, 11791, 349, 800.262, -334.675, -51.4592, 4.57276, 7200, 7200, 0, 0, 0, 0), -- Putridus Trickster
(@CGUID+158, 11791, 349, 709.847, -193.447, -47.166, 4.76475, 7200, 7200, 0, 0, 0, 0), -- Putridus Trickster
(@CGUID+159, 11791, 349, 710.02, -201.638, -47.166, 1.5708, 7200, 7200, 0, 0, 0, 0), -- Putridus Trickster
(@CGUID+160, 11791, 349, 686.322, -196.2, -60.4321, 2.37365, 7200, 7200, 0, 0, 0, 0), -- Putridus Trickster
(@CGUID+161, 11791, 349, 681.369, -191.207, -60.4103, 5.48033, 7200, 7200, 0, 0, 0, 0), -- Putridus Trickster
(@CGUID+162, 11791, 349, 742.923, -127.961, -56.2506, 3.29867, 7200, 7200, 0, 0, 0, 2), -- Putridus Trickster
(@CGUID+163, 11791, 349, 739.91, -122.194, -56.5653, 3.97935, 7200, 7200, 0, 0, 0, 2), -- Putridus Trickster
(@CGUID+164, 11791, 349, 758.122, -42.8355, -55.9574, 2.1293, 7200, 7200, 0, 0, 0, 2), -- Putridus Trickster
(@CGUID+165, 11791, 349, 750.123, -42.8777, -56.1531, 0.959931, 7200, 7200, 0, 0, 0, 2), -- Putridus Trickster
(@CGUID+166, 11791, 349, 597.286, -159.13, -55.1057, 3.87463, 7200, 7200, 0, 0, 0, 0), -- Putridus Trickster
(@CGUID+167, 11791, 349, 597.202, -145.592, -55.1017, 2.1293, 7200, 7200, 0, 0, 0, 0), -- Putridus Trickster
(@CGUID+168, 11791, 349, 634.602, -314.308, -50.962, 4.46804, 7200, 7200, 0, 0, 0, 0), -- Putridus Trickster
(@CGUID+169, 11791, 349, 637.383, -318.413, -50.9839, 3.28122, 7200, 7200, 0, 0, 0, 0), -- Putridus Trickster
(@CGUID+170, 11791, 349, 691.346, -349.297, -51.1676, 2.93215, 7200, 7200, 0, 0, 0, 0), -- Putridus Trickster
(@CGUID+171, 11791, 349, 614.951, -400.142, -51.936, 2.23402, 7200, 7200, 0, 0, 0, 0), -- Putridus Trickster
(@CGUID+172, 11791, 349, 581.786, -390.249, -51.936, 0.820305, 7200, 7200, 0, 0, 0, 0), -- Putridus Trickster
(@CGUID+173, 11791, 349, 580.809, -384.172, -51.936, 0.383972, 7200, 7200, 0, 0, 0, 0), -- Putridus Trickster
(@CGUID+174, 11791, 349, 594.648, -399.883, -51.936, 5.8294, 7200, 7200, 0, 0, 0, 0), -- Putridus Trickster
(@CGUID+175, 11791, 349, 616.528, -392.275, -51.936, 2.9147, 7200, 7200, 0, 0, 0, 0), -- Putridus Trickster
(@CGUID+176, 11791, 349, 735.152, -342.541, -50.7083, 1.37881, 7200, 7200, 0, 0, 0, 0), -- Putridus Trickster
(@CGUID+177, 11792, 349, 721.573, -211.075, -47.166, 3.31613, 7200, 7200, 0, 0, 0, 0), -- Putridus Shadowstalker
(@CGUID+178, 11792, 349, 721.642, -227.507, -47.166, 2.80998, 7200, 7200, 0, 0, 0, 0), -- Putridus Shadowstalker
(@CGUID+179, 11792, 349, 740.682, -234.436, -47.7354, 2.79253, 7200, 7200, 0, 0, 0, 0), -- Putridus Shadowstalker
(@CGUID+180, 11792, 349, 740.936, -204.986, -47.6882, 3.54302, 7200, 7200, 0, 0, 0, 0), -- Putridus Shadowstalker
(@CGUID+181, 11792, 349, 788.881, -336.129, -50.4012, 2.12786, 7200, 7200, 0, 0, 0, 2), -- Putridus Shadowstalker
(@CGUID+182, 11792, 349, 617.64, -223.231, -61.1964, 5.81495, 7200, 7200, 0, 1, 0, 2), -- Putridus Shadowstalker
(@CGUID+183, 11792, 349, 837.646, -346.113, -52.0496, 0.163293, 7200, 7200, 0, 0, 0, 2), -- Putridus Shadowstalker
(@CGUID+184, 11793, 349, 1045.99, -368.822, -36.2759, 1.82739, 7200, 7200, 0, 0, 0, 0), -- Celebrian Dryad
(@CGUID+185, 11793, 349, 1043.05, -368.435, -36.3261, 1.83132, 7200, 7200, 0, 0, 0, 0), -- Celebrian Dryad
(@CGUID+186, 11793, 349, 903.121, -326.834, -49.6053, 4.88513, 7200, 7200, 5, 0, 0, 1), -- Celebrian Dryad
(@CGUID+187, 11793, 349, 901.704, -330.173, -49.4676, 4.89489, 7200, 7200, 5, 0, 0, 1), -- Celebrian Dryad
(@CGUID+188, 11793, 349, 806.328, 72.7586, -86.7958, 5.1642, 7200, 7200, 3, 0, 0, 1), -- Celebrian Dryad
(@CGUID+189, 11793, 349, 801.315, 81.004, -86.6453, 4.8359, 7200, 7200, 2, 0, 0, 1), -- Celebrian Dryad
(@CGUID+190, 11794, 349, 945.434, -157.025, -60.1186, 0.41063, 7200, 7200, 0, 0, 0, 0), -- Sister of Celebrian
(@CGUID+191, 11794, 349, 942.819, -155.982, -60.3046, 1.20594, 7200, 7200, 0, 0, 0, 0), -- Sister of Celebrian
(@CGUID+192, 11794, 349, 873.336, -94.3792, -87.0649, 0.033702, 7200, 7200, 2, 0, 0, 1), -- Sister of Celebrian
(@CGUID+193, 11794, 349, 866.196, -92.6992, -87.3208, 5.64039, 7200, 7200, 2, 0, 0, 1), -- Sister of Celebrian
(@CGUID+194, 11794, 349, 863.344, -82.0318, -87.0558, 1.49697, 7200, 7200, 2, 0, 0, 1), -- Sister of Celebrian
(@CGUID+195, 11794, 349, 864.097, -88.3481, -87.4051, 5.42058, 7200, 7200, 2, 0, 0, 1), -- Sister of Celebrian
(@CGUID+196, 11794, 349, 874.742, -156.131, -87.0904, 1.72611, 7200, 7200, 1, 0, 0, 1), -- Sister of Celebrian
(@CGUID+197, 11794, 349, 872.477, -156.565, -87.2358, 1.62768, 7200, 7200, 1, 0, 0, 1), -- Sister of Celebrian
(@CGUID+198, 11794, 349, 793.148, -160.879, -74.3821, 4.95674, 7200, 7200, 1, 0, 0, 1), -- Sister of Celebrian
(@CGUID+199, 11794, 349, 797.136, -163.28, -74.783, 4.81711, 7200, 7200, 1, 0, 0, 1), -- Sister of Celebrian
(@CGUID+200, 11794, 349, 810.533, 75.4264, -86.4627, 1.8326, 7200, 7200, 2, 0, 0, 1), -- Sister of Celebrian
(@CGUID+201, 11794, 349, 802.575, 75.7475, -86.8358, 5.31355, 7200, 7200, 3, 0, 0, 1), -- Sister of Celebrian
(@CGUID+202, 12201, 349, 27.8981, 83.1932, -124.483, 0.240237, 43200, 43200, 5, 1, 0, 2), -- Princess Theradras
(@CGUID+203, 12203, 349, 356.681, -185.455, -59.8156, 3.45575, 43200, 43200, 0, 0, 0, 0), -- Landslide
(@CGUID+204, 12206, 349, 302.198, -187.907, -59.8158, 2.32129, 7200, 7200, 0, 0, 0, 0), -- Primordial Behemoth
(@CGUID+205, 12206, 349, 290.086, -203.261, -59.8158, 1.55334, 7200, 7200, 0, 0, 0, 0), -- Primordial Behemoth
(@CGUID+206, 12206, 349, 242.46, -105.546, -87.1505, 4.67748, 7200, 7200, 0, 0, 0, 0), -- Primordial Behemoth
(@CGUID+207, 12206, 349, 297.198, -170.81, -59.9956, 2.34287, 7200, 7200, 6, 1, 0, 2), -- Primordial Behemoth
(@CGUID+208, 12206, 349, 171.467, -190.018, -110.903, 0.069813, 7200, 7200, 0, 0, 0, 0), -- Primordial Behemoth
(@CGUID+209, 12206, 349, 38.3197, -35.2215, -128.15, 4.46804, 7200, 7200, 0, 0, 0, 0), -- Primordial Behemoth
(@CGUID+210, 12206, 349, 76.7185, -168.97, -169.867, 5.74213, 7200, 7200, 0, 0, 0, 0), -- Primordial Behemoth
(@CGUID+211, 12206, 349, 21.3003, -34.1877, -127.808, 4.60767, 7200, 7200, 0, 0, 0, 0), -- Primordial Behemoth
(@CGUID+212, 12206, 349, 73.008, -197.635, -109.857, 4.45059, 7200, 7200, 0, 0, 0, 0), -- Primordial Behemoth
(@CGUID+213, 12206, 349, 17.4328, -114.711, -123.872, 4.69494, 7200, 7200, 0, 0, 0, 0), -- Primordial Behemoth
(@CGUID+214, 12206, 349, 56.0879, -208.406, -109.62, 5.32325, 7200, 7200, 0, 0, 0, 0), -- Primordial Behemoth
(@CGUID+215, 12206, 349, -0.296263, -119.216, -123.903, 5.23599, 7200, 7200, 0, 0, 0, 0), -- Primordial Behemoth
(@CGUID+216, 12206, 349, 37.7301, -254.956, -169.68, 2.11185, 7200, 7200, 0, 0, 0, 0), -- Primordial Behemoth
(@CGUID+217, 12206, 349, 49.7168, -280.925, -108.595, 0.698132, 7200, 7200, 0, 0, 0, 0), -- Primordial Behemoth
(@CGUID+218, 12206, 349, 59.5708, -293.16, -107.856, 1.01229, 7200, 7200, 0, 0, 0, 0), -- Primordial Behemoth
(@CGUID+219, 12206, 349, -137.012, -412.656, -189.179, 0.087266, 7200, 7200, 0, 0, 0, 0), -- Primordial Behemoth
(@CGUID+220, 12207, 349, 277.117, 41.9898, -131.01, 2.1298, 7200, 7200, 3, 0, 0, 1), -- Thessala Hydra
(@CGUID+221, 12207, 349, 309.63, 97.8969, -131.752, 4.24793, 7200, 7200, 3, 0, 0, 1), -- Thessala Hydra
(@CGUID+222, 12207, 349, 284.438, 25.4183, -131.01, 1.81523, 7200, 7200, 5, 1, 0, 2), -- Thessala Hydra
(@CGUID+223, 12207, 349, 332.746, -90.2094, -131.01, 2.12854, 7200, 7200, 3, 0, 0, 1), -- Thessala Hydra
(@CGUID+224, 12207, 349, 275.028, -58.9521, -131.01, 2.7657, 7200, 7200, 5, 1, 0, 2), -- Thessala Hydra
(@CGUID+225, 12207, 349, 248.743, -8.41897, -131.01, 3.50653, 7200, 7200, 2, 0, 0, 1), -- Thessala Hydra
(@CGUID+226, 12207, 349, 54.7825, -133.367, -204.784, 3.80482, 7200, 7200, 5, 0, 0, 1), -- Thessala Hydra
(@CGUID+227, 12207, 349, -4.79137, -238.573, -208.684, 2.51327, 7200, 7200, 5, 0, 0, 1), -- Thessala Hydra
(@CGUID+228, 12207, 349, 15.4218, -310.705, -206.929, 3.4383, 7200, 7200, 5, 0, 0, 1), -- Thessala Hydra
(@CGUID+229, 12207, 349, -26.191, -87.2396, -206.446, 3.28122, 7200, 7200, 5, 0, 0, 1), -- Thessala Hydra
(@CGUID+230, 12207, 349, -80.494, -395.249, -189.805, 5.39307, 7200, 7200, 5, 0, 0, 1), -- Thessala Hydra
(@CGUID+231, 12216, 349, 876.261, -337.357, -50.205, 3.97935, 7200, 7200, 2, 0, 0, 1), -- Poison Sprite
(@CGUID+232, 12216, 349, 868.052, -335.039, -50.2559, 3.88721, 7200, 7200, 2, 0, 0, 1), -- Poison Sprite
(@CGUID+233, 12216, 349, 866.385, -330.353, -50.0884, 1.42954, 7200, 7200, 2, 0, 0, 1), -- Poison Sprite
(@CGUID+234, 12216, 349, 835.557, -352.947, -51.9663, 4.08407, 7200, 7200, 1, 0, 0, 1), -- Poison Sprite
(@CGUID+235, 12216, 349, 806.704, -341.826, -51.6066, 1.15192, 7200, 7200, 1, 0, 0, 1), -- Poison Sprite
(@CGUID+236, 12216, 349, 895.025, -412.703, -52.5014, 2.61799, 7200, 7200, 2, 0, 0, 1), -- Poison Sprite
(@CGUID+237, 12216, 349, 895.228, -420.673, -52.7762, 3.21141, 7200, 7200, 1, 0, 0, 1), -- Poison Sprite
(@CGUID+238, 12216, 349, 891.098, -416.337, -52.4106, 3.19395, 7200, 7200, 2, 0, 0, 1), -- Poison Sprite
(@CGUID+239, 12216, 349, 796.003, -332.974, -50.8889, 0.223871, 7200, 7200, 1, 0, 0, 1), -- Poison Sprite
(@CGUID+240, 12216, 349, 801.145, -337.659, -51.6119, 1.00031, 7200, 7200, 1, 0, 0, 1), -- Poison Sprite
(@CGUID+241, 12216, 349, 704.127, -196.929, -47.166, 3.07178, 7200, 7200, 1, 0, 0, 1), -- Poison Sprite
(@CGUID+242, 12216, 349, 708.052, -186.54, -47.166, 3.83972, 7200, 7200, 1, 0, 0, 1), -- Poison Sprite
(@CGUID+243, 12216, 349, 708.825, -197.031, -47.166, 0.226893, 7200, 7200, 1, 0, 0, 1), -- Poison Sprite
(@CGUID+244, 12216, 349, 677.379, -202.295, -60.5414, 3.10762, 7200, 7200, 3, 0, 0, 1), -- Poison Sprite
(@CGUID+245, 12216, 349, 747.838, -121.34, -56.4993, 3.01942, 7200, 7200, 1, 0, 0, 1), -- Poison Sprite
(@CGUID+246, 12216, 349, 736.766, -114.996, -56.4388, 0.645772, 7200, 7200, 1, 0, 0, 1), -- Poison Sprite
(@CGUID+247, 12216, 349, 762.973, -41.8963, -55.9294, 0.20944, 7200, 7200, 1, 0, 0, 1), -- Poison Sprite
(@CGUID+248, 12216, 349, 638.632, -312.248, -51.9875, 5.60251, 7200, 7200, 1, 0, 0, 1), -- Poison Sprite
(@CGUID+249, 12216, 349, 678.345, -349.311, -52.2441, 0.610865, 7200, 7200, 1, 0, 0, 1), -- Poison Sprite
(@CGUID+250, 12216, 349, 683.27, -351.368, -52.095, 0.20944, 7200, 7200, 1, 0, 0, 1), -- Poison Sprite
(@CGUID+251, 12216, 349, 744.108, -343.427, -50.7637, 4.3986, 7200, 7200, 1, 0, 0, 1), -- Poison Sprite
(@CGUID+252, 12216, 349, 733.493, -333.481, -50.7962, 1.49642, 7200, 7200, 1, 0, 0, 1), -- Poison Sprite
(@CGUID+253, 12216, 349, 793.614, -413.387, -53.4507, 5.67232, 7200, 7200, 1, 0, 0, 1), -- Poison Sprite
(@CGUID+254, 12216, 349, 791.652, -424.879, -53.7028, 2.4517, 7200, 7200, 1, 0, 0, 1), -- Poison Sprite
(@CGUID+255, 12216, 349, 811.594, -501.381, -40.6044, 3.33358, 7200, 7200, 1, 0, 0, 1), -- Poison Sprite
(@CGUID+256, 12216, 349, 812.477, -496.378, -40.0211, 2.26893, 7200, 7200, 1, 0, 0, 1), -- Poison Sprite
(@CGUID+257, 12216, 349, 801.899, -492.686, -39.6279, 6.03884, 7200, 7200, 1, 0, 0, 1), -- Poison Sprite
(@CGUID+258, 12216, 349, 762.208, -522.24, -53.0395, 5.91667, 7200, 7200, 1, 0, 0, 1), -- Poison Sprite
(@CGUID+259, 12216, 349, 762.065, -508.685, -52.9463, 4.60767, 7200, 7200, 1, 0, 0, 1), -- Poison Sprite
(@CGUID+260, 12216, 349, 763.24, -466.769, -40.9006, 5.68977, 7200, 7200, 1, 0, 0, 1), -- Poison Sprite
(@CGUID+261, 12216, 349, 762.554, -554.018, -33.5205, 3.92462, 7200, 7200, 2, 0, 0, 1), -- Poison Sprite
(@CGUID+262, 12216, 349, 758.001, -558.553, -33.0496, 3.92961, 7200, 7200, 2, 0, 0, 1), -- Poison Sprite
(@CGUID+263, 12216, 349, 716.286, -496.908, -36.5688, 3.40339, 7200, 7200, 2, 0, 0, 1), -- Poison Sprite
(@CGUID+264, 12216, 349, 710.471, -498.483, -36.4188, 5.81195, 7200, 7200, 1, 0, 0, 1), -- Poison Sprite
(@CGUID+265, 12217, 349, 872.162, -337, -50.1288, 0.820305, 7200, 7200, 2, 0, 0, 1), -- Corruptor
(@CGUID+266, 12217, 349, 841.309, -354.738, -51.9663, 2.75762, 7200, 7200, 2, 0, 0, 1), -- Corruptor
(@CGUID+267, 12217, 349, 843.975, -359.052, -51.5259, 5.32325, 7200, 7200, 2, 0, 0, 1), -- Corruptor
(@CGUID+268, 12217, 349, 830.116, -354.746, -51.9663, 5.11381, 7200, 7200, 2, 0, 0, 1), -- Corruptor
(@CGUID+269, 12217, 349, 893.262, -406.592, -52.5785, 3.92699, 7200, 7200, 2, 0, 0, 1), -- Corruptor
(@CGUID+270, 12217, 349, 797.702, -341.591, -51.52, 5.42127, 7200, 7200, 1, 0, 0, 1), -- Corruptor
(@CGUID+271, 12217, 349, 706.173, -206.424, -47.166, 2.04204, 7200, 7200, 1, 0, 0, 1), -- Corruptor
(@CGUID+272, 12217, 349, 683.95, -202.811, -60.4394, 5.09636, 7200, 7200, 2, 0, 0, 1), -- Corruptor
(@CGUID+273, 12217, 349, 679.92, -197.158, -60.5348, 3.73611, 7200, 7200, 2, 0, 0, 1), -- Corruptor
(@CGUID+274, 12217, 349, 676.133, -193.009, -60.4786, 5.31158, 7200, 7200, 1, 0, 0, 1), -- Corruptor
(@CGUID+275, 12217, 349, 750.224, -129.533, -56.3232, 3.68265, 7200, 7200, 1, 0, 0, 1), -- Corruptor
(@CGUID+276, 12217, 349, 744.919, -51.0789, -56.0131, 4.64258, 7200, 7200, 1, 0, 0, 1), -- Corruptor
(@CGUID+277, 12217, 349, 753.999, -46.5705, -56.1367, 5.13127, 7200, 7200, 1, 0, 0, 1), -- Corruptor
(@CGUID+278, 12217, 349, 755.625, -53.8264, -56.1086, 0.331613, 7200, 7200, 1, 0, 0, 1), -- Corruptor
(@CGUID+279, 12217, 349, 638.003, -308.511, -51.9364, 2.53073, 7200, 7200, 1, 0, 0, 1), -- Corruptor
(@CGUID+280, 12217, 349, 640.746, -315.845, -51.9824, 1.46608, 7200, 7200, 1, 0, 0, 1), -- Corruptor
(@CGUID+281, 12217, 349, 685.664, -345.066, -52.1014, 5.95157, 7200, 7200, 1, 0, 0, 1), -- Corruptor
(@CGUID+282, 12217, 349, 727.906, -332.296, -50.7887, 2.72271, 7200, 7200, 1, 0, 0, 1), -- Corruptor
(@CGUID+283, 12217, 349, 739.44, -337.971, -50.7764, 5.55699, 7200, 7200, 1, 0, 0, 1), -- Corruptor
(@CGUID+284, 12217, 349, 789.389, -419.179, -53.5493, 1.91986, 7200, 7200, 1, 0, 0, 1), -- Corruptor
(@CGUID+285, 12217, 349, 769.073, -469.252, -40.9977, 2.6529, 7200, 7200, 1, 0, 0, 1), -- Corruptor
(@CGUID+286, 12217, 349, 777.114, -468.179, -41.1395, 4.15388, 7200, 7200, 1, 0, 0, 1), -- Corruptor
(@CGUID+287, 12217, 349, 814.08, -511.499, -41.0845, 5.74213, 7200, 7200, 2, 0, 0, 1), -- Corruptor
(@CGUID+288, 12217, 349, 754.606, -517.529, -53.0517, 0.506145, 7200, 7200, 1, 0, 0, 1), -- Corruptor
(@CGUID+289, 12217, 349, 758.59, -461.858, -40.8331, 0.64812, 7200, 7200, 1, 0, 0, 1), -- Corruptor
(@CGUID+290, 12217, 349, 762.554, -554.018, -33.5205, 3.92462, 7200, 7200, 2, 0, 0, 1), -- Corruptor
(@CGUID+291, 12217, 349, 716.339, -502.585, -36.3717, 5.74213, 7200, 7200, 2, 0, 0, 1), -- Corruptor
(@CGUID+292, 12218, 349, 969.816, -372.657, -49.601, 2.28638, 7200, 7200, 5, 0, 0, 1), -- Vile Larva
(@CGUID+293, 12218, 349, 955.098, -391.433, -50.0988, 0.349066, 7200, 7200, 2, 0, 0, 1), -- Vile Larva
(@CGUID+294, 12218, 349, 958.061, -385.395, -49.9248, 0.296706, 7200, 7200, 2, 0, 0, 1), -- Vile Larva
(@CGUID+295, 12218, 349, 971.63, -382.009, -49.7097, 3.19395, 7200, 7200, 2, 0, 0, 1), -- Vile Larva
(@CGUID+296, 12218, 349, 964.631, -377.721, -49.6845, 0.733038, 7200, 7200, 5, 0, 0, 1), -- Vile Larva
(@CGUID+297, 12218, 349, 953.104, -377.342, -50.0064, 1.97049, 7200, 7200, 5, 0, 0, 1), -- Vile Larva
(@CGUID+298, 12218, 349, 959.547, -369.447, -49.8858, 4.7595, 7200, 7200, 5, 0, 0, 1), -- Vile Larva
(@CGUID+299, 12218, 349, 952.468, -362.702, -50.1017, 3.22074, 7200, 7200, 5, 0, 0, 1), -- Vile Larva
(@CGUID+300, 12218, 349, 1064.96, -274.43, -73.2326, 2.99423, 7200, 7200, 5, 0, 0, 1), -- Vile Larva
(@CGUID+301, 12218, 349, 1071.78, -275.602, -72.7271, 1.70784, 7200, 7200, 5, 0, 0, 1), -- Vile Larva
(@CGUID+302, 12218, 349, 1078.98, -279.331, -72.0672, 5.3058, 7200, 7200, 5, 0, 0, 1), -- Vile Larva
(@CGUID+303, 12218, 349, 925.932, -358.394, -50.4764, 2.56199, 7200, 7200, 5, 0, 0, 1), -- Vile Larva
(@CGUID+304, 12218, 349, 931.656, -363.487, -50.4764, 1.82313, 7200, 7200, 5, 0, 0, 1), -- Vile Larva
(@CGUID+305, 12218, 349, 928.639, -379.264, -50.3402, 1.11734, 7200, 7200, 2, 0, 0, 1), -- Vile Larva
(@CGUID+306, 12218, 349, 931.7, -374.042, -50.4125, 5.28588, 7200, 7200, 3, 0, 0, 1), -- Vile Larva
(@CGUID+307, 12218, 349, 936.365, -358.656, -50.4764, 1.72337, 7200, 7200, 5, 0, 0, 1), -- Vile Larva
(@CGUID+308, 12218, 349, 939.563, -368.764, -50.3628, 1.91986, 7200, 7200, 5, 0, 0, 1), -- Vile Larva
(@CGUID+309, 12218, 349, 1058.68, -267.89, -73.231, 0.878976, 7200, 7200, 5, 0, 0, 1), -- Vile Larva
(@CGUID+310, 12218, 349, 1070.46, -269.115, -73.1791, 3.82749, 7200, 7200, 5, 0, 0, 1), -- Vile Larva
(@CGUID+311, 12218, 349, 1078.92, -268.667, -72.5621, 4.12956, 7200, 7200, 5, 0, 0, 1), -- Vile Larva
(@CGUID+312, 12218, 349, 1032.01, -252.936, -72.2407, 2.45657, 7200, 7200, 2, 0, 0, 1), -- Vile Larva
(@CGUID+313, 12218, 349, 1040.28, -255.664, -72.3116, 3.38751, 7200, 7200, 2, 0, 0, 1), -- Vile Larva
(@CGUID+314, 12218, 349, 1065.27, -263.417, -73.2289, 4.11447, 7200, 7200, 5, 0, 0, 1), -- Vile Larva
(@CGUID+315, 12218, 349, 925.115, -371.905, -50.4495, 0.151607, 7200, 7200, 2, 0, 0, 1), -- Vile Larva
(@CGUID+316, 12218, 349, 921.593, -363.347, -50.4764, 5.25939, 7200, 7200, 5, 0, 0, 1), -- Vile Larva
(@CGUID+317, 12218, 349, 1035.73, -238.229, -72.2391, 5.59064, 7200, 7200, 5, 0, 0, 1), -- Vile Larva
(@CGUID+318, 12218, 349, 1030.31, -238.309, -72.2386, 2.40222, 7200, 7200, 5, 0, 0, 1), -- Vile Larva
(@CGUID+319, 12218, 349, 1036.24, -247.015, -72.2401, 2.02142, 7200, 7200, 5, 0, 0, 1), -- Vile Larva
(@CGUID+320, 12218, 349, 1025.83, -245.535, -72.2404, 0.013524, 7200, 7200, 2, 0, 0, 1), -- Vile Larva
(@CGUID+321, 12218, 349, 1041.78, -247.083, -72.2406, 5.11537, 7200, 7200, 5, 0, 0, 1), -- Vile Larva
(@CGUID+322, 12218, 349, 1043.37, -240.246, -72.2399, 4.51294, 7200, 7200, 5, 0, 0, 1), -- Vile Larva
(@CGUID+323, 12218, 349, 1071.41, -260.84, -73.1077, 5.81745, 7200, 7200, 5, 0, 0, 1), -- Vile Larva
(@CGUID+324, 12218, 349, 1056.11, -225.031, -72.0835, 1.15779, 7200, 7200, 5, 0, 0, 1), -- Vile Larva
(@CGUID+325, 12218, 349, 1066.57, -227.93, -72.4804, 6.06374, 7200, 7200, 5, 0, 0, 1), -- Vile Larva
(@CGUID+326, 12218, 349, 1061.09, -217.058, -72.5261, 3.66481, 7200, 7200, 2, 0, 0, 1), -- Vile Larva
(@CGUID+327, 12218, 349, 1054.62, -220.084, -72.2077, 3.32482, 7200, 7200, 2, 0, 0, 1), -- Vile Larva
(@CGUID+328, 12218, 349, 1064.45, -222.906, -72.5004, 5.66331, 7200, 7200, 5, 0, 0, 1), -- Vile Larva
(@CGUID+329, 12218, 349, 1102.81, -243.492, -75.97, 2.18068, 7200, 7200, 5, 0, 0, 1), -- Vile Larva
(@CGUID+330, 12218, 349, 1084.43, -253.58, -73.0771, 3.12597, 7200, 7200, 5, 0, 0, 1), -- Vile Larva
(@CGUID+331, 12218, 349, 1098.14, -239.133, -75.2166, 5.46898, 7200, 7200, 2, 0, 0, 1), -- Vile Larva
(@CGUID+332, 12218, 349, 1105.03, -253.853, -76.0463, 4.50295, 7200, 7200, 5, 0, 0, 1), -- Vile Larva
(@CGUID+333, 12218, 349, 1104.53, -261.904, -75.8234, 4.63901, 7200, 7200, 2, 0, 0, 1), -- Vile Larva
(@CGUID+334, 12218, 349, 1091.72, -244.562, -74.1944, 2.80998, 7200, 7200, 2, 0, 0, 1), -- Vile Larva
(@CGUID+335, 12218, 349, 1095.18, -264.841, -74.2661, 0.753238, 7200, 7200, 2, 0, 0, 1), -- Vile Larva
(@CGUID+336, 12218, 349, 1096.15, -246.782, -74.7586, 1.5184, 7200, 7200, 2, 0, 0, 1), -- Vile Larva
(@CGUID+337, 12218, 349, 1070.19, -229.465, -72.6647, 5.53495, 7200, 7200, 5, 0, 0, 1), -- Vile Larva
(@CGUID+338, 12218, 349, 1071.63, -222.498, -72.8678, 1.18682, 7200, 7200, 5, 0, 0, 1), -- Vile Larva
(@CGUID+339, 12218, 349, 1069.71, -216.795, -72.9533, 0.76709, 7200, 7200, 2, 0, 0, 1), -- Vile Larva
(@CGUID+340, 12218, 349, 1103.89, -209.825, -74.5225, 5.49286, 7200, 7200, 5, 0, 0, 1), -- Vile Larva
(@CGUID+341, 12218, 349, 1091.68, -208.849, -74.6908, 2.45877, 7200, 7200, 5, 0, 0, 1), -- Vile Larva
(@CGUID+342, 12218, 349, 1093.51, -215.534, -74.7449, 0.628319, 7200, 7200, 5, 0, 0, 1), -- Vile Larva
(@CGUID+343, 12218, 349, 1085.17, -204.993, -74.5752, 4.2371, 7200, 7200, 2, 0, 0, 1), -- Vile Larva
(@CGUID+344, 12218, 349, 1097.1, -212.174, -74.5568, 3.73809, 7200, 7200, 5, 0, 0, 1), -- Vile Larva
(@CGUID+345, 12218, 349, 1094.71, -199.884, -74.794, 1.77423, 7200, 7200, 2, 0, 0, 1), -- Vile Larva
(@CGUID+346, 12218, 349, 1102.86, -201.505, -74.7568, 5.99821, 7200, 7200, 2, 0, 0, 1), -- Vile Larva
(@CGUID+347, 12218, 349, 1097.7, -196.63, -75.0663, 0.98362, 7200, 7200, 2, 0, 0, 1), -- Vile Larva
(@CGUID+348, 12219, 349, 1062.71, -424.148, -31.5727, 0.977384, 7200, 7200, 1, 0, 0, 1), -- Barbed Lasher
(@CGUID+349, 12219, 349, 1049.32, -379.469, -36.1926, 4.55531, 7200, 7200, 1, 0, 0, 1), -- Barbed Lasher
(@CGUID+350, 12219, 349, 1009.39, -353.802, -40.683, 4.64258, 7200, 7200, 2, 0, 0, 1), -- Barbed Lasher
(@CGUID+351, 12219, 349, 981.228, -304.751, -45.6394, 5.41052, 7200, 7200, 3, 0, 0, 1), -- Barbed Lasher
(@CGUID+352, 12219, 349, 926.689, -312.426, -49.7107, 4.86947, 7200, 7200, 1, 0, 0, 1), -- Barbed Lasher
(@CGUID+353, 12219, 349, 918.115, -341.832, -49.529, 1.06465, 7200, 7200, 1, 0, 0, 1), -- Barbed Lasher
(@CGUID+354, 12219, 349, 1001.87, -216.367, -67.3711, 5.07891, 7200, 7200, 1, 0, 0, 1), -- Barbed Lasher
(@CGUID+355, 12219, 349, 899.922, -200.105, -52.3801, 0.488692, 7200, 7200, 3, 0, 0, 1), -- Barbed Lasher
(@CGUID+356, 12219, 349, 982.507, -180.604, -67.9762, 1.309, 7200, 7200, 2, 0, 0, 1), -- Barbed Lasher
(@CGUID+357, 12219, 349, 852.392, -234.648, -54.5556, 0.855211, 7200, 7200, 2, 0, 0, 1), -- Barbed Lasher
(@CGUID+358, 12219, 349, 855.181, -241.428, -54.0381, 6.07375, 7200, 7200, 3, 0, 0, 1), -- Barbed Lasher
(@CGUID+359, 12219, 349, 878.765, -201.886, -75.1242, 2.37365, 7200, 7200, 5, 0, 0, 1), -- Barbed Lasher
(@CGUID+360, 12219, 349, 942.167, -145.379, -60.3743, 1.81514, 7200, 7200, 1, 0, 0, 1), -- Barbed Lasher
(@CGUID+361, 12219, 349, 916.525, -119.201, -61.918, 0.418879, 7200, 7200, 3, 0, 0, 1), -- Barbed Lasher
(@CGUID+362, 12219, 349, 958.699, -72.8189, -61.8155, 1.16937, 7200, 7200, 3, 0, 0, 1), -- Barbed Lasher
(@CGUID+363, 12219, 349, 922.325, -58.418, -59.5497, 1.76278, 7200, 7200, 2, 0, 0, 1), -- Barbed Lasher
(@CGUID+364, 12219, 349, 887.293, -63.0953, -59.0878, 0.890118, 7200, 7200, 3, 0, 0, 1), -- Barbed Lasher
(@CGUID+365, 12220, 349, 991.006, -377.712, -50.028, 3.56047, 7200, 7200, 1, 0, 0, 1), -- Constrictor Vine
(@CGUID+366, 12220, 349, 985.691, -382.148, -50.0415, 3.14159, 7200, 7200, 1, 0, 0, 1), -- Constrictor Vine
(@CGUID+367, 12220, 349, 985.241, -374.951, -49.9296, 3.14159, 7200, 7200, 1, 0, 0, 1), -- Constrictor Vine
(@CGUID+368, 12220, 349, 1045.25, -331.686, -38.0173, 2.74017, 7200, 7200, 1, 0, 0, 1), -- Constrictor Vine
(@CGUID+369, 12220, 349, 1044.79, -326.789, -38.1654, 5.26045, 7200, 7200, 1, 0, 0, 1), -- Constrictor Vine
(@CGUID+370, 12220, 349, 1049.94, -326.105, -38.3124, 4.40843, 7200, 7200, 1, 0, 0, 1), -- Constrictor Vine
(@CGUID+371, 12220, 349, 1073.2, -314.498, -72.4787, 6.05629, 7200, 7200, 1, 0, 0, 1), -- Constrictor Vine
(@CGUID+372, 12220, 349, 1068.49, -313.721, -72.4787, 0, 7200, 7200, 1, 0, 0, 1), -- Constrictor Vine
(@CGUID+373, 12220, 349, 1073.84, -308.9, -72.4787, 0, 7200, 7200, 1, 0, 0, 1), -- Constrictor Vine
(@CGUID+374, 12220, 349, 1029.57, -302.15, -71.7337, 0.069813, 7200, 7200, 1, 0, 0, 1), -- Constrictor Vine
(@CGUID+375, 12220, 349, 1025.44, -297.944, -71.8533, 0, 7200, 7200, 1, 0, 0, 1), -- Constrictor Vine
(@CGUID+376, 12220, 349, 1030.58, -297.475, -71.9025, 0, 7200, 7200, 1, 0, 0, 1), -- Constrictor Vine
(@CGUID+377, 12220, 349, 887.305, -278.695, -45.8448, 6.07375, 7200, 7200, 1, 0, 0, 1), -- Constrictor Vine
(@CGUID+378, 12220, 349, 889.728, -282.184, -45.8448, 3.14159, 7200, 7200, 1, 0, 0, 1), -- Constrictor Vine
(@CGUID+379, 12220, 349, 888.269, -275.058, -45.7142, 3.14159, 7200, 7200, 1, 0, 0, 1), -- Constrictor Vine
(@CGUID+380, 12220, 349, 932.047, -233.181, -46.4558, 3.14159, 7200, 7200, 1, 0, 0, 1), -- Constrictor Vine
(@CGUID+381, 12220, 349, 936.385, -232.656, -46.477, 3.68265, 7200, 7200, 1, 0, 0, 1), -- Constrictor Vine
(@CGUID+382, 12220, 349, 938.847, -227.259, -46.4733, 3.14159, 7200, 7200, 1, 0, 0, 1), -- Constrictor Vine
(@CGUID+383, 12220, 349, 881.613, -230.559, -52.9113, 1.95477, 7200, 7200, 1, 0, 0, 1), -- Constrictor Vine
(@CGUID+384, 12220, 349, 874.738, -231.428, -53.4259, 0, 7200, 7200, 1, 0, 0, 1), -- Constrictor Vine
(@CGUID+385, 12220, 349, 877.289, -225.444, -54.1824, 0, 7200, 7200, 1, 0, 0, 1), -- Constrictor Vine
(@CGUID+386, 12220, 349, 917.681, -187.961, -57.216, 3.14159, 7200, 7200, 1, 0, 0, 1), -- Constrictor Vine
(@CGUID+387, 12220, 349, 941.267, -178.783, -62.8358, 0, 7200, 7200, 1, 0, 0, 1), -- Constrictor Vine
(@CGUID+388, 12220, 349, 1002.94, -194.713, -67.5581, 2.26893, 7200, 7200, 1, 0, 0, 1), -- Constrictor Vine
(@CGUID+389, 12220, 349, 1006.64, -199.078, -67.6057, 3.14159, 7200, 7200, 1, 0, 0, 1), -- Constrictor Vine
(@CGUID+390, 12220, 349, 997.528, -200.626, -67.4448, 3.14159, 7200, 7200, 1, 0, 0, 1), -- Constrictor Vine
(@CGUID+391, 12220, 349, 860.817, -245.711, -53.0562, 2.30383, 7200, 7200, 1, 0, 0, 1), -- Constrictor Vine
(@CGUID+392, 12220, 349, 854.713, -248.638, -54.0449, 3.14159, 7200, 7200, 1, 0, 0, 1), -- Constrictor Vine
(@CGUID+393, 12220, 349, 859.506, -250.136, -52.6662, 3.14159, 7200, 7200, 1, 0, 0, 1), -- Constrictor Vine
(@CGUID+394, 12220, 349, 893.471, -192.021, -52.512, 0.785398, 7200, 7200, 1, 0, 0, 1), -- Constrictor Vine
(@CGUID+395, 12220, 349, 899.508, -188.356, -52.7743, 0, 7200, 7200, 1, 0, 0, 1), -- Constrictor Vine
(@CGUID+396, 12220, 349, 897.214, -194.957, -52.3878, 0, 7200, 7200, 1, 0, 0, 1), -- Constrictor Vine
(@CGUID+397, 12220, 349, 917.864, -180.282, -58.1882, 1.76835, 7200, 7200, 1, 0, 0, 1), -- Constrictor Vine
(@CGUID+398, 12220, 349, 914.232, -184.988, -57.4478, 5.66455, 7200, 7200, 1, 0, 0, 1), -- Constrictor Vine
(@CGUID+399, 12220, 349, 936.859, -173.159, -62.3021, 2.04047, 7200, 7200, 1, 0, 0, 1), -- Constrictor Vine
(@CGUID+400, 12220, 349, 942.471, -172.975, -62.6343, 1.51313, 7200, 7200, 1, 0, 0, 1), -- Constrictor Vine
(@CGUID+401, 12220, 349, 957.23, -157.029, -59.1375, 6.21337, 7200, 7200, 1, 0, 0, 1), -- Constrictor Vine
(@CGUID+402, 12220, 349, 961.196, -162.815, -58.8018, 0, 7200, 7200, 1, 0, 0, 1), -- Constrictor Vine
(@CGUID+403, 12220, 349, 960.26, -150.752, -59.3292, 6.2241, 7200, 7200, 1, 0, 0, 1), -- Constrictor Vine
(@CGUID+404, 12220, 349, 921.857, -118.687, -61.9724, 0.977384, 7200, 7200, 1, 0, 0, 1), -- Constrictor Vine
(@CGUID+405, 12220, 349, 963.146, -108.215, -63.7376, 3.08923, 7200, 7200, 1, 0, 0, 1), -- Constrictor Vine
(@CGUID+406, 12220, 349, 966.289, -108.169, -63.8364, 0, 7200, 7200, 1, 0, 0, 1), -- Constrictor Vine
(@CGUID+407, 12220, 349, 965.398, -103.253, -63.7055, 0, 7200, 7200, 1, 0, 0, 1), -- Constrictor Vine
(@CGUID+408, 12220, 349, 918.709, -112.563, -61.8433, 2.67135, 7200, 7200, 1, 0, 0, 1), -- Constrictor Vine
(@CGUID+409, 12220, 349, 912.51, -114.3, -61.7388, 0, 7200, 7200, 1, 0, 0, 1), -- Constrictor Vine
(@CGUID+410, 12220, 349, 952.156, -69.6218, -61.8973, 1.46608, 7200, 7200, 1, 0, 0, 1), -- Constrictor Vine
(@CGUID+411, 12220, 349, 894.606, -63.6768, -59.0799, 3.14159, 7200, 7200, 1, 0, 0, 1), -- Constrictor Vine
(@CGUID+412, 12220, 349, 890.89, -68.4742, -59.2243, 3.14159, 7200, 7200, 1, 0, 0, 1), -- Constrictor Vine
(@CGUID+413, 12220, 349, 982.695, -62.1626, -61.8266, 3.22886, 7200, 7200, 1, 0, 0, 1), -- Constrictor Vine
(@CGUID+414, 12220, 349, 980.792, -54.4659, -61.8292, 0, 7200, 7200, 1, 0, 0, 1), -- Constrictor Vine
(@CGUID+415, 12220, 349, 976.132, -58.5746, -61.828, 0, 7200, 7200, 1, 0, 0, 1), -- Constrictor Vine
(@CGUID+416, 12220, 349, 958.615, -64.748, -62.0542, 1.80317, 7200, 7200, 1, 0, 0, 1), -- Constrictor Vine
(@CGUID+417, 12220, 349, 954.335, -61.6697, -62.0561, 4.48323, 7200, 7200, 1, 0, 0, 1), -- Constrictor Vine
(@CGUID+418, 12220, 349, 880.282, -60.3926, -59.1787, 5.60564, 7200, 7200, 1, 0, 0, 1), -- Constrictor Vine
(@CGUID+419, 12221, 349, 840.053, -208.914, -75.5745, 2.96706, 7200, 7200, 2, 0, 0, 1), -- Noxious Slime
(@CGUID+420, 12221, 349, 812.719, -248.653, -60.6525, 0.10472, 7200, 7200, 2, 0, 0, 1), -- Noxious Slime
(@CGUID+421, 12221, 349, 837.412, -199.512, -75.0968, 2.98451, 7200, 7200, 2, 0, 0, 1), -- Noxious Slime
(@CGUID+422, 12221, 349, 816.726, -256.266, -60.3822, 2.79253, 7200, 7200, 2, 0, 0, 1), -- Noxious Slime
(@CGUID+423, 12221, 349, 833.022, -205.855, -74.7724, 6.10865, 7200, 7200, 2, 0, 0, 1), -- Noxious Slime
(@CGUID+424, 12221, 349, 822.136, -234.405, -74.5879, 0.645772, 7200, 7200, 1, 0, 0, 1), -- Noxious Slime
(@CGUID+425, 12221, 349, 815.959, -232.834, -74.5539, 1.85005, 7200, 7200, 1, 0, 0, 1), -- Noxious Slime
(@CGUID+426, 12221, 349, 809.469, -257.054, -60.3481, 2.26893, 7200, 7200, 1, 0, 0, 1), -- Noxious Slime
(@CGUID+427, 12221, 349, 830.777, -197.865, -74.7582, 6.10865, 7200, 7200, 2, 0, 0, 1), -- Noxious Slime
(@CGUID+428, 12221, 349, 804.193, -250.795, -60.7708, 0.349066, 7200, 7200, 1, 0, 0, 1), -- Noxious Slime
(@CGUID+429, 12221, 349, 868.948, -133.92, -86.9805, 1.23918, 7200, 7200, 1, 0, 0, 1), -- Noxious Slime
(@CGUID+430, 12221, 349, 869.645, -128.893, -87.0106, 5.2709, 7200, 7200, 1, 0, 0, 1), -- Noxious Slime
(@CGUID+431, 12221, 349, 874.018, -131.8, -86.9531, 3.40339, 7200, 7200, 1, 0, 0, 1), -- Noxious Slime
(@CGUID+432, 12221, 349, 873.275, -123.897, -87.1192, 2.07694, 7200, 7200, 1, 0, 0, 1), -- Noxious Slime
(@CGUID+433, 12221, 349, 846.466, -14.1576, -86.6577, 0.715585, 7200, 7200, 5, 0, 0, 1), -- Noxious Slime
(@CGUID+434, 12221, 349, 840.889, -19.0094, -87.0379, 5.32325, 7200, 7200, 5, 0, 0, 1), -- Noxious Slime
(@CGUID+435, 12221, 349, 834.564, -12.9574, -87.003, 6.07375, 7200, 7200, 5, 0, 0, 1), -- Noxious Slime
(@CGUID+436, 12221, 349, 830.388, -19.7983, -86.8948, 3.45575, 7200, 7200, 5, 0, 0, 1), -- Noxious Slime
(@CGUID+437, 12221, 349, 839.266, -8.15158, -87.1322, 3.14159, 7200, 7200, 5, 0, 0, 1), -- Noxious Slime
(@CGUID+438, 12221, 349, 821.911, -192.92, -74.7536, 3.07178, 7200, 7200, 2, 0, 0, 1), -- Noxious Slime
(@CGUID+439, 12221, 349, 786.946, -216.828, -64.9564, 5.06145, 7200, 7200, 1, 0, 0, 1), -- Noxious Slime
(@CGUID+440, 12221, 349, 775.214, -216.535, -64.5187, 0.925025, 7200, 7200, 1, 0, 0, 1), -- Noxious Slime
(@CGUID+441, 12221, 349, 764.333, -188.164, -59.5819, 5.75959, 7200, 7200, 1, 0, 0, 1), -- Noxious Slime
(@CGUID+442, 12221, 349, 783.17, -211.836, -64.9395, 1.98968, 7200, 7200, 1, 0, 0, 1), -- Noxious Slime
(@CGUID+443, 12221, 349, 781.24, -216.589, -64.7155, 0.296706, 7200, 7200, 2, 0, 0, 1), -- Noxious Slime
(@CGUID+444, 12221, 349, 779.549, -222.393, -64.7241, 6.05629, 7200, 7200, 2, 0, 0, 1), -- Noxious Slime
(@CGUID+445, 12221, 349, 765.684, -184.129, -58.4382, 0.994838, 7200, 7200, 1, 0, 0, 1), -- Noxious Slime
(@CGUID+446, 12222, 349, 945.735, -276.518, -45.8651, 4.11898, 7200, 7200, 1, 0, 0, 1), -- Creeping Sludge
(@CGUID+447, 12222, 349, 952.823, -286.019, -45.5627, 4.93928, 7200, 7200, 1, 0, 0, 1), -- Creeping Sludge
(@CGUID+448, 12222, 349, 953.088, -280.79, -45.5815, 0.453786, 7200, 7200, 1, 0, 0, 1), -- Creeping Sludge
(@CGUID+449, 12222, 349, 990.719, -248.56, -45.6281, 0.244346, 7200, 7200, 1, 0, 0, 1), -- Creeping Sludge
(@CGUID+450, 12222, 349, 992.022, -252.179, -45.6281, 3.66519, 7200, 7200, 1, 0, 0, 1), -- Creeping Sludge
(@CGUID+451, 12222, 349, 973.882, -254.73, -48.7537, 3.82227, 7200, 7200, 5, 0, 0, 1), -- Creeping Sludge
(@CGUID+452, 12222, 349, 942.606, -271.673, -45.7377, 3.9968, 7200, 7200, 1, 0, 0, 1), -- Creeping Sludge
(@CGUID+453, 12222, 349, 974.51, -247.362, -48.7063, 5.86431, 7200, 7200, 5, 0, 0, 1), -- Creeping Sludge
(@CGUID+454, 12222, 349, 964.469, -254.275, -48.901, 5.41052, 7200, 7200, 5, 0, 0, 1), -- Creeping Sludge
(@CGUID+455, 12222, 349, 966.765, -246.399, -48.7931, 6.14356, 7200, 7200, 5, 0, 0, 1), -- Creeping Sludge
(@CGUID+456, 12222, 349, 969.419, -251.714, -48.8144, 3.19395, 7200, 7200, 5, 0, 0, 1), -- Creeping Sludge
(@CGUID+457, 12222, 349, 966.635, -215.979, -46.9451, 1.39626, 7200, 7200, 1, 0, 0, 1), -- Creeping Sludge
(@CGUID+458, 12222, 349, 955.871, -218.043, -46.4713, 3.97935, 7200, 7200, 1, 0, 0, 1), -- Creeping Sludge
(@CGUID+459, 12222, 349, 959.566, -214.998, -46.4713, 3.75246, 7200, 7200, 1, 0, 0, 1), -- Creeping Sludge
(@CGUID+460, 12222, 349, 962.215, -219.668, -46.7616, 0.645772, 7200, 7200, 1, 0, 0, 1), -- Creeping Sludge
(@CGUID+461, 12222, 349, 778.732, -145.498, -55.9994, 1.41372, 7200, 7200, 1, 0, 0, 1), -- Creeping Sludge
(@CGUID+462, 12222, 349, 771.625, -140.803, -56.2799, 3.64774, 7200, 7200, 1, 0, 0, 1), -- Creeping Sludge
(@CGUID+463, 12222, 349, 785.27, -136.504, -55.8265, 6.07375, 7200, 7200, 1, 0, 0, 1), -- Creeping Sludge
(@CGUID+464, 12222, 349, 777.343, -136.791, -56.0397, 1.309, 7200, 7200, 1, 0, 0, 1), -- Creeping Sludge
(@CGUID+465, 12222, 349, 676.169, -110.746, -55.9617, 4.69494, 7200, 7200, 1, 0, 0, 1), -- Creeping Sludge
(@CGUID+466, 12222, 349, 664.059, -109.324, -56.2693, 0.20944, 7200, 7200, 1, 0, 0, 1), -- Creeping Sludge
(@CGUID+467, 12222, 349, 669.841, -110.025, -56.0689, 0.523599, 7200, 7200, 1, 0, 0, 1), -- Creeping Sludge
(@CGUID+468, 12222, 349, 619.28, -131.684, -54.8618, 5.28835, 7200, 7200, 1, 0, 0, 1), -- Creeping Sludge
(@CGUID+469, 12222, 349, 624.471, -126.815, -55.1455, 1.85005, 7200, 7200, 1, 0, 0, 1), -- Creeping Sludge
(@CGUID+470, 12223, 349, 831.267, -94.1314, -88.684, 5.0091, 7200, 7200, 5, 0, 0, 1), -- Cavern Lurker
(@CGUID+471, 12223, 349, 848.979, -113.375, -88.5932, 1.5708, 7200, 7200, 5, 0, 0, 1), -- Cavern Lurker
(@CGUID+472, 12223, 349, 840.592, -174.882, -88.258, 3.83972, 7200, 7200, 5, 0, 0, 1), -- Cavern Lurker
(@CGUID+473, 12223, 349, 765.097, -112.538, -57.4167, 2.14675, 7200, 7200, 3, 0, 0, 1), -- Cavern Lurker
(@CGUID+474, 12223, 349, 731.105, -76.9863, -57.4987, 3.1765, 7200, 7200, 3, 1, 0, 2), -- Cavern Lurker
(@CGUID+475, 12223, 349, 699.16, -89.0857, -57.5, 0.525737, 7200, 7200, 3, 0, 0, 1), -- Cavern Lurker
(@CGUID+476, 12223, 349, 617.374, -99.9578, -57.4167, 2.04204, 7200, 7200, 5, 0, 0, 1), -- Cavern Lurker
(@CGUID+477, 12224, 349, 840.875, -148.738, -88.258, 0.122173, 7200, 7200, 5, 0, 0, 1), -- Cavern Shambler
(@CGUID+478, 12224, 349, 812.635, -37.2737, -88.1976, 5.23599, 7200, 7200, 5, 0, 0, 1), -- Cavern Shambler
(@CGUID+479, 12224, 349, 748.725, -81.8362, -57.4696, 0.620471, 7200, 7200, 0, 0, 0, 2), -- Cavern Shambler
(@CGUID+480, 12224, 349, 632.101, -92.409, -57.4999, 3.49563, 7200, 7200, 0, 0, 0, 2), -- Cavern Shambler
(@CGUID+481, 12224, 349, 818.573, -215.097, -77.1489, 4.14281, 7200, 7200, 0, 0, 0, 2), -- Cavern Shambler
(@CGUID+482, 12224, 349, 719.899, -83.8715, -57.2155, 3.48941, 7200, 7200, 5, 0, 0, 1), -- Cavern Shambler
(@CGUID+483, 12225, 349, 726.106, 77.9764, -86.5913, 6.00393, 43200, 43200, 0, 0, 0, 0), -- Celebras the Cursed
(@CGUID+484, 12236, 349, 748.874, -219.647, -47.6926, 3.1765, 43200, 43200, 0, 0, 0, 0), -- Lord Vyletongue
(@CGUID+485, 12237, 349, 632.101, -92.409, -57.4999, 3.49563, 43200, 86400, 0, 0, 0, 2), -- Meshlok the Harvester
(@CGUID+486, 12242, 349, 736.248, -456.79, -52.8932, 5.40292, 7200, 7200, 0, 0, 0, 2), -- Spirit of Maraudos
(@CGUID+487, 12243, 349, 1055.39, -424.143, -31.7116, 1.75037, 7200, 7200, 0, 0, 0, 2), -- Spirit of Veng
(@CGUID+488, 12258, 349, 978.887, -10.152, -62.5035, 4.60767, 43200, 43200, 0, 0, 0, 0), -- Razorlash
(@CGUID+489, 13141, 349, 880.113, -367.95, -51.9663, 4.2237, 7200, 7200, 5, 0, 0, 1), -- Deeprot Stomper
(@CGUID+490, 13141, 349, 855.316, -382.354, -64.0031, 0.890118, 7200, 7200, 3, 0, 0, 1), -- Deeprot Stomper
(@CGUID+491, 13141, 349, 807.818, -373.907, -59.0394, 4.50135, 7200, 7200, 0, 0, 0, 2), -- Deeprot Stomper
(@CGUID+492, 13141, 349, 669.35, -152.991, -50.1035, 0.593412, 7200, 7200, 5, 0, 0, 1), -- Deeprot Stomper
(@CGUID+493, 13141, 349, 633.69, -167.711, -53.5876, 2.18166, 7200, 7200, 5, 0, 0, 1), -- Deeprot Stomper
(@CGUID+494, 13141, 349, 647.045, -201.605, -64.3079, 3.08923, 7200, 7200, 5, 0, 0, 1), -- Deeprot Stomper
(@CGUID+495, 13141, 349, 627.636, -260.405, -53.2432, 0.506145, 7200, 7200, 5, 0, 0, 1), -- Deeprot Stomper
(@CGUID+496, 13141, 349, 620.877, -349.23, -51.936, 6.17846, 7200, 7200, 2, 0, 0, 1), -- Deeprot Stomper
(@CGUID+497, 13141, 349, 796.36, -373.903, -59.0663, 6.21337, 7200, 7200, 5, 0, 0, 1), -- Deeprot Stomper
(@CGUID+498, 13141, 349, 816.502, -376.739, -59.101, 6.16101, 7200, 7200, 5, 0, 0, 1), -- Deeprot Stomper
(@CGUID+499, 13141, 349, 830.016, -448.155, -56.2507, 3.33358, 7200, 7200, 5, 0, 0, 1), -- Deeprot Stomper
(@CGUID+500, 13141, 349, 753.899, -478.24, -52.9061, 5.36458, 7200, 7200, 0, 0, 0, 2), -- Deeprot Stomper
(@CGUID+501, 13142, 349, 692.312, -265.623, -52.8056, 4.55531, 7200, 7200, 5, 0, 0, 1), -- Deeprot Tangler
(@CGUID+502, 13142, 349, 688.886, -164.706, -48.6661, 1.3439, 7200, 7200, 5, 0, 0, 1), -- Deeprot Tangler
(@CGUID+503, 13142, 349, 642.862, -160.182, -52.9503, 5.68977, 7200, 7200, 5, 0, 0, 1), -- Deeprot Tangler
(@CGUID+504, 13142, 349, 614.709, -206.536, -64.2963, 4.76475, 7200, 7200, 5, 0, 0, 1), -- Deeprot Tangler
(@CGUID+505, 13142, 349, 656.935, -227.146, -64.3079, 2.11185, 7200, 7200, 5, 0, 0, 1), -- Deeprot Tangler
(@CGUID+506, 13142, 349, 639.614, -261.649, -52.7787, 5.46288, 7200, 7200, 5, 0, 0, 1), -- Deeprot Tangler
(@CGUID+507, 13142, 349, 712.483, -340.126, 51.8134, 4.2224, 7200, 7200, 0, 0, 0, 2), -- Deeprot Tangler
(@CGUID+508, 13142, 349, 617.453, -354.993, -52.0194, 1.07088, 7200, 7200, 2, 0, 0, 1), -- Deeprot Tangler
(@CGUID+509, 13142, 349, 697.088, -372.955, -51.936, 1.06465, 7200, 7200, 5, 0, 0, 1), -- Deeprot Tangler
(@CGUID+510, 13142, 349, 771.383, -352.868, -61.5713, 5.74213, 7200, 7200, 3, 0, 0, 1), -- Deeprot Tangler
(@CGUID+511, 13282, 349, 1130.4, -191.342, -80.0014, 4.64258, 43200, 43200, 0, 0, 0, 0), -- Noxxion
(@CGUID+512, 13321, 349, 617.496, 27.362, -96.2295, 3.735, 7200, 7200, 5, 0, 0, 1), -- Frog
(@CGUID+513, 13321, 349, 576.581, 41.6299, -96.2295, 2.46091, 7200, 7200, 5, 0, 0, 1), -- Frog
(@CGUID+514, 13321, 349, 564.205, 22.5935, -96.2295, 0.558505, 7200, 7200, 5, 0, 0, 1), -- Frog
(@CGUID+515, 13321, 349, 566.123, 108.648, -96.2295, 0.680678, 7200, 7200, 5, 0, 0, 1), -- Frog
(@CGUID+516, 13321, 349, 469.148, 82.6312, -96.2265, 1.71042, 7200, 7200, 5, 0, 0, 1), -- Frog
(@CGUID+517, 13321, 349, 496.831, -1.75809, -96.2295, 2.42601, 7200, 7200, 5, 0, 0, 1), -- Frog
(@CGUID+518, 13321, 349, 339.666, 11.2884, -130.871, 0.017453, 7200, 7200, 5, 0, 0, 1), -- Frog
(@CGUID+519, 13321, 349, 331.647, 49.3762, -130.917, 1.37881, 7200, 7200, 5, 0, 0, 1), -- Frog
(@CGUID+520, 13321, 349, 294.309, 24.9293, -130.919, 3.57792, 7200, 7200, 5, 0, 0, 1), -- Frog
(@CGUID+521, 13321, 349, 300.666, -22.7737, -130.927, 0.715585, 7200, 7200, 5, 0, 0, 1), -- Frog
(@CGUID+522, 13321, 349, 275.079, 56.3079, -130.927, 4.29351, 7200, 7200, 5, 0, 0, 1), -- Frog
(@CGUID+523, 13321, 349, 298.616, 68.2607, -130.93, 4.31096, 7200, 7200, 5, 0, 0, 1), -- Frog
(@CGUID+524, 13321, 349, 323.719, 135.497, -131.666, 5.61996, 7200, 7200, 5, 0, 0, 1), -- Frog
(@CGUID+525, 13321, 349, 269.573, -0.751709, -130.927, 5.21853, 7200, 7200, 5, 0, 0, 1), -- Frog
(@CGUID+526, 13321, 349, 364.391, 146.031, -131.676, 4.69494, 7200, 7200, 5, 0, 0, 1), -- Frog
(@CGUID+527, 13321, 349, 332.472, -88.7337, -130.927, 0.628319, 7200, 7200, 5, 0, 0, 1), -- Frog
(@CGUID+528, 13321, 349, -21.8882, -9.20877, -131.197, 5.5676, 7200, 7200, 5, 0, 0, 1), -- Frog
(@CGUID+529, 13321, 349, 73.1726, -6.26065, -131.073, 4.46804, 7200, 7200, 5, 0, 0, 1), -- Frog
(@CGUID+530, 13321, 349, -39.848, 39.6532, -131.073, 1.74533, 7200, 7200, 5, 0, 0, 1), -- Frog
(@CGUID+531, 13321, 349, 99.5706, 36.3686, -131.073, 3.07178, 7200, 7200, 5, 0, 0, 1), -- Frog
(@CGUID+532, 13321, 349, 92.5639, 78.6082, -131.073, 4.31096, 7200, 7200, 5, 0, 0, 1), -- Frog
(@CGUID+533, 13321, 349, -20.6725, 94.7429, -131.073, 0.069813, 7200, 7200, 5, 0, 0, 1), -- Frog
(@CGUID+534, 13321, 349, 30.5731, 115.544, -131.073, 6.17846, 7200, 7200, 5, 0, 0, 1), -- Frog
(@CGUID+535, 13323, 349, 216.693, -98.689, -129.511, 3.33358, 7200, 7200, 3, 0, 0, 1), -- Subterranean Diemetradon
(@CGUID+536, 13323, 349, 227.783, -93.7054, -129.526, 0, 7200, 7200, 3, 0, 0, 1), -- Subterranean Diemetradon
(@CGUID+537, 13323, 349, 218.668, -85.7526, -129.529, 0, 7200, 7200, 3, 0, 0, 1), -- Subterranean Diemetradon
(@CGUID+538, 13323, 349, 267.633, -159.27, -110.858, 1.0472, 7200, 7200, 2, 0, 0, 1), -- Subterranean Diemetradon
(@CGUID+539, 13323, 349, 265.299, -169.483, -110.965, 5.03973, 7200, 7200, 2, 0, 0, 1), -- Subterranean Diemetradon
(@CGUID+540, 13323, 349, 259.114, -173.228, -110.961, 1.48512, 7200, 7200, 2, 0, 0, 1), -- Subterranean Diemetradon
(@CGUID+541, 13323, 349, 224.728, -184.527, -131.021, 0.226893, 7200, 7200, 3, 0, 0, 1), -- Subterranean Diemetradon
(@CGUID+542, 13323, 349, 225.373, -173.712, -131.117, 2.00713, 7200, 7200, 3, 0, 0, 1), -- Subterranean Diemetradon
(@CGUID+543, 13323, 349, 216.759, -177.455, -131.076, 0, 7200, 7200, 3, 0, 0, 1), -- Subterranean Diemetradon
(@CGUID+544, 13323, 349, 214.37, -212.264, -131.076, 0.418879, 7200, 7200, 3, 0, 0, 1), -- Subterranean Diemetradon
(@CGUID+545, 13323, 349, 225.214, -223.845, -131.029, 5.02655, 7200, 7200, 3, 0, 0, 1), -- Subterranean Diemetradon
(@CGUID+546, 13323, 349, 219.411, -217.144, -131.064, 0, 7200, 7200, 3, 0, 0, 1), -- Subterranean Diemetradon
(@CGUID+547, 13323, 349, 238.625, -272.991, -131.512, 0.558505, 7200, 7200, 3, 0, 0, 1), -- Subterranean Diemetradon
(@CGUID+548, 13323, 349, 248.38, -270.49, -131.512, 4.38078, 7200, 7200, 3, 0, 0, 1), -- Subterranean Diemetradon
(@CGUID+549, 13323, 349, 237.787, -263.618, -131.058, 0, 7200, 7200, 3, 0, 0, 1), -- Subterranean Diemetradon
(@CGUID+550, 13323, 349, 150.386, -240.106, -108.768, 4.55531, 7200, 7200, 2, 0, 0, 1), -- Subterranean Diemetradon
(@CGUID+551, 13323, 349, 139.83, -221.503, -108.768, 5.14872, 7200, 7200, 2, 0, 0, 1), -- Subterranean Diemetradon
(@CGUID+552, 13323, 349, 143.571, -229.419, -108.768, 0, 7200, 7200, 2, 0, 0, 1), -- Subterranean Diemetradon
(@CGUID+553, 13323, 349, 134.956, -232.395, -108.851, 4.8904, 7200, 7200, 2, 0, 0, 1), -- Subterranean Diemetradon
(@CGUID+554, 13323, 349, 253.696, -401.573, -139.472, 0.767945, 7200, 7200, 3, 0, 0, 1), -- Subterranean Diemetradon
(@CGUID+555, 13323, 349, 251.928, -389.681, -139.472, 2.6529, 7200, 7200, 2, 0, 0, 1), -- Subterranean Diemetradon
(@CGUID+556, 13323, 349, 243.17, -390.638, -139.472, 0, 7200, 7200, 2, 0, 0, 1), -- Subterranean Diemetradon
(@CGUID+557, 13323, 349, 244.509, -398.866, -139.555, 2.45964, 7200, 7200, 2, 0, 0, 1), -- Subterranean Diemetradon
(@CGUID+558, 13323, 349, 219.953, -360.824, -160.766, 0.087266, 7200, 7200, 3, 0, 0, 1), -- Subterranean Diemetradon
(@CGUID+559, 13323, 349, 216.353, -371.045, -160.23, 5.09636, 7200, 7200, 3, 0, 0, 1), -- Subterranean Diemetradon
(@CGUID+560, 13323, 349, 206.238, -357.843, -160.23, 5.48033, 7200, 7200, 3, 0, 0, 1), -- Subterranean Diemetradon
(@CGUID+561, 13323, 349, 217.315, -355.456, -160.766, 0, 7200, 7200, 3, 0, 0, 1), -- Subterranean Diemetradon
(@CGUID+562, 13323, 349, 146.235, -381.372, -174.918, 0.820305, 7200, 7200, 3, 0, 0, 1), -- Subterranean Diemetradon
(@CGUID+563, 13323, 349, 152.664, -372.99, -174.918, 4.38078, 7200, 7200, 3, 0, 0, 1), -- Subterranean Diemetradon
(@CGUID+564, 13323, 349, 144.835, -363.08, -174.918, 1.18682, 7200, 7200, 3, 0, 0, 1), -- Subterranean Diemetradon
(@CGUID+565, 13323, 349, 138.62, -370.588, -175.406, 0, 7200, 7200, 3, 0, 0, 1), -- Subterranean Diemetradon
-- @CGUID+566 - reuse me
-- @CGUID+567 - reuse me
-- @CGUID+568 - reuse me
(@CGUID+569, 13596, 349, 42.0826, -65.9511, -199.554, 1.30956, 43200, 43200, 5, 1, 0, 2), -- Rotgrip
(@CGUID+570, 13599, 349, 618.178, 27.9777, -96.2295, 3.89208, 7200, 7200, 5, 0, 0, 1), -- Stolid Snapjaw
(@CGUID+571, 13599, 349, 594.187, -0.671432, -96.2295, 4.93928, 7200, 7200, 5, 0, 0, 1), -- Stolid Snapjaw
(@CGUID+572, 13599, 349, 575.895, 40.6003, -96.2295, 4.59022, 7200, 7200, 5, 0, 0, 1), -- Stolid Snapjaw
(@CGUID+573, 13599, 349, 565.722, 72.6156, -96.3128, 2.197, 7200, 7200, 0, 0, 0, 0), -- Stolid Snapjaw
(@CGUID+574, 13599, 349, 566.32, 76.2589, -96.3128, 2.08147, 7200, 7200, 0, 0, 0, 0), -- Stolid Snapjaw
(@CGUID+575, 13599, 349, 563.656, 70.0509, -96.3128, 2.07909, 7200, 7200, 0, 0, 0, 0), -- Stolid Snapjaw
(@CGUID+576, 13599, 349, 560.32, 74.5518, -96.3128, 2.27017, 7200, 7200, 0, 0, 0, 2), -- Stolid Snapjaw
(@CGUID+577, 13599, 349, 561.543, 106.598, -96.2295, 1.78024, 7200, 7200, 5, 0, 0, 1), -- Stolid Snapjaw
(@CGUID+578, 13599, 349, 557.38, 14.8111, -96.2295, 3.50811, 7200, 7200, 5, 0, 0, 1), -- Stolid Snapjaw
(@CGUID+579, 13599, 349, 565.576, 111.099, -96.3128, 1.09958, 7200, 7200, 5, 0, 0, 1), -- Stolid Snapjaw
(@CGUID+580, 13599, 349, 489.514, 70.7749, -96.2295, 2.07694, 7200, 7200, 5, 0, 0, 1), -- Stolid Snapjaw
(@CGUID+581, 13599, 349, 501.696, 15.9784, -96.2295, 5.42797, 7200, 7200, 5, 0, 0, 1), -- Stolid Snapjaw
(@CGUID+582, 13599, 349, 498.234, -33.2483, -96.3129, 3.48156, 7200, 7200, 5, 0, 0, 1), -- Stolid Snapjaw
(@CGUID+583, 13599, 349, 484.038, -40.9981, -96.3128, 0.733645, 7200, 7200, 5, 0, 0, 1), -- Stolid Snapjaw
(@CGUID+584, 13599, 349, 479.861, -47.1232, -96.3128, 0.335294, 7200, 7200, 5, 0, 0, 1), -- Stolid Snapjaw
(@CGUID+585, 13599, 349, 477.122, -47.5442, -96.3128, 0.522017, 7200, 7200, 5, 0, 0, 1), -- Stolid Snapjaw
(@CGUID+586, 13599, 349, 478.962, -43.8339, -96.3128, 0.51851, 7200, 7200, 5, 0, 0, 1), -- Stolid Snapjaw
(@CGUID+587, 13599, 349, 477.189, -42.6843, -96.3128, 0.534915, 7200, 7200, 5, 0, 0, 1), -- Stolid Snapjaw
(@CGUID+588, 13599, 349, -29.1892, 9.89225, -131.124, 0.942478, 7200, 7200, 5, 0, 0, 1), -- Stolid Snapjaw
(@CGUID+589, 13599, 349, 84.985, 7.08579, -131.073, 5.49779, 7200, 7200, 5, 0, 0, 1), -- Stolid Snapjaw
(@CGUID+590, 13599, 349, -44.6283, 58.0849, -131.073, 1.74533, 7200, 7200, 5, 0, 0, 1), -- Stolid Snapjaw
(@CGUID+591, 13599, 349, 101.292, 47.0444, -131.073, 4.27606, 7200, 7200, 5, 0, 0, 1), -- Stolid Snapjaw
(@CGUID+592, 13599, 349, -18.8039, 96.2423, -131.073, 0.855211, 7200, 7200, 5, 0, 0, 1), -- Stolid Snapjaw
(@CGUID+593, 13599, 349, 90.5483, 84.8072, -131.073, 2.00713, 7200, 7200, 5, 0, 0, 1), -- Stolid Snapjaw
(@CGUID+594, 13599, 349, 54.8301, 113.88, -131.073, 2.80998, 7200, 7200, 5, 0, 0, 1), -- Stolid Snapjaw
(@CGUID+595, 13599, 349, 13.7205, 117.547, -131.073, 2.32129, 7200, 7200, 5, 0, 0, 1), -- Stolid Snapjaw
(@CGUID+596, 13601, 349, 134.902, -313.731, -173.555, 6.07375, 43200, 43200, 0, 0, 0, 0), -- Tinkerer Gizlock
(@CGUID+597, 13743, 349, 725.948, 85.2888, -86.9268, 4.46804, 7200, 7200, 2, 0, 0, 1), -- Corrupt Force of Nature
(@CGUID+598, 13743, 349, 719.006, 79.0069, -86.9727, 3.9968, 7200, 7200, 2, 0, 0, 1), -- Corrupt Force of Nature
(@CGUID+599, 13743, 349, 724.383, 70.6804, -86.9115, 0.174533, 7200, 7200, 2, 0, 0, 1), -- Corrupt Force of Nature
(@CGUID+600, 15556, 349, -7.67095, -246.622, -168.102, 3.28483, 25, 25, 0, 0, 0, 0); -- Elder Splitrock

-- ===========
-- GAMEOBJECTS
-- ===========

INSERT INTO `gameobject` (`guid`, `id`, `map`, `position_x`, `position_y`, `position_z`, `orientation`, `rotation0`, `rotation1`, `rotation2`, `rotation3`, `spawntimesecsmin`, `spawntimesecsmax`, `animprogress`, `state`) VALUES
(@OGUID+1, 1734, 349, 591.887, -392.592, -52.0194, 0, 0, 0, 0, 1, 7200, 7200, 100, 1), -- Gold Vein
(@OGUID+2, 1734, 349, -157.535, -284.373, -170.383, 2.35619, 0, 0, 0.923879, 0.382686, 7200, 7200, 100, 1), -- Gold Vein
(@OGUID+3, 2040, 349, 943.325, -215.3773, -46.55467, 4.171338, 0, 0, -0.8703556, 0.4924237, 7200, 7200, 100, 1), -- Mithril Deposit
(@OGUID+4, 2040, 349, 318.675, 13.3193, -130.733, 2.30383, 0, 0, 0.913544, 0.406739, 7200, 7200, 100, 1), -- Mithril Deposit
(@OGUID+5, 2040, 349, 349.508, -405.274, -124.867, 1.71042, 0, 0, 0.754709, 0.65606, 7200, 7200, 100, 1), -- Mithril Deposit
(@OGUID+6, 2040, 349, 225.88, -381.777, -160.314, -0.523598, 0, 0, -0.258819, 0.965926, 7200, 7200, 100, 1), -- Mithril Deposit
(@OGUID+7, 2040, 349, 814.429, -238.968, -74.3798, 1.51844, 0, 0, 0.688356, 0.725373, 7200, 7200, 100, 1), -- Mithril Deposit
(@OGUID+8, 2040, 349, 103.565, -257.051, -167.439, -2.47837, 0, 0, -0.945519, 0.325567, 7200, 7200, 100, 1), -- Mithril Deposit
(@OGUID+9, 2040, 349, 719.8441, -389.3936, -52.01936, 6.0912, 0, 0, -0.09584522, 0.9953963, 7200, 7200, 100, 1), -- Mithril Deposit
(@OGUID+10, 2040, 349, -93.9523, -311.759, -170.417, 1.23918, 0, 0, 0.580701, 0.814117, 7200, 7200, 100, 1), -- Mithril Deposit
(@OGUID+11, 2045, 349, 55.738, -123.624, -205.301, 1.95477, 0, 0, 0.829038, 0.559192, 7200, 7200, 100, 1), -- Stranglekelp
(@OGUID+12, 2045, 349, -8.19321, -211.133, -207.641, 2.60054, 0, 0, 0.96363, 0.267239, 7200, 7200, 100, 1), -- Stranglekelp
(@OGUID+13, 2045, 349, -32.5801, -134.583, -208.084, -1.3439, 0, 0, -0.622513, 0.782609, 7200, 7200, 100, 1), -- Stranglekelp
(@OGUID+14, 2045, 349, -15.7328, -99.223, -207.312, -0.383971, 0, 0, -0.190808, 0.981627, 7200, 7200, 100, 1), -- Stranglekelp
(@OGUID+15, 2045, 349, 1.16174, -258.687, -208.415, 3.07177, 0, 0, 0.999391, 0.0349043, 7200, 7200, 100, 1), -- Stranglekelp
(@OGUID+16, 2047, 349, 225.88, -381.777, -160.314, -0.523599, 0, 0, -0.258819, 0.965926, 7200, 7200, 100, 1), -- Truesilver Deposit
(@OGUID+17, 142143, 349, 317.784, 163.933, -131.715, -1.91986, 0, 0, -0.819151, 0.573577, 7200, 7200, 100, 1), -- Blindweed
(@OGUID+18, 142143, 349, 228.621, -358.796, -160.849, -2.14675, 0, 0, -0.878816, 0.477161, 7200, 7200, 100, 1), -- Blindweed
(@OGUID+19, 142143, 349, 7.35923, -12.3294, -131.156, -2.37365, 0, 0, -0.927184, 0.374606, 7200, 7200, 100, 1), -- Blindweed
(@OGUID+20, 142143, 349, 209.111, -181.189, -131.517, -1.16937, 0, 0, -0.551937, 0.833886, 7200, 7200, 100, 1), -- Blindweed
(@OGUID+21, 142143, 349, -89.0383, -389.406, -189.896, -1.85005, 0, 0, -0.798636, 0.601815, 7200, 7200, 100, 1), -- Blindweed
(@OGUID+22, 142143, 349, 308.052, -88.2435, -131.01, 0.942477, 0, 0, 0.45399, 0.891007, 7200, 7200, 100, 1), -- Blindweed
(@OGUID+23, 142144, 349, 926.314, -292.831, -49.8022, 0, 0, 0, 0, 1, 7200, 7200, 100, 1), -- Ghost Mushroom
(@OGUID+24, 142144, 349, 879.252, -60.7925, -59.1787, 1.50098, 0, 0, 0.681997, 0.731355, 7200, 7200, 100, 1), -- Ghost Mushroom
(@OGUID+25, 142144, 349, 731.282, -113.686, -56.2199, -0.558505, 0, 0, -0.275637, 0.961262, 7200, 7200, 100, 1), -- Ghost Mushroom
(@OGUID+26, 142144, 349, 618.634, -375.951, -52.0194, 0.017453, 0, 0, 0.00872639, 0.999962, 7200, 7200, 100, 1), -- Ghost Mushroom
(@OGUID+27, 142144, 349, 716.474, -509.132, -36.4142, -1.50098, 0, 0, -0.681997, 0.731355, 7200, 7200, 100, 1), -- Ghost Mushroom
(@OGUID+28, 142144, 349, 802.402, 85.6517, -86.3652, 0.750492, 0, 0, 0.366501, 0.930417, 7200, 7200, 100, 1), -- Ghost Mushroom
(@OGUID+29, 142144, 349, 347.821, 249.205, -94.2677, -3.08923, 0, 0, -0.999657, 0.0261783, 7200, 7200, 100, 1), -- Ghost Mushroom
(@OGUID+30, 142144, 349, -146.257, -268.381, -170.419, -2.72271, 0, 0, -0.978147, 0.207914, 7200, 7200, 100, 1), -- Ghost Mushroom
(@OGUID+31, 142144, 349, 937.457, -394.879, -50.2743, 1.5708, 0, 0, 0.707108, 0.707106, 7200, 7200, 100, 1), -- Ghost Mushroom
(@OGUID+32, 142144, 349, 640.385, -101.812, -56.1699, 0.977383, 0, 0, 0.469471, 0.882948, 7200, 7200, 100, 1), -- Ghost Mushroom
(@OGUID+33, 142144, 349, 992.133, -1.21648, -62.5453, -0.349065, 0, 0, -0.173648, 0.984808, 7200, 7200, 100, 1), -- Ghost Mushroom
(@OGUID+34, 142144, 349, 525.289, 230.219, -94.0493, -1.32645, 0, 0, -0.615661, 0.788011, 7200, 7200, 100, 1), -- Ghost Mushroom
(@OGUID+35, 142144, 349, 677.736, -382.136, -52.0194, -1.58825, 0, 0, -0.713251, 0.700909, 7200, 7200, 100, 1), -- Ghost Mushroom
(@OGUID+36, 142144, 349, 828.923, -370.214, -58.7417, 2.74016, 0, 0, 0.979924, 0.199371, 7200, 7200, 100, 1), -- Ghost Mushroom
(@OGUID+37, 178559, 349, 937.838, -378.811, -50.3032, 3.0456, 0, 0, 0.998848, 0.047978, 3600, 3600, 100, 1), -- Larva Spewer
(@OGUID+38, 178560, 349, 650.99, 74.458, -86.8651, 1.45735, 0, 0, 0.665882, 0.746057, 3600, 3600, 100, 1), -- Doodad_MaraudonStaffCreator01
(@OGUID+39, 178561, 349, 1060.74, -268.217, -73.4903, -1.53589, -0.000001, 0.000001, -0.694658, 0.71934, 3600, 3600, 100, 1), -- Spore Tree
(@OGUID+40, 178562, 349, 1114.76, -261.923, -78.7819, 0.446882, 0.023724, 0.021276, 0.221053, 0.974741, 3600, 3600, 100, 1), -- Spore Tree
(@OGUID+41, 178563, 349, 1077.81, -208.096, -74.1736, 0.445059, 0, 0.000001, 0.220697, 0.975342, 3600, 3600, 100, 1), -- Spore Tree
(@OGUID+42, 178564, 349, 1091.48, -239.483, -75.062, 2.25148, 0.000001, 0, 0.902585, 0.430511, 3600, 3600, 100, 1), -- Spore Tree
(@OGUID+43, 178565, 349, 1047.68, -204.189, -70.4171, -2.74889, 0.000001, 0, 0.980785, -0.19509, 3600, 3600, 100, 1), -- Spore Tree
(@OGUID+44, 178566, 349, 1039.73, -204.988, -71.6528, -0.218167, 0, 0.000001, -0.108867, 0.994056, 3600, 3600, 100, 1), -- Spore Tree
(@OGUID+45, 178567, 349, 1013.67, -227.789, -67.5961, -0.218167, 0, 0.000001, -0.108867, 0.994056, 3600, 3600, 100, 1), -- Spore Tree
(@OGUID+46, 178568, 349, 1032.63, -243.233, -72.6557, -0.218167, 0, 0.000001, -0.108867, 0.994056, 3600, 3600, 100, 1), -- Spore Tree
(@OGUID+47, 178569, 349, 1007.36, -232.888, -67.5961, -1.87623, -0.000001, 0, -0.806444, 0.59131, 3600, 3600, 100, 1), -- Spore Tree
(@OGUID+48, 178570, 349, 1141.01, -191.389, -79.012, 0.959931, 0, 0, 0.461749, 0.887011, 3600, 3600, 100, 1), -- Corruption Spewer
(@OGUID+49, 178905, 349, 989.642, -392.402, -50.3576, -2.04204, 0, 0, 0.85264, -0.522498, 3600, 3600, 100, 1), -- Vylestem Vine
(@OGUID+50, 178905, 349, 1064.95, -375.428, -36.3821, 0, 0, 0, 0, 1, 3600, 3600, 100, 1), -- Vylestem Vine
(@OGUID+51, 178905, 349, 1041.07, -330.69, -38.209, 1.50098, 0, 0, 0.681998, 0.731354, 3600, 3600, 100, 1), -- Vylestem Vine
(@OGUID+52, 178905, 349, 951.301, -351.813, -50.2403, -0.593412, 0, 0, 0.292372, -0.956305, 3600, 3600, 100, 1), -- Vylestem Vine
(@OGUID+53, 178905, 349, 1083.37, -290.819, -72.6456, -2.21657, 0, 0, 0.894934, -0.446198, 3600, 3600, 100, 1), -- Vylestem Vine
(@OGUID+54, 178905, 349, 1037.18, -256.586, -72.4103, 2.49582, 0, 0, 0.948324, 0.317305, 3600, 3600, 100, 1), -- Vylestem Vine
(@OGUID+55, 178905, 349, 960.01, -259.707, -49.0976, 1.22173, 0, 0, 0.573576, 0.819152, 3600, 3600, 100, 1), -- Vylestem Vine
(@OGUID+56, 178905, 349, 924.664, -231.712, -46.6095, 0.994838, 0, 0, 0.477159, 0.878817, 3600, 3600, 100, 1), -- Vylestem Vine
(@OGUID+57, 178905, 349, 941.809, -136.609, -61.1079, 0.942478, 0, 0, 0.45399, 0.891007, 3600, 3600, 100, 1), -- Vylestem Vine
(@OGUID+58, 178905, 349, 883.578, -67.2601, -59.2139, 1.53589, 0, 0, 0.694658, 0.71934, 3600, 3600, 100, 1), -- Vylestem Vine
(@OGUID+59, 178905, 349, 983.297, -67.8987, -62.0587, -2.18166, 0, 0, 0.887011, -0.461749, 3600, 3600, 100, 1), -- Vylestem Vine
(@OGUID+60, 178905, 349, 960.397, -10.6216, -62.9832, 0.820305, 0, 0, 0.398749, 0.91706, 3600, 3600, 100, 1), -- Vylestem Vine
(@OGUID+61, 178964, 349, 650.99, 74.458, -86.8651, 1.45735, 0, 0, 0.665882, 0.746057, -20, -20, 100, 1), -- Celebras Blue Aura
(@OGUID+62, 178965, 349, 652.263, 74.0125, -85.3354, 6.10288, 0, 0, 0.0900299, -0.995939, -3600, -3600, 100, 1); -- Incantation of Celebras

-- ======
-- EVENTS
-- ======

INSERT INTO `game_event_creature` (`guid`, `event`) VALUES
(@CGUID+600, 7); -- Elder Splitrock (Lunar Festival)

-- INSERT INTO `game_event_creature_data` (`guid`, `entry_id`, `modelid`, `equipment_id`, `spell_start`, `spell_end`, `event`) VALUES
-- INSERT INTO `game_event_gameobject` (`guid`, `event`) VALUES

-- =======
-- POOLING
-- =======

-- INSERT INTO `pool_pool` (`pool_id`, `mother_pool`, `chance`, `description`) VALUES

INSERT INTO `pool_template` (`entry`, `max_limit`, `description`) VALUES
(@PGUID+1, 1, 'Maraudon - Meshlok the Harvester (12237)'),
(@PGUID+2, 1, 'Maraudon - Mineral nodes - subzone 4'),
(@PGUID+3, 1, 'Maraudon - Mineral nodes - subzone 5'),
(@PGUID+4, 1, 'Maraudon - Mineral nodes - multinodes subzone 5'),
(@PGUID+5, 1, 'Maraudon - Mineral nodes - subzone 6'),
(@PGUID+6, 1, 'Maraudon - Mineral nodes - subzone 7'),
(@PGUID+7, 1, 'Maraudon - Mineral nodes - subzone 12'),
(@PGUID+51, 7, 'Maraudon - Master Ghost Mushroom (142144) Pool');

INSERT INTO `pool_creature` (`guid`, `pool_entry`, `chance`, `description`) VALUES
(@CGUID+474, @PGUID+1, 0, 'Maraudon - Meshlok the Harvester placeholder'),
(@CGUID+481, @PGUID+1, 0, 'Maraudon - Meshlok the Harvester placeholder'),
(@CGUID+485, @PGUID+1, 30, 'Maraudon - Meshlok the Harvester (12237)');

-- INSERT INTO `pool_creature_template` (`id`, `pool_entry`, `chance`, `description`) VALUES

INSERT INTO `pool_gameobject` (`guid`, `pool_entry`, `chance`, `description`) VALUES
(@OGUID+2, @PGUID+2, 33.3333, 'Maraudon - Gold Vein - subzone 4'),
(@OGUID+10, @PGUID+2, 0, 'Maraudon - Mithril Deposit - subzone 4'),
(@OGUID+5, @PGUID+3, 0, 'Maraudon - Mithril Deposit - subzone 5'),
(@OGUID+8, @PGUID+3, 0, 'Maraudon - Mithril Deposit - subzone 5'),
(@OGUID+6, @PGUID+4, 0, 'Maraudon - Mithril Deposit - multinodes subzone 5'),
(@OGUID+16, @PGUID+4, 0, 'Maraudon - Truesilver Deposit - multinodes subzone 5'),
(@OGUID+1, @PGUID+5, 33.3333, 'Maraudon - Gold Vein - subzone 6'),
(@OGUID+9, @PGUID+5, 0, 'Maraudon - Mithril Deposit - subzone 6'),
(@OGUID+3, @PGUID+6, 0, 'Maraudon - Mithril Deposit - subzone 7'),
(@OGUID+7, @PGUID+6, 0, 'Maraudon - Mithril Deposit - subzone 7'),
(@OGUID+4, @PGUID+7, 0, 'Maraudon - Mithril Deposit - subzone 12'),
(@OGUID+23, @PGUID+51, 0, 'Maraudon - Ghost Mushroom (142144)'),
(@OGUID+24, @PGUID+51, 0, 'Maraudon - Ghost Mushroom (142144)'),
(@OGUID+25, @PGUID+51, 0, 'Maraudon - Ghost Mushroom (142144)'),
(@OGUID+26, @PGUID+51, 0, 'Maraudon - Ghost Mushroom (142144)'),
(@OGUID+27, @PGUID+51, 0, 'Maraudon - Ghost Mushroom (142144)'),
(@OGUID+28, @PGUID+51, 0, 'Maraudon - Ghost Mushroom (142144)'),
(@OGUID+29, @PGUID+51, 0, 'Maraudon - Ghost Mushroom (142144)'),
(@OGUID+30, @PGUID+51, 0, 'Maraudon - Ghost Mushroom (142144)'),
(@OGUID+31, @PGUID+51, 0, 'Maraudon - Ghost Mushroom (142144)'),
(@OGUID+32, @PGUID+51, 0, 'Maraudon - Ghost Mushroom (142144)'),
(@OGUID+33, @PGUID+51, 0, 'Maraudon - Ghost Mushroom (142144)'),
(@OGUID+34, @PGUID+51, 0, 'Maraudon - Ghost Mushroom (142144)'),
(@OGUID+35, @PGUID+51, 0, 'Maraudon - Ghost Mushroom (142144)'),
(@OGUID+36, @PGUID+51, 0, 'Maraudon - Ghost Mushroom (142144)');

-- INSERT INTO `pool_gameobject_template` (`id`, `pool_entry`, `chance`, `description`) VALUES

-- =========
-- DBSCRIPTS
-- =========

DELETE FROM dbscripts_on_creature_movement WHERE id IN (1179001,1179101,1371601,1371602,1371603,1353301);
INSERT INTO `dbscripts_on_creature_movement` (`id`, `delay`, `command`, `datalong`, `datalong2`, `datalong3`, `buddy_entry`, `search_radius`, `data_flags`, `dataint`, `dataint2`, `dataint3`, `dataint4`, `x`, `y`, `z`, `o`, `comments`) VALUES
(1179001, 0, 15, 21157, 0, 0, 0, 0, 0, 0, 0, 0, 0, 0, 0, 0, 0, 'Putridus Satyr - Cast Dark Channeling'),
(1179101, 0, 15, 21157, 0, 0, 0, 0, 0, 0, 0, 0, 0, 0, 0, 0, 0, 'Putridus Trickster - Cast Dark Channeling'),

(1371601, 3000, 0, 0, 0, 0, 0, 0, 0, 2000005649, 0, 0, 0, 0, 0, 0, 0, ''),
(1371601, 4000, 9, @OGUID+62, 3600, 0, 0, 0, 0, 0, 0, 0, 0, 0, 0, 0, 0, 'summon book'),
(1371601, 5000, 15, 21916, 0, 0, 0, 0, 0, 0, 0, 0, 0, 0, 0, 0, 0, 'cast Celebras Waiting'),
(1371601, 6000, 0, 0, 0, 0, 0, 0, 0, 2000005650, 0, 0, 0, 0, 0, 0, 0, ''),
(1371601, 7000, 0, 0, 0, 0, 0, 0, 0, 2000005651, 0, 0, 0, 0, 0, 0, 0, ''),

(1371602, 1000, 15, 21950, 0, 0, 0, 0, 0, 0, 0, 0, 0, 0, 0, 0, 0, 'cast Recite Words of Celebras'),
(1371602, 7000, 0, 0, 0, 0, 0, 0, 0, 2000005653, 0, 0, 0, 0, 0, 0, 0, ''),

(1371603, 1000, 29, 3, 1, 0, 0, 0, 0, 0, 0, 0, 0, 0, 0, 0, 0, 'Add flags'),
(1371603, 1000, 20, 0, 0, 0, 0, 0, 0, 0, 0, 0, 0, 0, 0, 0, 0, 'Stop WP movement'),
(1371603, 1000, 3, 0, 700, 0, 0, 0, 0, 0, 0, 0, 0, 0, 0, 0, 5.06689, 'correct orient'),

(1353301, 0, 32, 1, 0, 0, 0, 0, 0, 0, 0, 0, 0, 0, 0, 0, 0, 'Spewed Larva - pause WP movement'),
(1353301, 1000, 20, 1, 8, 0, 0, 0, 8, 0, 0, 0, 0, 0, 0, 0, 0, 'Spewed Larva - movement changed to random'),
(1353301, 30000, 20, 2, 0, 0, 0, 0, 8, 0, 0, 0, 0, 0, 0, 0, 0, 'Spewed Larva - movement changed to WP'),
(1353301, 30000, 18, 0, 0, 0, 0, 0, 0, 0, 0, 0, 0, 0, 0, 0, 0, 'Spewed Larva - despawn self');

-- INSERT INTO `dbscripts_on_creature_death` (`id`, `delay`, `command`, `datalong`, `datalong2`, `datalong3`, `buddy_entry`, `search_radius`, `data_flags`, `dataint`, `dataint2`, `dataint3`, `dataint4`, `x`, `y`, `z`, `o`, `comments`) VALUES
-- INSERT INTO `dbscripts_on_go_use` (`id`, `delay`, `command`, `datalong`, `datalong2`, `datalong3`, `buddy_entry`, `search_radius`, `data_flags`, `dataint`, `dataint2`, `dataint3`, `dataint4`, `x`, `y`, `z`, `o`, `comments`) VALUES

INSERT INTO `dbscripts_on_go_template_use` (`id`, `delay`, `command`, `datalong`, `datalong2`, `datalong3`, `buddy_entry`, `search_radius`, `data_flags`, `dataint`, `dataint2`, `dataint3`, `dataint4`, `x`, `y`, `z`, `o`, `comments`) VALUES
(178905, 0, 10, 13696, 60000, 0, 0, 0, 0, 0, 0, 0, 0, 0, 0, 0, 0, 'summon Noxxious Scion'),
(178905, 0, 10, 13696, 60000, 0, 0, 0, 0, 0, 0, 0, 0, 0, 0, 0, 0, 'summon Noxxious Scion'),
(178905, 0, 10, 13696, 60000, 0, 0, 0, 0, 0, 0, 0, 0, 0, 0, 0, 0, 'summon Noxxious Scion'),

(178965, 0, 47, 3, 0, 0, 13716, 50, 7, 0, 0, 0, 0, 0, 0, 0, 0, 'interrupt channeled spell (Celebras Waiting 21916)'),
(178965, 0, 9, @OGUID+61, 20, 0, 0, 0, 0, 0, 0, 0, 0, 0, 0, 0, 0, 'summon Celebras Blue Aura'),
(178965, 1000, 0, 0, 0, 0, 0, 0, 0, 2000005652, 0, 0, 0, 0, 0, 0, 0, 'force Player to say'),
(178965, 3000, 0, 0, 0, 0, 13716, 50, 7, 2000005652, 0, 0, 0, 0, 0, 0, 0, ''),
(178965, 25000, 7, 7046, 0, 0, 0, 0, 0, 0, 0, 0, 0, 0, 0, 0, 0, 'Give quest completion');

-- INSERT INTO `dbscripts_on_relay` (`id`, `delay`, `command`, `datalong`, `datalong2`, `datalong3`, `buddy_entry`, `search_radius`, `data_flags`, `dataint`, `dataint2`, `dataint3`, `dataint4`, `x`, `y`, `z`, `o`, `comments`) VALUES
-- INSERT INTO `dbscripts_on_event` (`id`, `delay`, `command`, `datalong`, `datalong2`, `datalong3`, `buddy_entry`, `search_radius`, `data_flags`, `dataint`, `dataint2`, `dataint3`, `dataint4`, `x`, `y`, `z`, `o`, `comments`) VALUES
-- INSERT INTO `dbscripts_on_spell` (`id`, `delay`, `command`, `datalong`, `datalong2`, `datalong3`, `buddy_entry`, `search_radius`, `data_flags`, `dataint`, `dataint2`, `dataint3`, `dataint4`, `x`, `y`, `z`, `o`, `comments`) VALUES
-- INSERT INTO `dbscripts_on_gossip` (`id`, `delay`, `command`, `datalong`, `datalong2`, `datalong3`, `buddy_entry`, `search_radius`, `data_flags`, `dataint`, `dataint2`, `dataint3`, `dataint4`, `x`, `y`, `z`, `o`, `comments`) VALUES

DELETE FROM dbscripts_on_quest_start WHERE id=7046;
INSERT INTO `dbscripts_on_quest_start` (`id`, `delay`, `command`, `datalong`, `datalong2`, `datalong3`, `buddy_entry`, `search_radius`, `data_flags`, `dataint`, `dataint2`, `dataint3`, `dataint4`, `x`, `y`, `z`, `o`, `comments`) VALUES
(7046, 0, 0, 0, 0, 0, 0, 0, 0, 2000005646, 0, 0, 0, 0, 0, 0, 0, ''),
(7046, 1000, 29, 3, 2, 0, 0, 0, 0, 0, 0, 0, 0, 0, 0, 0, 0, 'Remove flags'),
(7046, 3000, 3, 0, 700, 0, 0, 0, 0, 0, 0, 0, 0, 654.905, 87.382, -86.8597, 5.06689, 'move'),
(7046, 14000, 3, 0, 700, 0, 0, 0, 0, 0, 0, 0, 0, 0, 0, 0, 5.06689, 'correct orient'),
(7046, 15000, 0, 0, 0, 0, 0, 0, 0, 2000005647, 0, 0, 0, 0, 0, 0, 0, ''),
(7046, 17000, 20, 2, 0, 0, 0, 0, 0, 0, 0, 0, 0, 0, 0, 0, 0, 'movement changed to 2:waypoint'),
(7046, 23000, 0, 0, 0, 0, 0, 0, 0, 2000005648, 0, 0, 0, 0, 0, 0, 0, '');

-- INSERT INTO `dbscripts_on_quest_end` (`id`, `delay`, `command`, `datalong`, `datalong2`, `datalong3`, `buddy_entry`, `search_radius`, `data_flags`, `dataint`, `dataint2`, `dataint3`, `dataint4`, `x`, `y`, `z`, `o`, `comments`) VALUES

DELETE FROM dbscript_string WHERE entry IN (2000005646,2000005647,2000005648,2000005649,2000005650,2000005651,2000005652,2000005653);
INSERT INTO `dbscript_string` (`entry`, `content_default`, `sound`, `type`, `language`, `emote`, `broadcast_text_id`, `comment`) VALUES
(2000005646, 'You wish to learn of the stone? Follow me.', 0, 0, 0, 0, 8952, ''),
(2000005647, 'For so long I have drifted in my cursed form. You have freed me... Your hard work shall be repaid.', 0, 0, 0, 0, 8953, ''),
(2000005648, 'Please do as I instruct you, $N.', 0, 0, 0, 0, 8954, ''), 
(2000005649, 'Read this tome I have placed before you, and speak the words aloud.', 0, 0, 0, 0, 8950, ''),
(2000005650, '%s begins to channel his energy, focusing on the stone.', 0, 2, 0, 0, 8951, ''),
(2000005651, 'Together, the two parts shall become one, once again.', 0, 0, 0, 0, 8948, ''),
(2000005652, 'Shal myrinan ishnu daldorah...', 0, 0, 0, 0, 8949, ''),
(2000005653, 'My scepter will once again become whole!', 0, 0, 0, 0, 8955, '');

-- INSERT INTO `dbscript_random_templates` (`id`, `type`, `target_id`, `chance`, `comments`) VALUES


