/* DBScriptData
DBName: Molten Core
DBScriptName: instance_molten_core
DB%Complete: 75
DBComment:
EndDBScriptData */

SET @CGUID := 4090000; -- creatures
SET @OGUID := 4090000; -- gameobjects
SET @PGUID := 47100; -- pools

-- =========
-- CREATURES
-- =========

INSERT INTO `creature_movement` (`id`, `point`, `position_x`, `position_y`, `position_z`, `orientation`, `waittime`, `script_id`) VALUES
(@CGUID+206, 1, 1142.68, -647.411, -131.923, 0, 0, 0),
(@CGUID+206, 2, 1142.68, -647.411, -131.923, 1.53589, 150000, 0),
(@CGUID+206, 3, 1144.05, -662.684, -131.463, 0, 0, 0),
(@CGUID+206, 4, 1160.29, -696.88, -132.486, 0, 0, 0),
(@CGUID+206, 5, 1129.03, -721.049, -139.58, 0, 0, 0),
(@CGUID+206, 6, 1118.51, -712.138, -144.258, 0, 0, 0),
(@CGUID+206, 7, 1104.69, -722.13, -146.983, 0, 0, 0),
(@CGUID+206, 8, 1090.82, -731.363, -149.987, 0, 0, 0),
(@CGUID+206, 9, 1070.79, -717.562, -153.483, 0, 0, 0),
(@CGUID+206, 10, 1080.75, -681.572, -159.873, 0, 150000, 0),
(@CGUID+206, 11, 1080.1, -708.452, -154.229, 0, 0, 0),
(@CGUID+206, 12, 1084.53, -731.895, -151.012, 0, 0, 0),
(@CGUID+206, 13, 1093.7, -748.084, -149.262, 0, 0, 0),
(@CGUID+206, 14, 1110.64, -738.143, -146.501, 0, 0, 0),
(@CGUID+206, 15, 1115.69, -716.585, -144.635, 0, 0, 0),
(@CGUID+206, 16, 1148.22, -713.581, -132.988, 0, 0, 0),
(@CGUID+206, 17, 1161.7, -694.493, -132.2, 0, 0, 0),
(@CGUID+206, 18, 1149.11, -669.773, -130.34, 0, 0, 0),
(@CGUID+207, 1, 716.295, -563.171, -215.212, 0, 0, 0),
(@CGUID+207, 2, 730.72, -541.204, -216.521, 0, 0, 0),
(@CGUID+207, 3, 751.735, -537.168, -215.009, 0, 0, 0),
(@CGUID+207, 4, 782.822, -568.612, -213.24, 0, 0, 0),
(@CGUID+207, 5, 826.469, -557.417, -206.12, 0, 0, 0),
(@CGUID+207, 6, 862.763, -559.335, -203.825, 0, 0, 0),
(@CGUID+207, 7, 897.309, -575.203, -203.762, 0, 0, 0),
(@CGUID+207, 8, 928.274, -599.925, -203.494, 0, 0, 0),
(@CGUID+207, 9, 977, -588.052, -203.566, 0, 0, 0),
(@CGUID+207, 10, 1013.35, -611.711, -198.822, 0, 0, 0),
(@CGUID+207, 11, 1031.78, -628.694, -189.868, 0, 0, 0),
(@CGUID+207, 12, 1054.58, -638.426, -174.019, 0, 0, 0),
(@CGUID+207, 13, 1082.93, -658.826, -159.595, 0, 0, 0),
(@CGUID+207, 14, 1102.02, -688.026, -153.032, 0, 0, 0),
(@CGUID+207, 15, 1095.61, -709.971, -151.273, 0, 0, 0),
(@CGUID+207, 16, 1102.02, -688.026, -153.032, 0, 0, 0),
(@CGUID+207, 17, 1082.93, -658.826, -159.595, 0, 0, 0),
(@CGUID+207, 18, 1054.58, -638.426, -174.019, 0, 0, 0),
(@CGUID+207, 19, 1031.78, -628.694, -189.868, 0, 0, 0),
(@CGUID+207, 20, 1013.35, -611.711, -198.822, 0, 0, 0),
(@CGUID+207, 21, 977, -588.052, -203.566, 0, 0, 0),
(@CGUID+207, 22, 928.274, -599.925, -203.494, 0, 0, 0),
(@CGUID+207, 23, 897.309, -575.203, -203.762, 0, 0, 0),
(@CGUID+207, 24, 862.763, -559.335, -203.825, 0, 0, 0),
(@CGUID+207, 25, 826.469, -557.417, -206.12, 0, 0, 0),
(@CGUID+207, 26, 782.822, -568.612, -213.24, 0, 0, 0),
(@CGUID+207, 27, 751.735, -537.168, -215.009, 0, 0, 0),
(@CGUID+207, 28, 730.72, -541.204, -216.521, 0, 0, 0),
(@CGUID+207, 29, 716.295, -563.171, -215.212, 0, 0, 0),
(@CGUID+207, 30, 710.911, -588.955, -211.35, 0, 0, 0),
(@CGUID+208, 1, 1051.31, -799.69, -151.971, 100, 0, 0),
(@CGUID+208, 2, 1039.67, -791.097, -151.01, 100, 0, 0),
(@CGUID+208, 3, 1026.31, -767.8, -156.649, 100, 0, 0),
(@CGUID+208, 4, 1038.77, -761.698, -152.658, 100, 0, 0),
(@CGUID+208, 5, 1064.63, -748.941, -151.752, 100, 0, 0),
(@CGUID+208, 6, 1038.77, -761.698, -152.658, 100, 0, 0),
(@CGUID+208, 7, 1026.31, -767.8, -156.649, 100, 0, 0),
(@CGUID+208, 8, 1039.64, -791.052, -150.989, 100, 0, 0),
(@CGUID+208, 9, 1051.31, -799.69, -151.971, 100, 0, 0),
(@CGUID+208, 10, 1040.76, -815.112, -152.166, 100, 0, 0),
(@CGUID+209, 1, 831.386, -627.893, -203.149, 0, 0, 0),
(@CGUID+209, 2, 856.456, -617.906, -202.157, 0, 0, 0),
(@CGUID+209, 3, 899.612, -613.543, -202.238, 0, 0, 0),
(@CGUID+209, 4, 936.253, -612.5, -203.622, 0, 0, 0),
(@CGUID+209, 5, 975.182, -641.047, -201.577, 0, 0, 0),
(@CGUID+209, 6, 1002.31, -661.99, -194.192, 0, 0, 0),
(@CGUID+209, 7, 1024.07, -684.312, -173.43, 0, 0, 0),
(@CGUID+209, 8, 1042.02, -695.821, -163.758, 0, 0, 0),
(@CGUID+209, 9, 1058.16, -706.078, -156.611, 0, 0, 0),
(@CGUID+209, 10, 1068.57, -742.832, -151.733, 0, 0, 0),
(@CGUID+209, 11, 1117.1, -744.479, -145.629, 0, 0, 0),
(@CGUID+209, 12, 1149.46, -726.451, -133.804, 0, 0, 0),
(@CGUID+209, 13, 1175.51, -702.176, -130.987, 0, 0, 0),
(@CGUID+209, 14, 1200.5, -670.934, -128.545, 0, 0, 0),
(@CGUID+209, 15, 1202.95, -639.398, -126.169, 0, 0, 0),
(@CGUID+209, 16, 1188.3, -614.03, -121.882, 0, 0, 0),
(@CGUID+209, 17, 1164.2, -595.404, -115.776, 0, 0, 0),
(@CGUID+209, 18, 1155.21, -574.871, -113.377, 0, 0, 0),
(@CGUID+209, 19, 1164.2, -595.404, -115.776, 0, 0, 0),
(@CGUID+209, 20, 1188.3, -614.03, -121.882, 0, 0, 0),
(@CGUID+209, 21, 1202.95, -639.398, -126.169, 0, 0, 0),
(@CGUID+209, 22, 1200.5, -670.934, -128.545, 0, 0, 0),
(@CGUID+209, 23, 1175.59, -702.081, -130.975, 0, 0, 0),
(@CGUID+209, 24, 1149.46, -726.451, -133.804, 0, 0, 0),
(@CGUID+209, 25, 1117.1, -744.479, -145.629, 0, 0, 0),
(@CGUID+209, 26, 1068.57, -742.832, -151.733, 0, 0, 0),
(@CGUID+209, 27, 1058.16, -706.078, -156.611, 0, 0, 0),
(@CGUID+209, 28, 1042.02, -695.821, -163.758, 0, 0, 0),
(@CGUID+209, 29, 1024.23, -684.475, -173.294, 0, 0, 0),
(@CGUID+209, 30, 1002.31, -661.99, -194.192, 0, 0, 0),
(@CGUID+209, 31, 975.182, -641.047, -201.577, 0, 0, 0),
(@CGUID+209, 32, 936.253, -612.5, -203.622, 0, 0, 0),
(@CGUID+209, 33, 899.612, -613.543, -202.238, 0, 0, 0),
(@CGUID+209, 34, 856.456, -617.906, -202.157, 0, 0, 0),
(@CGUID+209, 35, 831.386, -627.893, -203.149, 0, 0, 0),
(@CGUID+209, 36, 816.582, -641.068, -203.889, 0, 0, 0),
(@CGUID+210, 1, 695.798, -526.238, -214.307, 0, 0, 0),
(@CGUID+210, 2, 706.807, -515.222, -215.46, 0, 0, 0),
(@CGUID+210, 3, 708.752, -494.487, -213.944, 0, 0, 0),
(@CGUID+210, 4, 706.407, -474.379, -211.167, 0, 0, 0),
(@CGUID+210, 5, 708.752, -494.487, -213.944, 0, 0, 0),
(@CGUID+210, 6, 706.807, -515.222, -215.46, 0, 0, 0),
(@CGUID+210, 7, 695.798, -526.238, -214.307, 0, 0, 0),
(@CGUID+210, 8, 671.732, -532.863, -210.532, 0, 0, 0),
(@CGUID+211, 1, 694.382, -643.128, -209.786, 100, 0, 0),
(@CGUID+211, 2, 691.994, -667.745, -209.655, 100, 0, 0),
(@CGUID+211, 3, 712.624, -699.469, -209.726, 100, 0, 0),
(@CGUID+211, 4, 672.705, -770.889, -209.07, 100, 0, 0),
(@CGUID+211, 5, 696.889, -727.38, -209.428, 100, 0, 0),
(@CGUID+211, 6, 672.705, -770.889, -209.07, 100, 0, 0),
(@CGUID+211, 7, 712.624, -699.469, -209.726, 100, 0, 0),
(@CGUID+211, 8, 691.994, -667.745, -209.655, 100, 0, 0),
(@CGUID+211, 9, 694.382, -643.128, -209.786, 100, 0, 0),
(@CGUID+211, 10, 706.599, -608.756, -209.786, 100, 0, 0),
(@CGUID+212, 1, 723.831, -518.31, -217.61, 0, 0, 0),
(@CGUID+212, 2, 706.713, -535.847, -216.719, 0, 0, 0),
(@CGUID+212, 3, 685.786, -543.645, -211.2, 0, 0, 0),
(@CGUID+212, 4, 667.631, -538.124, -209.992, 0, 0, 0),
(@CGUID+212, 5, 685.786, -543.645, -211.2, 0, 0, 0),
(@CGUID+212, 6, 706.713, -535.847, -216.719, 0, 0, 0),
(@CGUID+212, 7, 723.831, -518.31, -217.61, 0, 0, 0),
(@CGUID+212, 8, 728.272, -487.492, -212.95, 0, 0, 0),
(@CGUID+213, 1, 693.79, -895.405, -199.332, 0, 0, 0),
(@CGUID+213, 2, 676.304, -859.072, -207.397, 0, 0, 0),
(@CGUID+213, 3, 660.533, -846.33, -208.582, 0, 0, 0),
(@CGUID+213, 4, 676.304, -859.072, -207.397, 0, 0, 0),
(@CGUID+213, 5, 693.79, -895.405, -199.332, 0, 0, 0),
(@CGUID+213, 6, 709.725, -933.081, -191.216, 0, 0, 0),
(@CGUID+214, 1, 687.794, -1186.92, -122.332, 0, 0, 0),
(@CGUID+214, 2, 678.912, -1171.26, -124.993, 0, 0, 0),
(@CGUID+214, 3, 681.356, -1157.21, -129.422, 0, 0, 0),
(@CGUID+214, 4, 688.81, -1145.38, -132.649, 0, 0, 0),
(@CGUID+214, 5, 705.075, -1129.98, -137.404, 0, 0, 0),
(@CGUID+214, 6, 726.27, -1123.73, -140.431, 0, 0, 0),
(@CGUID+214, 7, 751.834, -1124.25, -144.358, 0, 0, 0),
(@CGUID+214, 8, 786.123, -1142.03, -149.575, 0, 0, 0),
(@CGUID+214, 9, 797.667, -1151.59, -151.21, 0, 0, 0),
(@CGUID+214, 10, 809.099, -1147.87, -152.479, 0, 0, 0),
(@CGUID+214, 11, 839.597, -1126.93, -156.889, 0, 0, 0),
(@CGUID+214, 12, 852.072, -1110.01, -164.803, 0, 0, 0),
(@CGUID+214, 13, 866.193, -1092.76, -172.849, 0, 0, 0),
(@CGUID+214, 14, 872.731, -1072.91, -180.544, 0, 0, 0),
(@CGUID+214, 15, 867.892, -1050.32, -187.042, 0, 0, 0),
(@CGUID+214, 16, 862.483, -1025.39, -193.773, 0, 0, 0),
(@CGUID+214, 17, 837.978, -1005.71, -203.433, 0, 0, 0),
(@CGUID+214, 18, 811.05, -995.472, -207.77, 0, 0, 0),
(@CGUID+214, 19, 837.978, -1005.71, -203.433, 0, 0, 0),
(@CGUID+214, 20, 862.483, -1025.39, -193.773, 0, 0, 0),
(@CGUID+214, 21, 867.892, -1050.32, -187.042, 0, 0, 0),
(@CGUID+214, 22, 872.731, -1072.91, -180.544, 0, 0, 0),
(@CGUID+214, 23, 866.193, -1092.76, -172.849, 0, 0, 0),
(@CGUID+214, 24, 852.072, -1110.01, -164.803, 0, 0, 0),
(@CGUID+214, 25, 839.597, -1126.93, -156.889, 0, 0, 0),
(@CGUID+214, 26, 809.099, -1147.87, -152.479, 0, 0, 0),
(@CGUID+214, 27, 797.667, -1151.59, -151.21, 0, 0, 0),
(@CGUID+214, 28, 786.123, -1142.03, -149.575, 0, 0, 0),
(@CGUID+214, 29, 751.834, -1124.25, -144.358, 0, 0, 0),
(@CGUID+214, 30, 726.27, -1123.73, -140.431, 0, 0, 0),
(@CGUID+214, 31, 705.075, -1129.98, -137.404, 0, 0, 0),
(@CGUID+214, 32, 688.81, -1145.38, -132.649, 0, 0, 0),
(@CGUID+214, 33, 681.356, -1157.21, -129.422, 0, 0, 0),
(@CGUID+214, 34, 678.912, -1171.26, -124.993, 0, 0, 0),
(@CGUID+214, 35, 687.782, -1186.92, -122.332, 0, 0, 0),
(@CGUID+214, 36, 702.477, -1195.07, -120.226, 0, 0, 0),
(@CGUID+215, 1, 568.275, -805.672, -206.751, 0, 0, 0),
(@CGUID+215, 2, 571.174, -823.573, -206.936, 0, 0, 0),
(@CGUID+215, 3, 580.753, -839.172, -206.023, 0, 0, 0),
(@CGUID+215, 4, 606.391, -839.914, -207.404, 0, 0, 0),
(@CGUID+215, 5, 640.346, -838.716, -208.401, 0, 0, 0),
(@CGUID+215, 6, 606.391, -839.914, -207.404, 0, 0, 0),
(@CGUID+215, 7, 580.753, -839.172, -206.023, 0, 0, 0),
(@CGUID+215, 8, 571.174, -823.573, -206.936, 0, 0, 0),
(@CGUID+215, 9, 568.275, -805.672, -206.751, 0, 0, 0),
(@CGUID+215, 10, 574.772, -784.437, -207.124, 0, 0, 0),
(@CGUID+216, 1, 820.138, -991.096, -207.345, 0, 0, 0),
(@CGUID+216, 2, 837.512, -1001.87, -203.928, 0, 0, 0),
(@CGUID+216, 3, 875.271, -1009.17, -195.795, 0, 0, 0),
(@CGUID+216, 4, 884.141, -1024.13, -192.933, 0, 0, 0),
(@CGUID+216, 5, 875.271, -1009.17, -195.795, 0, 0, 0),
(@CGUID+216, 6, 837.512, -1001.87, -203.928, 0, 0, 0),
(@CGUID+216, 7, 820.138, -991.096, -207.135, 0, 0, 0),
(@CGUID+216, 8, 815.059, -979.847, -208.618, 0, 0, 0),
(@CGUID+217, 1, 619.315, -1131.17, -201.625, 0, 0, 0),
(@CGUID+217, 2, 635.516, -1094.7, -196.748, 0, 0, 0),
(@CGUID+217, 3, 637.127, -1060.91, -199.242, 0, 0, 0),
(@CGUID+217, 4, 635.516, -1094.7, -196.748, 0, 0, 0),
(@CGUID+217, 5, 619.315, -1131.17, -201.625, 0, 0, 0),
(@CGUID+217, 6, 610.037, -1155.73, -198.829, 0, 0, 0),
(@CGUID+218, 1, 713.138, -1077.04, -178.463, 0, 0, 0),
(@CGUID+218, 2, 756.49, -1086.39, -165.027, 0, 0, 0),
(@CGUID+218, 3, 791.674, -1098.38, -157.489, 0, 0, 0),
(@CGUID+218, 4, 811.462, -1112.42, -155.172, 0, 0, 0),
(@CGUID+218, 5, 820.886, -1133.54, -153.956, 0, 0, 0),
(@CGUID+218, 6, 807.413, -1143.59, -152.211, 0, 0, 0),
(@CGUID+218, 7, 788.381, -1136.84, -150.057, 0, 0, 0),
(@CGUID+218, 8, 774.828, -1122.12, -148.799, 0, 0, 0),
(@CGUID+218, 9, 753.06, -1112.58, -145.972, 0, 0, 0),
(@CGUID+218, 10, 723.394, -1111.52, -142.158, 0, 0, 0),
(@CGUID+218, 11, 692.821, -1125.59, -137.05, 0, 0, 0),
(@CGUID+218, 12, 670.802, -1153.98, -128.281, 0, 0, 0),
(@CGUID+218, 13, 669.009, -1180.97, -123.08, 0, 0, 0),
(@CGUID+218, 14, 670.802, -1153.98, -128.281, 0, 0, 0),
(@CGUID+218, 15, 692.821, -1125.59, -137.05, 0, 0, 0),
(@CGUID+218, 16, 723.394, -1111.52, -142.158, 0, 0, 0),
(@CGUID+218, 17, 753.06, -1112.58, -145.972, 0, 0, 0),
(@CGUID+218, 18, 774.828, -1122.12, -148.799, 0, 0, 0),
(@CGUID+218, 19, 788.381, -1136.84, -150.057, 0, 0, 0),
(@CGUID+218, 20, 807.413, -1143.59, -152.211, 0, 0, 0),
(@CGUID+218, 21, 820.886, -1133.54, -153.956, 0, 0, 0),
(@CGUID+218, 22, 811.462, -1112.42, -155.172, 0, 0, 0),
(@CGUID+218, 23, 791.674, -1098.38, -157.489, 0, 0, 0),
(@CGUID+218, 24, 756.49, -1086.39, -165.027, 0, 0, 0),
(@CGUID+218, 25, 713.138, -1077.04, -178.463, 0, 0, 0),
(@CGUID+218, 26, 666.226, -1071.98, -188.574, 0, 0, 0),
(@CGUID+219, 1, 733.284, -1027.08, -177.554, 0, 0, 0),
(@CGUID+219, 2, 695.602, -1035.41, -182.909, 0, 0, 0),
(@CGUID+219, 3, 652.935, -1047.06, -195.193, 0, 0, 0),
(@CGUID+219, 4, 695.602, -1035.41, -182.909, 0, 0, 0),
(@CGUID+219, 5, 733.284, -1027.08, -177.554, 0, 0, 0),
(@CGUID+219, 6, 746.131, -1006.09, -177.438, 0, 0, 0),
(@CGUID+220, 1, 819.106, -631.475, -202.439, 0, 0, 0),
(@CGUID+220, 2, 842.299, -620.29, -203.65, 0, 0, 0),
(@CGUID+220, 3, 863.201, -606.666, -201.966, 0, 0, 0),
(@CGUID+220, 4, 880.717, -589.987, -203.519, 0, 0, 0),
(@CGUID+220, 5, 891.586, -563.166, -204.177, 0, 0, 0),
(@CGUID+220, 6, 880.717, -589.987, -203.519, 0, 0, 0),
(@CGUID+220, 7, 863.201, -606.666, -201.966, 0, 0, 0),
(@CGUID+220, 8, 842.299, -620.29, -203.65, 0, 0, 0),
(@CGUID+220, 9, 819.106, -631.475, -202.439, 0, 0, 0),
(@CGUID+220, 10, 801.153, -637.229, -203.292, 0, 0, 0),
(@CGUID+254, 1, 1046.41, -674.951, -169.516, 0, 0, 5), -- Run
(@CGUID+254, 2, 1068.96, -696.559, -157.781, 0, 0, 0),
(@CGUID+254, 3, 1053.97, -737.046, -151.779, 0, 0, 0),
(@CGUID+254, 4, 1059.62, -760.568, -151.586, 0, 0, 0),
(@CGUID+254, 5, 1084.68, -739.883, -150.773, 0, 0, 0),
(@CGUID+254, 6, 1099.29, -778.52, -151.169, 0, 0, 0),
(@CGUID+254, 7, 1125.31, -739.683, -142.761, 0, 0, 0),
(@CGUID+254, 8, 1159.51, -719.253, -133.238, 0, 0, 0),
(@CGUID+254, 9, 1192.17, -686.176, -128.797, 0, 0, 0),
(@CGUID+254, 10, 1211.33, -653.763, -127.914, 0, 0, 0),
(@CGUID+254, 11, 1187.52, -611.039, -121.159, 0, 0, 0),
(@CGUID+254, 12, 1148.85, -599.991, -114.898, 0, 0, 0),
(@CGUID+254, 13, 1187.52, -611.039, -121.159, 0, 0, 0),
(@CGUID+254, 14, 1211.33, -653.763, -127.914, 0, 0, 0),
(@CGUID+254, 15, 1192.17, -686.176, -128.797, 0, 0, 0),
(@CGUID+254, 16, 1159.51, -719.253, -133.238, 0, 0, 0),
(@CGUID+254, 17, 1125.39, -739.631, -142.73, 0, 0, 0),
(@CGUID+254, 18, 1099.29, -778.52, -151.169, 0, 0, 0),
(@CGUID+254, 19, 1084.68, -739.883, -150.773, 0, 0, 0),
(@CGUID+254, 20, 1059.65, -760.544, -151.592, 0, 0, 0),
(@CGUID+254, 21, 1053.97, -737.046, -151.779, 0, 0, 0),
(@CGUID+254, 22, 1068.96, -696.559, -157.781, 0, 0, 0),
(@CGUID+254, 23, 1046.41, -674.951, -169.516, 0, 0, 0),
(@CGUID+254, 24, 1023.84, -646.451, -189.851, 0, 0, 0),
(@CGUID+255, 1, 1032.14, -826.179, -154.263, 0, 0, 0),
(@CGUID+255, 2, 1055.82, -833.265, -154.468, 0, 0, 0),
(@CGUID+255, 3, 1032.14, -826.179, -154.263, 0, 0, 0),
(@CGUID+255, 4, 1015.67, -808.755, -148.721, 0, 0, 0),
(@CGUID+256, 1, 1035.17, -854.796, -158.859, 0, 0, 5), -- Run
(@CGUID+256, 2, 995.068, -853.424, -165.432, 0, 0, 0),
(@CGUID+256, 3, 1035.17, -854.796, -158.859, 0, 0, 0),
(@CGUID+256, 4, 1057.39, -862.527, -159.618, 0, 0, 0),
(@CGUID+257, 1, 966.753, -899.845, -175.725, 0, 0, 5), -- Run
(@CGUID+257, 2, 980.382, -904.361, -171.138, 0, 0, 0),
(@CGUID+257, 3, 1008.57, -890.092, -165.346, 0, 0, 0),
(@CGUID+257, 4, 1028.49, -908.042, -161.369, 0, 0, 0),
(@CGUID+257, 5, 1041.24, -888.982, -158.334, 0, 0, 0),
(@CGUID+257, 6, 1061.06, -900.085, -159.26, 0, 0, 0),
(@CGUID+257, 7, 1071.24, -893.162, -156.495, 0, 0, 0),
(@CGUID+257, 8, 1061.06, -900.085, -159.26, 0, 0, 0),
(@CGUID+257, 9, 1041.24, -888.982, -158.334, 0, 0, 0),
(@CGUID+257, 10, 1028.49, -908.042, -161.369, 0, 0, 0),
(@CGUID+257, 11, 1008.57, -890.092, -165.346, 0, 0, 0),
(@CGUID+257, 12, 980.382, -904.361, -171.138, 0, 0, 0),
(@CGUID+257, 13, 966.753, -899.845, -175.725, 0, 0, 0),
(@CGUID+257, 14, 957.42, -885.538, -173.759, 0, 0, 0),
(@CGUID+258, 1, 1001.68, -886.977, -167.055, 0, 0, 5), -- Run
(@CGUID+258, 2, 987.062, -893.295, -169.738, 0, 0, 0),
(@CGUID+258, 3, 962.845, -884.68, -173.682, 0, 0, 0),
(@CGUID+258, 4, 996.814, -897.901, -168.195, 0, 0, 0),
(@CGUID+258, 5, 1031.92, -889.574, -160.013, 0, 0, 0),
(@CGUID+258, 6, 1069.73, -893.855, -156.793, 0, 0, 0),
(@CGUID+258, 7, 1031.92, -889.574, -160.013, 0, 0, 0),
(@CGUID+258, 8, 996.814, -897.901, -168.195, 0, 0, 0),
(@CGUID+258, 9, 962.845, -884.68, -173.682, 0, 0, 0),
(@CGUID+258, 10, 987.062, -893.295, -169.738, 0, 0, 0),
(@CGUID+258, 11, 1001.68, -886.977, -167.055, 0, 0, 0),
(@CGUID+258, 12, 1008.28, -863.979, -164.788, 0, 0, 0),
(@CGUID+259, 1, 998.693, -609.569, -202.062, 0, 0, 5), -- Run
(@CGUID+259, 2, 989.889, -595.927, -203.226, 0, 0, 0),
(@CGUID+259, 3, 975.509, -589.379, -203.781, 0, 0, 0),
(@CGUID+259, 4, 958.406, -595.733, -203.993, 0, 0, 0),
(@CGUID+259, 5, 950.716, -608.672, -202.882, 0, 0, 0),
(@CGUID+259, 6, 957.015, -625.932, -203.259, 0, 0, 0),
(@CGUID+259, 7, 980.018, -632.299, -203.514, 0, 0, 0),
(@CGUID+259, 8, 990.244, -625.777, -200.768, 0, 0, 0),
(@CGUID+260, 1, 800.437, -665.558, -208.941, 0, 0, 5), -- Run
(@CGUID+260, 2, 779.032, -680.185, -213.91, 0, 0, 0),
(@CGUID+260, 3, 759.922, -689.713, -212.562, 0, 0, 0),
(@CGUID+260, 4, 753.974, -704.163, -211.753, 0, 0, 0),
(@CGUID+260, 5, 758.897, -684.472, -212.381, 0, 0, 0),
(@CGUID+260, 6, 780.89, -669.565, -211.459, 0, 0, 0),
(@CGUID+260, 7, 791.458, -652.981, -207.632, 0, 0, 0),
(@CGUID+260, 8, 780.89, -669.565, -211.459, 0, 0, 0),
(@CGUID+260, 9, 758.897, -684.472, -212.381, 0, 0, 0),
(@CGUID+260, 10, 753.974, -704.163, -211.753, 0, 0, 0),
(@CGUID+260, 11, 759.922, -689.713, -212.562, 0, 0, 0),
(@CGUID+260, 12, 779.032, -680.185, -213.91, 0, 0, 0),
(@CGUID+260, 13, 800.437, -665.558, -208.941, 0, 0, 0),
(@CGUID+260, 14, 807.416, -656.269, -206.115, 0, 0, 0),
(@CGUID+261, 1, 748.515, -725.426, -211.939, 0, 0, 5), -- Run
(@CGUID+261, 2, 739.742, -763.351, -218.972, 0, 0, 0),
(@CGUID+261, 3, 737.39, -810, -225.63, 0, 0, 0),
(@CGUID+261, 4, 745.244, -850.85, -223.628, 0, 0, 0),
(@CGUID+261, 5, 737.39, -810, -225.63, 0, 0, 0),
(@CGUID+261, 6, 739.742, -763.351, -218.972, 0, 0, 0),
(@CGUID+261, 7, 748.515, -725.426, -211.939, 0, 0, 0),
(@CGUID+261, 8, 764.868, -686.5, -212.597, 0, 0, 0),
(@CGUID+262, 1, 884.021, -803.695, -226.693, 0, 0, 5), -- Run
(@CGUID+262, 2, 865.612, -779.715, -225.982, 0, 0, 0),
(@CGUID+262, 3, 865.04, -765.11, -224.75, 0, 0, 0),
(@CGUID+262, 4, 879.352, -761.352, -224.049, 0, 0, 0),
(@CGUID+262, 5, 895.716, -764.457, -224.355, 0, 0, 0),
(@CGUID+262, 6, 909.269, -788.947, -226.938, 0, 0, 0),
(@CGUID+262, 7, 912.38, -812.996, -227.373, 0, 0, 0),
(@CGUID+262, 8, 917.847, -848.549, -219.47, 0, 0, 0),
(@CGUID+262, 9, 913.787, -875.537, -214.22, 0, 0, 0),
(@CGUID+262, 10, 890.594, -905.005, -222.068, 0, 0, 0),
(@CGUID+262, 11, 860.603, -921.123, -225.761, 0, 0, 0),
(@CGUID+262, 12, 816.981, -920.895, -225.845, 0, 0, 0),
(@CGUID+262, 13, 782.662, -911.187, -222.647, 0, 0, 0),
(@CGUID+262, 14, 816.977, -920.894, -225.854, 0, 0, 0),
(@CGUID+262, 15, 860.603, -921.123, -225.761, 0, 0, 0),
(@CGUID+262, 16, 890.594, -905.005, -222.068, 0, 0, 0),
(@CGUID+262, 17, 913.787, -875.537, -214.22, 0, 0, 0),
(@CGUID+262, 18, 917.847, -848.549, -219.47, 0, 0, 0),
(@CGUID+262, 19, 912.38, -812.996, -227.373, 0, 0, 0),
(@CGUID+262, 20, 909.269, -788.947, -226.938, 0, 0, 0),
(@CGUID+262, 21, 895.716, -764.457, -224.355, 0, 0, 0),
(@CGUID+262, 22, 879.352, -761.352, -224.049, 0, 0, 0),
(@CGUID+262, 23, 865.04, -765.11, -224.75, 0, 0, 0),
(@CGUID+262, 24, 865.612, -779.715, -225.982, 0, 0, 0),
(@CGUID+262, 25, 884.021, -803.695, -226.693, 0, 0, 0),
(@CGUID+262, 26, 889.686, -825.183, -227.335, 0, 0, 0),
(@CGUID+263, 1, 708.263, -692.837, -209.518, 0, 0, 5), -- Run
(@CGUID+263, 2, 707.911, -711.071, -209.519, 0, 0, 0),
(@CGUID+263, 3, 686.198, -738.544, -209.295, 0, 0, 0),
(@CGUID+263, 4, 681.602, -776.783, -209.166, 0, 0, 0),
(@CGUID+263, 5, 665.002, -813.237, -208.774, 0, 0, 0),
(@CGUID+263, 6, 676.705, -829.851, -208.835, 0, 0, 0),
(@CGUID+263, 7, 679.195, -847.384, -208.248, 0, 0, 0),
(@CGUID+263, 8, 696.548, -855.461, -206.095, 0, 0, 0),
(@CGUID+263, 9, 697.054, -866.182, -204.085, 0, 0, 0),
(@CGUID+263, 10, 710.712, -882.624, -198.953, 0, 0, 0),
(@CGUID+263, 11, 714.812, -907.641, -193.768, 0, 0, 0),
(@CGUID+263, 12, 735.304, -937.345, -188.407, 0, 0, 0),
(@CGUID+263, 13, 714.812, -907.641, -193.768, 0, 0, 0),
(@CGUID+263, 14, 710.712, -882.624, -198.953, 0, 0, 0),
(@CGUID+263, 15, 697.054, -866.182, -204.085, 0, 0, 0),
(@CGUID+263, 16, 679.195, -847.384, -208.248, 0, 0, 0),
(@CGUID+263, 17, 676.705, -829.851, -208.835, 0, 0, 0),
(@CGUID+263, 18, 665.002, -813.237, -208.774, 0, 0, 0),
(@CGUID+263, 19, 681.602, -776.783, -209.166, 0, 0, 0),
(@CGUID+263, 20, 686.198, -738.544, -209.295, 0, 0, 0),
(@CGUID+263, 21, 707.911, -711.071, -209.519, 0, 0, 0),
(@CGUID+263, 22, 708.262, -692.841, -209.572, 0, 0, 0),
(@CGUID+263, 23, 690.274, -662.629, -209.657, 0, 0, 0),
(@CGUID+264, 1, 623.844, -1186.21, -195.835, 0, 0, 5), -- Run
(@CGUID+264, 2, 628.49, -1171.87, -194.544, 0, 0, 0),
(@CGUID+264, 3, 628.371, -1151.01, -197.015, 0, 0, 0),
(@CGUID+264, 4, 626.806, -1131.72, -200.871, 0, 0, 0),
(@CGUID+264, 5, 645.64, -1106.68, -196.48, 0, 0, 0),
(@CGUID+264, 6, 667.934, -1066.05, -188.389, 0, 0, 0),
(@CGUID+264, 7, 619.873, -1066.64, -199.796, 0, 0, 0),
(@CGUID+264, 8, 613.334, -1099.89, -198.758, 0, 0, 0),
(@CGUID+264, 9, 591.367, -1135.21, -200.209, 0, 0, 0),
(@CGUID+264, 10, 578.803, -1173.73, -194.756, 0, 0, 0),
(@CGUID+264, 11, 591.55, -1192.44, -195.794, 0, 0, 0),
(@CGUID+264, 12, 608.195, -1194.05, -195.765, 0, 0, 0),
(@CGUID+265, 1, 736.271, -1211.63, -118.9, 0, 0, 5), -- Run
(@CGUID+265, 2, 717.164, -1193.44, -118.949, 0, 0, 0),
(@CGUID+265, 3, 693.401, -1186.74, -120.914, 0, 0, 0),
(@CGUID+265, 4, 666.159, -1162.69, -126.017, 0, 0, 0),
(@CGUID+265, 5, 701.576, -1137.43, -135.69, 0, 0, 0),
(@CGUID+265, 6, 723.393, -1106.21, -143.094, 0, 0, 0),
(@CGUID+265, 7, 757.231, -1129.67, -145.127, 0, 0, 0),
(@CGUID+265, 8, 787.223, -1123.19, -150.552, 0, 0, 0),
(@CGUID+265, 9, 791.812, -1152.45, -150.421, 0, 0, 0),
(@CGUID+265, 10, 809.326, -1150.68, -152.563, 0, 0, 0),
(@CGUID+265, 11, 819.872, -1143.5, -153.615, 0, 0, 0),
(@CGUID+265, 12, 839.011, -1128.49, -156.545, 0, 0, 0),
(@CGUID+265, 13, 855.717, -1121.87, -161.981, 0, 0, 0),
(@CGUID+265, 14, 870.041, -1110.41, -169.668, 0, 0, 0),
(@CGUID+265, 15, 883.15, -1090.73, -176.034, 0, 0, 0),
(@CGUID+265, 16, 891.162, -1067.06, -182.662, 0, 0, 0),
(@CGUID+265, 17, 891.399, -1050.08, -187.14, 0, 0, 0),
(@CGUID+265, 18, 875.887, -1014.84, -194.904, 0, 0, 0),
(@CGUID+265, 19, 864.64, -983.121, -199.67, 0, 0, 0),
(@CGUID+265, 20, 875.887, -1014.84, -194.904, 0, 0, 0),
(@CGUID+265, 21, 891.399, -1050.08, -187.14, 0, 0, 0),
(@CGUID+265, 22, 891.162, -1067.06, -182.662, 0, 0, 0),
(@CGUID+265, 23, 883.15, -1090.73, -176.034, 0, 0, 0),
(@CGUID+265, 24, 870.041, -1110.41, -169.668, 0, 0, 0),
(@CGUID+265, 25, 855.717, -1121.87, -161.981, 0, 0, 0),
(@CGUID+265, 26, 839.011, -1128.49, -156.545, 0, 0, 0),
(@CGUID+265, 27, 819.872, -1143.5, -153.615, 0, 0, 0),
(@CGUID+265, 28, 809.326, -1150.68, -152.563, 0, 0, 0),
(@CGUID+265, 29, 791.812, -1152.45, -150.421, 0, 0, 0),
(@CGUID+265, 30, 787.223, -1123.19, -150.552, 0, 0, 0),
(@CGUID+265, 31, 757.231, -1129.67, -145.127, 0, 0, 0),
(@CGUID+265, 32, 723.393, -1106.21, -143.094, 0, 0, 0),
(@CGUID+265, 33, 701.576, -1137.43, -135.69, 0, 0, 0),
(@CGUID+265, 34, 666.159, -1162.69, -126.017, 0, 0, 0),
(@CGUID+265, 35, 693.401, -1186.74, -120.914, 0, 0, 0),
(@CGUID+265, 36, 717.164, -1193.44, -118.949, 0, 0, 0),
(@CGUID+265, 37, 736.271, -1211.63, -118.9, 0, 0, 0),
(@CGUID+265, 38, 759.382, -1228.88, -119.276, 0, 0, 0);

DELETE FROM creature_movement_template WHERE entry IN (12056,12118,12264);
INSERT INTO `creature_movement_template` (`entry`, `pathId`, `point`, `position_x`, `position_y`, `position_z`, `orientation`, `waittime`, `script_id`) VALUES
(12056, 0, 1, 739.986, -953.215, -185.755, 100, 0, 5), -- Run
(12056, 0, 2, 716.32, -910.881, -193.155, 100, 0, 0),
(12056, 0, 3, 701.403, -887.836, -199.506, 100, 0, 0),
(12056, 0, 4, 675.823, -847.793, -208.258, 100, 0, 0),
(12056, 0, 5, 639.075, -830.64, -208.42, 100, 0, 0),
(12056, 0, 6, 611.111, -828.042, -207.401, 100, 0, 0),
(12056, 0, 7, 591.225, -811.546, -205.403, 100, 0, 0),
(12056, 0, 8, 608.843, -787.677, -207.477, 100, 0, 0),
(12056, 0, 9, 643.642, -778.046, -208.717, 100, 0, 0),
(12056, 0, 10, 664.323, -786.412, -208.952, 100, 0, 0),
(12056, 0, 11, 661.671, -816.688, -208.705, 100, 0, 0),
(12056, 0, 12, 678.597, -847.099, -208.289, 100, 0, 0),
(12056, 0, 13, 699.638, -878.082, -201.539, 100, 0, 0),
(12056, 0, 14, 718.325, -907.499, -193.316, 100, 0, 0),
(12056, 0, 15, 740.4, -949.379, -186.349, 100, 0, 0),
(12056, 0, 16, 746.603, -966.558, -181.564, 100, 0, 0),
(12056, 0, 17, 747.547, -981.676, -178.401, 100, 0, 0),
(12118, 0, 1, 1007.78, -958.088, -180.174, 100, 0, 0),
(12118, 0, 2, 1014.45, -978.563, -181.185, 100, 0, 0),
(12118, 0, 3, 1037.02, -986.342, -181.516, 100, 0, 0),
(12118, 0, 4, 1053.15, -990.755, -182.661, 100, 0, 0),
(12118, 0, 5, 1070.41, -1006.77, -185.544, 100, 0, 0),
(12118, 0, 6, 1053.98, -989.048, -182.553, 100, 0, 0),
(12118, 0, 7, 1039.57, -983.699, -181.317, 100, 0, 0),
(12118, 0, 8, 1014.96, -977.653, -181.223, 100, 0, 0),
(12118, 0, 9, 1007.78, -958.088, -180.174, 100, 0, 0),
(12118, 0, 10, 1000.2, -955.407, -179.583, 100, 0, 0),
(12264, 0, 1, 582.632, -799.272, -205.379, 0.028569, 0, 0),
(12264, 0, 2, 589.019, -801.701, -205.301, 5.56877, 0, 0),
(12264, 0, 3, 590.286, -807.078, -205.236, 4.75195, 0, 0),
(12264, 0, 4, 588.074, -811.922, -205.184, 3.81576, 0, 0),
(12264, 0, 5, 583.247, -813.033, -205.039, 3.14346, 0, 0),
(12264, 0, 6, 578.474, -810.635, -205.461, 2.22611, 0, 0),
(12264, 0, 7, 575.928, -805.535, -205.694, 1.50355, 0, 0),
(12264, 0, 8, 577.295, -800.048, -205.749, 0.893291, 0, 0);

-- INSERT INTO `creature_addon` (`guid`, `mount`, `bytes1`, `b2_0_sheath`, `b2_1_flags`, `emote`, `moveflags`, `auras`) VALUES

REPLACE INTO `creature_template_addon` (`entry`, `mount`, `bytes1`, `b2_0_sheath`, `b2_1_flags`, `emote`, `moveflags`, `auras`) VALUES
(11658, 0, 0, 1, 16, 0, 0, '18943'), -- Molten Giant
(11659, 0, 0, 1, 16, 0, 0, '18943'), -- Molten Destroyer
(11661, 0, 0, 1, 16, 0, 0, NULL), -- Flamewaker
(11662, 0, 0, 1, 16, 0, 0, NULL), -- Flamewaker Priest
(11665, 0, 0, 1, 16, 0, 0, '19194 19195'), -- Lava Annihilator
(11666, 0, 0, 1, 16, 0, 0, NULL), -- Firewalker
(11667, 0, 0, 1, 16, 0, 0, NULL), -- Flameguard
(11668, 0, 0, 1, 16, 0, 0, NULL), -- Firelord
(11669, 0, 0, 1, 16, 0, 0, NULL), -- Flame Imp
(11671, 0, 0, 1, 16, 0, 0, NULL), -- Core Hound
(11672, 0, 0, 1, 16, 0, 0, '20553'), -- Core Rager
(11673, 0, 0, 1, 16, 0, 0, '18950'), -- Ancient Core Hound
(11982, 0, 0, 1, 16, 0, 0, NULL), -- Magmadar
(11988, 0, 0, 1, 16, 0, 0, NULL), -- Golemagg the Incinerator
(12056, 0, 0, 1, 16, 0, 0, NULL), -- Baron Geddon
(12057, 0, 0, 1, 16, 0, 0, NULL), -- Garr
(12076, 0, 0, 1, 16, 0, 0, '19640'), -- Lava Elemental
(12098, 0, 0, 1, 16, 0, 0, NULL), -- Sulfuron Harbinger
(12099, 0, 0, 1, 16, 0, 0, '8876 15733'), -- Firesworn
(12100, 0, 0, 1, 16, 0, 0, '12787'), -- Lava Reaver
(12101, 0, 0, 1, 16, 0, 0, NULL), -- Lava Surger
(12118, 0, 0, 1, 16, 0, 0, NULL), -- Lucifron
(12119, 0, 0, 1, 16, 0, 0, NULL), -- Flamewaker Protector
(12143, 0, 0, 1, 16, 0, 0, '19818 21857'), -- Son of Flame
(12259, 0, 0, 1, 16, 0, 0, NULL), -- Gehennas
(12264, 0, 0, 1, 16, 0, 0, NULL); -- Shazzrah

INSERT INTO `creature_linking` (`guid`, `master_guid`, `flag`) VALUES
(@CGUID+3, @CGUID+2, 3), -- Molten Giant -> Molten Giant
(@CGUID+5, @CGUID+4, 3), -- Molten Giant -> Molten Giant
(@CGUID+9, @CGUID+8, 3), -- Molten Giant -> Molten Giant
(@CGUID+11, @CGUID+10, 3), -- Molten Giant -> Molten Giant
(@CGUID+15, @CGUID+14, 3), -- Molten Destroyer -> Molten Destroyer
(@CGUID+16, @CGUID+1, 3), -- Molten Destroyer -> Molten Giant
(@CGUID+17, @CGUID+6, 3), -- Molten Destroyer -> Molten Giant
(@CGUID+18, @CGUID+7, 3), -- Molten Destroyer -> Molten Giant
(@CGUID+20, @CGUID+19, 3), -- Molten Destroyer -> Molten Destroyer
(@CGUID+21, @CGUID+12, 3), -- Molten Destroyer -> Molten Giant
(@CGUID+22, @CGUID+13, 3), -- Molten Destroyer -> Molten Giant
(@CGUID+66, @CGUID+79, 3), -- Firewalker -> Flameguard
(@CGUID+71, @CGUID+250, 3), -- Firewalker -> Lava Reaver
(@CGUID+72, @CGUID+232, 3), -- Firewalker -> Lava Elemental
(@CGUID+75, @CGUID+236, 3), -- Firewalker -> Lava Elemental
(@CGUID+77, @CGUID+238, 3), -- Firewalker -> Lava Elemental
(@CGUID+80, @CGUID+67, 3), -- Flameguard -> Firewalker
(@CGUID+81, @CGUID+68, 3), -- Flameguard -> Firewalker
(@CGUID+82, @CGUID+69, 3), -- Flameguard -> Firewalker
(@CGUID+83, @CGUID+70, 3), -- Flameguard -> Firewalker
(@CGUID+84, @CGUID+250, 3), -- Flameguard -> Lava Reaver
(@CGUID+85, @CGUID+232, 3), -- Flameguard -> Lava Elemental
(@CGUID+86, @CGUID+73, 3), -- Flameguard -> Firewalker
(@CGUID+87, @CGUID+74, 3), -- Flameguard -> Firewalker
(@CGUID+88, @CGUID+236, 3), -- Flameguard -> Lava Elemental
(@CGUID+89, @CGUID+76, 3), -- Flameguard -> Firewalker
(@CGUID+90, @CGUID+238, 3), -- Flameguard -> Lava Elemental
(@CGUID+91, @CGUID+78, 3), -- Flameguard -> Firewalker
(@CGUID+159, @CGUID+166, 3), -- Flame Imp -> Flame Imp
(@CGUID+160, @CGUID+166, 3), -- Flame Imp -> Flame Imp
(@CGUID+161, @CGUID+166, 3), -- Flame Imp -> Flame Imp
(@CGUID+162, @CGUID+166, 3), -- Flame Imp -> Flame Imp
(@CGUID+163, @CGUID+166, 3), -- Flame Imp -> Flame Imp
(@CGUID+164, @CGUID+166, 3), -- Flame Imp -> Flame Imp
(@CGUID+165, @CGUID+166, 3), -- Flame Imp -> Flame Imp
(@CGUID+167, @CGUID+166, 3), -- Flame Imp -> Flame Imp
(@CGUID+168, @CGUID+166, 3), -- Flame Imp -> Flame Imp
(@CGUID+169, @CGUID+178, 3), -- Flame Imp -> Flame Imp
(@CGUID+170, @CGUID+178, 3), -- Flame Imp -> Flame Imp
(@CGUID+171, @CGUID+178, 3), -- Flame Imp -> Flame Imp
(@CGUID+172, @CGUID+178, 3), -- Flame Imp -> Flame Imp
(@CGUID+173, @CGUID+178, 3), -- Flame Imp -> Flame Imp
(@CGUID+174, @CGUID+178, 3), -- Flame Imp -> Flame Imp
(@CGUID+175, @CGUID+178, 3), -- Flame Imp -> Flame Imp
(@CGUID+176, @CGUID+178, 3), -- Flame Imp -> Flame Imp
(@CGUID+177, @CGUID+178, 3), -- Flame Imp -> Flame Imp
(@CGUID+179, @CGUID+181, 1027), -- Core Hound -> Core Hound
(@CGUID+180, @CGUID+181, 1027), -- Core Hound -> Core Hound
(@CGUID+181, @CGUID+221, 1024), -- Core Hound -> Magmadar
(@CGUID+182, @CGUID+181, 1027), -- Core Hound -> Core Hound
(@CGUID+183, @CGUID+181, 1027), -- Core Hound -> Core Hound
(@CGUID+184, @CGUID+221, 1024), -- Core Hound -> Magmadar
(@CGUID+185, @CGUID+184, 1027), -- Core Hound -> Core Hound
(@CGUID+186, @CGUID+184, 1027), -- Core Hound -> Core Hound
(@CGUID+187, @CGUID+184, 1027), -- Core Hound -> Core Hound
(@CGUID+188, @CGUID+184, 1027), -- Core Hound -> Core Hound
(@CGUID+189, @CGUID+190, 1027), -- Core Hound -> Core Hound
(@CGUID+190, @CGUID+221, 1024), -- Core Hound -> Magmadar
(@CGUID+191, @CGUID+190, 1027), -- Core Hound -> Core Hound
(@CGUID+192, @CGUID+190, 1027), -- Core Hound -> Core Hound
(@CGUID+193, @CGUID+190, 1027), -- Core Hound -> Core Hound
(@CGUID+194, @CGUID+197, 1027), -- Core Hound -> Core Hound
(@CGUID+195, @CGUID+197, 1027), -- Core Hound -> Core Hound
(@CGUID+196, @CGUID+197, 1027), -- Core Hound -> Core Hound
(@CGUID+197, @CGUID+221, 1024), -- Core Hound -> Magmadar
(@CGUID+198, @CGUID+197, 1027), -- Core Hound -> Core Hound
(@CGUID+199, @CGUID+200, 1027), -- Core Hound -> Core Hound
(@CGUID+200, @CGUID+221, 1024), -- Core Hound -> Magmadar
(@CGUID+201, @CGUID+200, 1027), -- Core Hound -> Core Hound
(@CGUID+202, @CGUID+200, 1027), -- Core Hound -> Core Hound
(@CGUID+203, @CGUID+200, 1027), -- Core Hound -> Core Hound
(@CGUID+225, @CGUID+67, 3), -- Lava Elemental -> Firewalker
(@CGUID+226, @CGUID+67, 3), -- Lava Elemental -> Firewalker
(@CGUID+227, @CGUID+68, 3), -- Lava Elemental -> Firewalker
(@CGUID+228, @CGUID+68, 3), -- Lava Elemental -> Firewalker
(@CGUID+229, @CGUID+70, 3), -- Lava Elemental -> Firewalker
(@CGUID+230, @CGUID+70, 3), -- Lava Elemental -> Firewalker
(@CGUID+231, @CGUID+232, 3), -- Lava Elemental -> Lava Elemental
(@CGUID+233, @CGUID+73, 3), -- Lava Elemental -> Firewalker
(@CGUID+234, @CGUID+73, 3), -- Lava Elemental -> Firewalker
(@CGUID+235, @CGUID+236, 3), -- Lava Elemental -> Lava Elemental
(@CGUID+237, @CGUID+238, 3), -- Lava Elemental -> Lava Elemental
(@CGUID+248, @CGUID+79, 3), -- Lava Reaver -> Flameguard
(@CGUID+249, @CGUID+69, 3), -- Lava Reaver -> Firewalker
(@CGUID+251, @CGUID+74, 3), -- Lava Reaver -> Firewalker
(@CGUID+252, @CGUID+76, 3), -- Lava Reaver -> Firewalker
(@CGUID+253, @CGUID+78, 3); -- Lava Reaver -> Firewalker

REPLACE INTO `creature_linking_template` (`entry`, `map`, `master_entry`, `flag`, `search_range`) VALUES
(11661, 409, 12259, 1031, 0), -- Flamewaker -> Gehennas
(11662, 409, 12098, 1031, 0), -- Flamewaker Priest -> Sulfuron Harbinger
(11663, 409, 12018, 7, 0), -- Flamewaker Healer -> Majordomo Executus
(11664, 409, 12018, 7, 0), -- Flamewaker Elite -> Majordomo Executus
(11672, 409, 11988, 1031, 0), -- Core Rager -> Golemagg the Incinerator
(11673, 409, 11982, 1024, 0), -- Ancient Core Hound -> Magmadar
(12099, 409, 12057, 1543, 0), -- Firesworn -> Garr
(12101, 409, 12057, 1024, 0), -- Lava Surger -> Garr
(12119, 409, 12118, 1543, 0); -- Flamewaker Protector -> Lucifron

INSERT INTO `creature` (`guid`, `id`, `map`, `position_x`, `position_y`, `position_z`, `orientation`, `spawntimesecsmin`, `spawntimesecsmax`, `spawndist`, `currentwaypoint`, `DeathState`, `MovementType`) VALUES
(@CGUID+1, 11658, 409, 955.057, -656.78, -199.603, 4.81711, 43200, 43200, 0, 0, 0, 0), -- Molten Giant
(@CGUID+2, 11658, 409, 1123.9, -546.339, -107.569, 1.85005, 43200, 43200, 0, 0, 0, 0), -- Molten Giant
(@CGUID+3, 11658, 409, 1135.25, -536.02, -107.222, 2.67035, 43200, 43200, 0, 0, 0, 0), -- Molten Giant
(@CGUID+4, 11658, 409, 968.041, -572.857, -202.527, 5.11381, 43200, 43200, 0, 0, 0, 0), -- Molten Giant
(@CGUID+5, 11658, 409, 957.504, -580.835, -205.38, 4.93928, 43200, 43200, 0, 0, 0, 0), -- Molten Giant
(@CGUID+6, 11658, 409, 862.148, -589.327, -203.503, 5.53269, 43200, 43200, 0, 0, 0, 0), -- Molten Giant
(@CGUID+7, 11658, 409, 818.509, -609.092, -201.258, 6.19592, 43200, 43200, 0, 0, 0, 0), -- Molten Giant
(@CGUID+8, 11658, 409, 1172.47, -561.812, -112.378, 2.9147, 43200, 43200, 0, 0, 0, 0), -- Molten Giant
(@CGUID+9, 11658, 409, 1172.05, -575.496, -113.249, 2.42601, 43200, 43200, 0, 0, 0, 0), -- Molten Giant
(@CGUID+10, 11658, 409, 1081.99, -772.752, -151.437, 1.62316, 43200, 43200, 0, 0, 0, 0), -- Molten Giant
(@CGUID+11, 11658, 409, 1069.84, -766.122, -151.549, 0.191986, 43200, 43200, 0, 0, 0, 0), -- Molten Giant
(@CGUID+12, 11658, 409, 798.749, -547.507, -212.361, 5.70723, 43200, 43200, 0, 0, 0, 0), -- Molten Giant
(@CGUID+13, 11658, 409, 1047.24, -718.871, -154.33, 5.81195, 43200, 43200, 0, 0, 0, 0), -- Molten Giant
(@CGUID+14, 11659, 409, 695.551, -570.771, -210.663, 0.174533, 43200, 43200, 0, 0, 0, 0), -- Molten Destroyer
(@CGUID+15, 11659, 409, 680.575, -553.066, -209.453, 0.925025, 43200, 43200, 0, 0, 0, 0), -- Molten Destroyer
(@CGUID+16, 11659, 409, 961.912, -646.348, -199.603, 0.139626, 43200, 43200, 0, 0, 0, 0), -- Molten Destroyer
(@CGUID+17, 11659, 409, 857.964, -573.673, -204.033, 0.593412, 43200, 43200, 0, 0, 0, 0), -- Molten Destroyer
(@CGUID+18, 11659, 409, 811.666, -599.488, -202.372, 0.820305, 43200, 43200, 0, 0, 0, 0), -- Molten Destroyer
(@CGUID+19, 11659, 409, 760.44, -499.878, -212.702, 3.63029, 43200, 43200, 0, 0, 0, 0), -- Molten Destroyer
(@CGUID+20, 11659, 409, 768.657, -512.394, -212.44, 4.18879, 43200, 43200, 0, 0, 0, 0), -- Molten Destroyer
(@CGUID+21, 11659, 409, 787.113, -553.212, -213.331, 4.32842, 43200, 43200, 0, 0, 0, 0), -- Molten Destroyer
(@CGUID+22, 11659, 409, 1040.62, -704.714, -160.49, 0.750492, 43200, 43200, 0, 0, 0, 0), -- Molten Destroyer
(@CGUID+23, 11661, 409, 905.754, -542.433, -202.798, 3.97935, 7200, 7200, 0, 0, 0, 0), -- Flamewaker
(@CGUID+24, 11661, 409, 890.958, -539.14, -203.051, 5.44543, 7200, 7200, 0, 0, 0, 0), -- Flamewaker
(@CGUID+25, 11662, 409, 594.125, -1178.11, -195.706, 0.890118, 7200, 7200, 0, 0, 0, 0), -- Flamewaker Priest
(@CGUID+26, 11662, 409, 608.382, -1178.97, -195.87, 2.21657, 7200, 7200, 0, 0, 0, 0), -- Flamewaker Priest
(@CGUID+27, 11662, 409, 588.948, -1177.29, -195.424, 0.575959, 7200, 7200, 0, 0, 0, 0), -- Flamewaker Priest
(@CGUID+28, 11662, 409, 613.861, -1178.12, -195.602, 2.53073, 7200, 7200, 0, 0, 0, 0), -- Flamewaker Priest
(@CGUID+29, 11665, 409, 1150.96, -764.344, -139.851, 2.46091, 9000, 9000, 2, 0, 0, 1), -- Lava Annihilator
(@CGUID+30, 11665, 409, 970.091, -662.586, -199.52, 2.14675, 9000, 9000, 2, 0, 0, 1), -- Lava Annihilator
(@CGUID+31, 11665, 409, 1128.52, -776.993, -147.171, 2.3911, 9000, 9000, 2, 0, 0, 1), -- Lava Annihilator
(@CGUID+32, 11665, 409, 692.237, -1115.81, -138.776, 6.05629, 9000, 9000, 2, 0, 0, 1), -- Lava Annihilator
(@CGUID+33, 11665, 409, 1156.39, -557.653, -111.91, 0.295383, 9000, 9000, 2, 0, 0, 1), -- Lava Annihilator
(@CGUID+34, 11665, 409, 896.718, -631.05, -199.603, 4.0833, 9000, 9000, 2, 0, 0, 1), -- Lava Annihilator
(@CGUID+35, 11665, 409, 855.88, -1030.09, -193.706, 5.35816, 9000, 9000, 2, 0, 0, 1), -- Lava Annihilator
(@CGUID+36, 11665, 409, 638.292, -1047.19, -200.079, 6.23082, 9000, 9000, 2, 0, 0, 1), -- Lava Annihilator
(@CGUID+37, 11665, 409, 721.228, -945.115, -188.781, 3.7001, 9000, 9000, 2, 0, 0, 1), -- Lava Annihilator
(@CGUID+38, 11665, 409, 838.139, -547.931, -202.562, 4.33349, 9000, 9000, 2, 0, 0, 1), -- Lava Annihilator
(@CGUID+39, 11665, 409, 1186.97, -657.141, -128.659, 6.27447, 9000, 9000, 2, 0, 0, 1), -- Lava Annihilator
(@CGUID+40, 11665, 409, 639.971, -1131.11, -198.953, 5.8294, 9000, 9000, 2, 0, 0, 1), -- Lava Annihilator
(@CGUID+41, 11665, 409, 1140.03, -583.332, -112.802, 0.156878, 9000, 9000, 2, 0, 0, 1), -- Lava Annihilator
(@CGUID+42, 11665, 409, 900.52, -1029.9, -190.77, 3.64774, 9000, 9000, 2, 0, 0, 1), -- Lava Annihilator
(@CGUID+43, 11665, 409, 1092.77, -648.297, -152.55, 2.1293, 9000, 9000, 2, 0, 0, 1), -- Lava Annihilator
(@CGUID+44, 11665, 409, 862.858, -627.298, -201.089, 1.09956, 9000, 9000, 2, 0, 0, 1), -- Lava Annihilator
(@CGUID+45, 11665, 409, 874.957, -550.344, -203.103, 5.67232, 9000, 9000, 2, 0, 0, 1), -- Lava Annihilator
(@CGUID+46, 11665, 409, 1016.78, -751.844, -156.017, 2.1293, 9000, 9000, 2, 0, 0, 1), -- Lava Annihilator
(@CGUID+47, 11665, 409, 701.531, -553.726, -213.79, 6.26573, 9000, 9000, 2, 0, 0, 1), -- Lava Annihilator
(@CGUID+48, 11665, 409, 1140.43, -570.256, -112.552, 3.10669, 9000, 9000, 2, 0, 0, 1), -- Lava Annihilator
(@CGUID+49, 11665, 409, 782.023, -585.019, -211.214, 0.20944, 9000, 9000, 2, 0, 0, 1), -- Lava Annihilator
(@CGUID+50, 11665, 409, 690.012, -843.639, -208.398, 3.76991, 9000, 9000, 2, 0, 0, 1), -- Lava Annihilator
(@CGUID+51, 11665, 409, 1056.5, -801.492, -151.717, 2.14675, 9000, 9000, 2, 0, 0, 1), -- Lava Annihilator
(@CGUID+52, 11665, 409, 746.785, -503.634, -214.709, 5.12988, 9000, 9000, 2, 0, 0, 1), -- Lava Annihilator
(@CGUID+53, 11665, 409, 761.491, -531.788, -214.413, 5.84679, 9000, 9000, 2, 0, 0, 1), -- Lava Annihilator
(@CGUID+54, 11665, 409, 1205.35, -633.135, -125.321, 3.88314, 9000, 9000, 2, 0, 0, 1), -- Lava Annihilator
(@CGUID+55, 11665, 409, 851.241, -601.516, -203.147, 5.1118, 9000, 9000, 2, 0, 0, 1), -- Lava Annihilator
(@CGUID+56, 11665, 409, 722.625, -889.503, -195.701, 3.68265, 9000, 9000, 2, 0, 0, 1), -- Lava Annihilator
(@CGUID+57, 11665, 409, 836.949, -1024.23, -199.867, 6.16101, 9000, 9000, 2, 0, 0, 1), -- Lava Annihilator
(@CGUID+58, 11665, 409, 766.722, -576.593, -213.671, 4.94359, 9000, 9000, 2, 0, 0, 1), -- Lava Annihilator
(@CGUID+59, 11665, 409, 1197.7, -618.907, -123.179, 5.90362, 9000, 9000, 2, 0, 0, 1), -- Lava Annihilator
(@CGUID+60, 11665, 409, 1160.36, -657.862, -130.633, 3.73828, 9000, 9000, 2, 0, 0, 1), -- Lava Annihilator
(@CGUID+61, 11665, 409, 1100.03, -669.224, -154.407, 1.87077, 9000, 9000, 2, 0, 0, 1), -- Lava Annihilator
(@CGUID+62, 11665, 409, 664.365, -1149.93, -128.038, 4.55531, 9000, 9000, 2, 0, 0, 1), -- Lava Annihilator
(@CGUID+63, 11665, 409, 829.7, -639.79, -203.339, 0.855211, 9000, 9000, 2, 0, 0, 1), -- Lava Annihilator
(@CGUID+64, 11665, 409, 857.474, -555.603, -202.618, 5.93412, 9000, 9000, 2, 0, 0, 1), -- Lava Annihilator
(@CGUID+65, 11665, 409, 984.985, -674.37, -195.695, 2.23402, 9000, 9000, 2, 0, 0, 1), -- Lava Annihilator
(@CGUID+66, 11666, 409, 661.078, -863.043, -207.943, 6.05629, 7200, 7200, 2, 0, 0, 1), -- Firewalker
(@CGUID+67, 11666, 409, 679.924, -1088.4, -185.929, 5.61996, 7200, 7200, 2, 0, 0, 1), -- Firewalker
(@CGUID+68, 11666, 409, 886.037, -995.401, -196.256, 4.50295, 7200, 7200, 2, 0, 0, 1), -- Firewalker
(@CGUID+69, 11666, 409, 705.099, -863.132, -203.246, 4.34587, 7200, 7200, 2, 0, 0, 1), -- Firewalker
(@CGUID+70, 11666, 409, 734.617, -1037.41, -175.59, 2.36404, 7200, 7200, 2, 0, 0, 1), -- Firewalker
(@CGUID+71, 11666, 409, 846.864, -986.669, -203.75, 3.42085, 7200, 7200, 2, 0, 0, 1), -- Firewalker
(@CGUID+72, 11666, 409, 591.331, -1117.53, -201.014, 4.48725, 7200, 7200, 2, 0, 0, 1), -- Firewalker
(@CGUID+73, 11666, 409, 642.003, -786.758, -208.58, 2.44346, 7200, 7200, 2, 0, 0, 1), -- Firewalker
(@CGUID+74, 11666, 409, 729.186, -906.097, -191.914, 4.13643, 7200, 7200, 2, 0, 0, 1), -- Firewalker
(@CGUID+75, 11666, 409, 590.424, -853.008, -207.868, 5.26646, 7200, 7200, 2, 0, 0, 1), -- Firewalker
(@CGUID+76, 11666, 409, 679.887, -801.288, -209.007, 5.0091, 7200, 7200, 2, 0, 0, 1), -- Firewalker
(@CGUID+77, 11666, 409, 646.236, -753.202, -208.774, 2.59938, 7200, 7200, 2, 0, 0, 1), -- Firewalker
(@CGUID+78, 11666, 409, 607.937, -765.307, -208.098, 5.42797, 7200, 7200, 2, 0, 0, 1), -- Firewalker
(@CGUID+79, 11667, 409, 644.141, -855.789, -208.355, 6.00393, 7200, 7200, 2, 0, 0, 1), -- Flameguard
(@CGUID+80, 11667, 409, 663.237, -1091.76, -190.272, 1.79769, 7200, 7200, 2, 0, 0, 1), -- Flameguard
(@CGUID+81, 11667, 409, 881.334, -987.008, -197.514, 0.314159, 7200, 7200, 2, 0, 0, 1), -- Flameguard
(@CGUID+82, 11667, 409, 711.677, -873.951, -200.25, 3.03687, 7200, 7200, 2, 0, 0, 1), -- Flameguard
(@CGUID+83, 11667, 409, 738.521, -1027.86, -176.741, 4.59022, 7200, 7200, 2, 0, 0, 1), -- Flameguard
(@CGUID+84, 11667, 409, 841.219, -983.197, -205.101, 3.87463, 7200, 7200, 2, 0, 0, 1), -- Flameguard
(@CGUID+85, 11667, 409, 602.164, -1108.45, -200.179, 4.88692, 7200, 7200, 2, 0, 0, 1), -- Flameguard
(@CGUID+86, 11667, 409, 637.097, -798.358, -208.49, 0.131364, 7200, 7200, 2, 0, 0, 1), -- Flameguard
(@CGUID+87, 11667, 409, 733.841, -924.863, -189.597, 2.94961, 7200, 7200, 2, 0, 0, 1), -- Flameguard
(@CGUID+88, 11667, 409, 602.401, -854.669, -207.867, 1.20428, 7200, 7200, 2, 0, 0, 1), -- Flameguard
(@CGUID+89, 11667, 409, 678.907, -819.517, -208.923, 6.04179, 7200, 7200, 2, 0, 0, 1), -- Flameguard
(@CGUID+90, 11667, 409, 656.034, -746.308, -208.809, 2.63545, 7200, 7200, 2, 0, 0, 1), -- Flameguard
(@CGUID+91, 11667, 409, 598.65, -775.852, -207.261, 0.471749, 7200, 7200, 2, 0, 0, 1), -- Flameguard
(@CGUID+92, 11668, 409, 1150.96, -764.344, -139.851, 2.46091, 9000, 9000, 2, 0, 0, 1), -- Firelord
(@CGUID+93, 11668, 409, 970.091, -662.586, -199.52, 2.14675, 9000, 9000, 2, 0, 0, 1), -- Firelord
(@CGUID+94, 11668, 409, 701.531, -553.726, -213.79, 6.26573, 9000, 9000, 2, 0, 0, 1), -- Firelord
(@CGUID+95, 11668, 409, 1128.52, -776.993, -147.171, 2.3911, 9000, 9000, 2, 0, 0, 1), -- Firelord
(@CGUID+96, 11668, 409, 1140.43, -570.256, -112.552, 3.10669, 9000, 9000, 2, 0, 0, 1), -- Firelord
(@CGUID+97, 11668, 409, 782.023, -585.019, -211.214, 0.20944, 9000, 9000, 2, 0, 0, 1), -- Firelord
(@CGUID+98, 11668, 409, 690.012, -843.639, -208.398, 3.76991, 9000, 9000, 2, 0, 0, 1), -- Firelord
(@CGUID+99, 11668, 409, 1056.5, -801.492, -151.717, 2.14675, 9000, 9000, 2, 0, 0, 1), -- Firelord
(@CGUID+100, 11668, 409, 692.237, -1115.81, -138.776, 6.05629, 9000, 9000, 2, 0, 0, 1), -- Firelord
(@CGUID+101, 11668, 409, 1156.39, -557.653, -111.91, 0.295383, 9000, 9000, 2, 0, 0, 1), -- Firelord
(@CGUID+102, 11668, 409, 746.785, -503.634, -214.709, 5.12988, 9000, 9000, 2, 0, 0, 1), -- Firelord
(@CGUID+103, 11668, 409, 896.718, -631.05, -199.603, 4.0833, 9000, 9000, 2, 0, 0, 1), -- Firelord
(@CGUID+104, 11668, 409, 761.491, -531.788, -214.413, 5.84679, 9000, 9000, 2, 0, 0, 1), -- Firelord
(@CGUID+105, 11668, 409, 855.88, -1030.09, -193.706, 5.35816, 9000, 9000, 2, 0, 0, 1), -- Firelord
(@CGUID+106, 11668, 409, 638.292, -1047.19, -200.079, 6.23082, 9000, 9000, 2, 0, 0, 1), -- Firelord
(@CGUID+107, 11668, 409, 1205.35, -633.135, -125.321, 3.88314, 9000, 9000, 2, 0, 0, 1), -- Firelord
(@CGUID+108, 11668, 409, 721.228, -945.115, -188.781, 3.7001, 9000, 9000, 2, 0, 0, 1), -- Firelord
(@CGUID+109, 11668, 409, 851.241, -601.516, -203.147, 5.1118, 9000, 9000, 2, 0, 0, 1), -- Firelord
(@CGUID+110, 11668, 409, 722.625, -889.503, -195.701, 3.68265, 9000, 9000, 2, 0, 0, 1), -- Firelord
(@CGUID+111, 11668, 409, 836.949, -1024.23, -199.867, 6.16101, 9000, 9000, 2, 0, 0, 1), -- Firelord
(@CGUID+112, 11668, 409, 766.722, -576.593, -213.671, 4.94359, 9000, 9000, 2, 0, 0, 1), -- Firelord
(@CGUID+113, 11668, 409, 1197.7, -618.907, -123.179, 5.90362, 9000, 9000, 2, 0, 0, 1), -- Firelord
(@CGUID+114, 11668, 409, 1160.36, -657.862, -130.633, 3.73828, 9000, 9000, 2, 0, 0, 1), -- Firelord
(@CGUID+115, 11668, 409, 838.139, -547.931, -202.562, 4.33349, 9000, 9000, 2, 0, 0, 1), -- Firelord
(@CGUID+116, 11668, 409, 1186.97, -657.141, -128.659, 6.27447, 9000, 9000, 2, 0, 0, 1), -- Firelord
(@CGUID+117, 11668, 409, 639.971, -1131.11, -198.953, 5.8294, 9000, 9000, 2, 0, 0, 1), -- Firelord
(@CGUID+118, 11668, 409, 1100.03, -669.224, -154.407, 1.87077, 9000, 9000, 2, 0, 0, 1), -- Firelord
(@CGUID+119, 11668, 409, 1140.03, -583.332, -112.802, 0.156878, 9000, 9000, 2, 0, 0, 1), -- Firelord
(@CGUID+120, 11668, 409, 900.52, -1029.9, -190.77, 3.64774, 9000, 9000, 2, 0, 0, 1), -- Firelord
(@CGUID+121, 11668, 409, 664.365, -1149.93, -128.038, 4.55531, 9000, 9000, 2, 0, 0, 1), -- Firelord
(@CGUID+122, 11668, 409, 1092.77, -648.297, -152.55, 2.1293, 9000, 9000, 2, 0, 0, 1), -- Firelord
(@CGUID+123, 11668, 409, 829.7, -639.79, -203.339, 0.855211, 9000, 9000, 2, 0, 0, 1), -- Firelord
(@CGUID+124, 11668, 409, 857.474, -555.603, -202.618, 5.93412, 9000, 9000, 2, 0, 0, 1), -- Firelord
(@CGUID+125, 11668, 409, 984.985, -674.37, -195.695, 2.23402, 9000, 9000, 2, 0, 0, 1), -- Firelord
(@CGUID+126, 11668, 409, 862.858, -627.298, -201.089, 1.09956, 9000, 9000, 2, 0, 0, 1), -- Firelord
(@CGUID+127, 11668, 409, 874.957, -550.344, -203.103, 5.67232, 9000, 9000, 2, 0, 0, 1), -- Firelord
(@CGUID+128, 11668, 409, 1016.78, -751.844, -156.017, 2.1293, 9000, 9000, 2, 0, 0, 1), -- Firelord
(@CGUID+129, 11669, 409, 1051.86, -887.561, -156.09, 3.14159, 420, 420, 2, 0, 0, 1), -- Flame Imp
(@CGUID+130, 11669, 409, 1052.21, -890.174, -156.87, 3.1765, 420, 420, 2, 0, 0, 1), -- Flame Imp
(@CGUID+131, 11669, 409, 1052.1, -895.145, -158.422, 1.69297, 420, 420, 2, 0, 0, 1), -- Flame Imp
(@CGUID+132, 11669, 409, 1046.76, -889.494, -157.256, 1.01229, 420, 420, 2, 0, 0, 1), -- Flame Imp
(@CGUID+133, 11669, 409, 1042.78, -895.115, -158.649, 3.68265, 420, 420, 2, 0, 0, 1), -- Flame Imp
(@CGUID+134, 11669, 409, 1044.42, -899.307, -158.771, 6.05629, 420, 420, 2, 0, 0, 1), -- Flame Imp
(@CGUID+135, 11669, 409, 1042.78, -888.768, -157.825, 4.79965, 420, 420, 2, 0, 0, 1), -- Flame Imp
(@CGUID+136, 11669, 409, 1040.79, -898.042, -159.13, 5.25344, 420, 420, 2, 0, 0, 1), -- Flame Imp
(@CGUID+137, 11669, 409, 1040, -891.344, -158.877, 3.7001, 420, 420, 2, 0, 0, 1), -- Flame Imp
(@CGUID+138, 11669, 409, 1045.65, -892.618, -157.81, 4.03171, 420, 420, 2, 0, 0, 1), -- Flame Imp
(@CGUID+139, 11669, 409, 1033.44, -886.828, -159.574, 0.174533, 420, 420, 2, 0, 0, 1), -- Flame Imp
(@CGUID+140, 11669, 409, 1034.46, -891.486, -159.556, 3.92699, 420, 420, 2, 0, 0, 1), -- Flame Imp
(@CGUID+141, 11669, 409, 1033.92, -897.279, -159.873, 3.94444, 420, 420, 2, 0, 0, 1), -- Flame Imp
(@CGUID+142, 11669, 409, 1031.86, -903.127, -160.348, 6.17846, 420, 420, 2, 0, 0, 1), -- Flame Imp
(@CGUID+143, 11669, 409, 1037.91, -907.375, -159.63, 2.20598, 420, 420, 2, 0, 0, 1), -- Flame Imp
(@CGUID+144, 11669, 409, 1026.62, -906.913, -161.835, 2.70354, 420, 420, 2, 0, 0, 1), -- Flame Imp
(@CGUID+145, 11669, 409, 1026.41, -900.375, -161.546, 4.01426, 420, 420, 2, 0, 0, 1), -- Flame Imp
(@CGUID+146, 11669, 409, 1027.23, -893.86, -161.051, 5.72468, 420, 420, 2, 0, 0, 1), -- Flame Imp
(@CGUID+147, 11669, 409, 1026.35, -889.125, -160.916, 0.750492, 420, 420, 2, 0, 0, 1), -- Flame Imp
(@CGUID+148, 11669, 409, 1032.38, -907.033, -160.374, 2.07902, 420, 420, 2, 0, 0, 1), -- Flame Imp
(@CGUID+149, 11669, 409, 1073.91, -896.305, -156.789, 1.39626, 420, 420, 2, 0, 0, 1), -- Flame Imp
(@CGUID+150, 11669, 409, 1069.77, -891.972, -156.307, 0.069813, 420, 420, 2, 0, 0, 1), -- Flame Imp
(@CGUID+151, 11669, 409, 1068.98, -894.973, -157.023, 2.53073, 420, 420, 2, 0, 0, 1), -- Flame Imp
(@CGUID+152, 11669, 409, 1068.88, -900.07, -158.184, 5.32325, 420, 420, 2, 0, 0, 1), -- Flame Imp
(@CGUID+153, 11669, 409, 1061.65, -890.32, -156.379, 0.122173, 420, 420, 2, 0, 0, 1), -- Flame Imp
(@CGUID+154, 11669, 409, 1063.88, -893.547, -157.01, 2.74017, 420, 420, 2, 0, 0, 1), -- Flame Imp
(@CGUID+155, 11669, 409, 1063.37, -897.697, -158.136, 1.32645, 420, 420, 2, 0, 0, 1), -- Flame Imp
(@CGUID+156, 11669, 409, 1061.81, -900.108, -159.11, 2.96706, 420, 420, 2, 0, 0, 1), -- Flame Imp
(@CGUID+157, 11669, 409, 1060.13, -893.888, -157.256, 1.8326, 420, 420, 2, 0, 0, 1), -- Flame Imp
(@CGUID+158, 11669, 409, 1067.16, -891.505, -156.469, 0.593412, 420, 420, 2, 0, 0, 1), -- Flame Imp
(@CGUID+159, 11669, 409, 1051, -857.905, -158.564, 4.43539, 420, 420, 2, 0, 0, 1), -- Flame Imp
(@CGUID+160, 11669, 409, 1063.67, -865.644, -159.007, 0.441328, 420, 420, 2, 0, 0, 1), -- Flame Imp
(@CGUID+161, 11669, 409, 1063.81, -861.622, -158.82, 4.97039, 420, 420, 2, 0, 0, 1), -- Flame Imp
(@CGUID+162, 11669, 409, 1061.16, -858.424, -159.333, 1.92597, 420, 420, 2, 0, 0, 1), -- Flame Imp
(@CGUID+163, 11669, 409, 1059.94, -866.431, -159.648, 1.15287, 420, 420, 2, 0, 0, 1), -- Flame Imp
(@CGUID+164, 11669, 409, 1056.73, -860.603, -159.178, 3.38149, 420, 420, 2, 0, 0, 1), -- Flame Imp
(@CGUID+165, 11669, 409, 1052.31, -864.566, -159.504, 3.91108, 420, 420, 2, 0, 0, 1), -- Flame Imp
(@CGUID+166, 11669, 409, 1045.71, -855.841, -158.773, 2.12026, 420, 420, 2, 0, 0, 1), -- Flame Imp
(@CGUID+167, 11669, 409, 1047.92, -861.605, -159.323, 4.95183, 420, 420, 2, 0, 0, 1), -- Flame Imp
(@CGUID+168, 11669, 409, 1043.4, -864.498, -158.811, 2.6263, 420, 420, 2, 0, 0, 1), -- Flame Imp
(@CGUID+169, 11669, 409, 954.195, -878.481, -173.891, 3.24631, 420, 420, 2, 0, 0, 1), -- Flame Imp
(@CGUID+170, 11669, 409, 954.811, -887.196, -174.197, 5.18385, 420, 420, 2, 0, 0, 1), -- Flame Imp
(@CGUID+171, 11669, 409, 962.605, -886.837, -173.335, 3.50033, 420, 420, 2, 0, 0, 1), -- Flame Imp
(@CGUID+172, 11669, 409, 968.984, -883.877, -173.347, 2.42601, 420, 420, 2, 0, 0, 1), -- Flame Imp
(@CGUID+173, 11669, 409, 958.709, -894.308, -175.309, 1.78288, 420, 420, 2, 0, 0, 1), -- Flame Imp
(@CGUID+174, 11669, 409, 964.508, -889.874, -173.89, 2.16215, 420, 420, 2, 0, 0, 1), -- Flame Imp
(@CGUID+175, 11669, 409, 963.543, -901.374, -176.262, 1.92479, 420, 420, 2, 0, 0, 1), -- Flame Imp
(@CGUID+176, 11669, 409, 971.108, -895.754, -172.913, 0.678496, 420, 420, 2, 0, 0, 1), -- Flame Imp
(@CGUID+177, 11669, 409, 976.046, -888.556, -171.926, 4.41568, 420, 420, 2, 0, 0, 1), -- Flame Imp
(@CGUID+178, 11669, 409, 976.438, -895.323, -171.901, 2.30473, 420, 420, 2, 0, 0, 1), -- Flame Imp
(@CGUID+179, 11671, 409, 1036.19, -963.074, -179.813, 1.11117, 3600, 3600, 2, 0, 0, 1), -- Core Hound
(@CGUID+180, 11671, 409, 1034.73, -972.43, -181.188, 2.82838, 3600, 3600, 2, 0, 0, 1), -- Core Hound
(@CGUID+181, 11671, 409, 1025.46, -961.317, -180.403, 3.10219, 3600, 3600, 2, 0, 0, 1), -- Core Hound
(@CGUID+182, 11671, 409, 1046.48, -961.074, -178.57, 1.20316, 3600, 3600, 2, 0, 0, 1), -- Core Hound
(@CGUID+183, 11671, 409, 1034.03, -954.25, -178.939, 3.4383, 3600, 3600, 2, 0, 0, 1), -- Core Hound
(@CGUID+184, 11671, 409, 989.692, -965.383, -181.415, 5.2709, 3600, 3600, 2, 0, 0, 1), -- Core Hound
(@CGUID+185, 11671, 409, 992.004, -978.667, -180.513, 3.78539, 3600, 3600, 2, 0, 0, 1), -- Core Hound
(@CGUID+186, 11671, 409, 1001.52, -966.519, -181.794, 6.16101, 3600, 3600, 2, 0, 0, 1), -- Core Hound
(@CGUID+187, 11671, 409, 981.992, -973.594, -180.24, 4.36156, 3600, 3600, 2, 0, 0, 1), -- Core Hound
(@CGUID+188, 11671, 409, 1001.77, -975.85, -181.092, 2.05949, 3600, 3600, 2, 0, 0, 1), -- Core Hound
(@CGUID+189, 11671, 409, 1079.31, -972.809, -182.793, 4.4855, 3600, 3600, 2, 0, 0, 1), -- Core Hound
(@CGUID+190, 11671, 409, 1073.49, -964.628, -179.165, 3.97935, 3600, 3600, 2, 0, 0, 1), -- Core Hound
(@CGUID+191, 11671, 409, 1066.72, -974.567, -182.05, 2.46091, 3600, 3600, 2, 0, 0, 1), -- Core Hound
(@CGUID+192, 11671, 409, 1083.08, -982.534, -185.685, 1.51844, 3600, 3600, 2, 0, 0, 1), -- Core Hound
(@CGUID+193, 11671, 409, 1090.27, -970.448, -182.639, 5.44543, 3600, 3600, 2, 0, 0, 1), -- Core Hound
(@CGUID+194, 11671, 409, 1108.34, -982.679, -184.896, 0.191986, 3600, 3600, 2, 0, 0, 1), -- Core Hound
(@CGUID+195, 11671, 409, 1117.13, -990.01, -185.323, 0.871218, 3600, 3600, 2, 0, 0, 1), -- Core Hound
(@CGUID+196, 11671, 409, 1126.84, -999.45, -186.067, 2.24987, 3600, 3600, 2, 0, 0, 1), -- Core Hound
(@CGUID+197, 11671, 409, 1105.78, -990.316, -186.331, 0.601598, 3600, 3600, 2, 0, 0, 1), -- Core Hound
(@CGUID+198, 11671, 409, 1113.15, -997.942, -186.614, 0.977306, 3600, 3600, 2, 0, 0, 1), -- Core Hound
(@CGUID+199, 11671, 409, 1082.91, -1026.79, -186.059, 5.14558, 3600, 3600, 2, 0, 0, 1), -- Core Hound
(@CGUID+200, 11671, 409, 1074.44, -1017.51, -185.767, 1.33002, 3600, 3600, 2, 0, 0, 1), -- Core Hound
(@CGUID+201, 11671, 409, 1096.83, -1028.02, -186.451, 0.76185, 3600, 3600, 2, 0, 0, 1), -- Core Hound
(@CGUID+202, 11671, 409, 1098.85, -1017.27, -186.953, 0.988185, 3600, 3600, 2, 0, 0, 1), -- Core Hound
(@CGUID+203, 11671, 409, 1085.22, -1010.2, -187.036, 1.5708, 3600, 3600, 2, 0, 0, 1), -- Core Hound
(@CGUID+204, 11672, 409, 785.579, -974.27, -207.111, 5.95157, 7200, 7200, 0, 0, 0, 0), -- Core Rager
(@CGUID+205, 11672, 409, 783.448, -1017.07, -205.389, 0.558505, 7200, 7200, 0, 0, 0, 0), -- Core Rager
(@CGUID+206, 11673, 409, 1142.96, -645.029, -131.8, 1.62316, 1080, 1080, 0, 0, 0, 2), -- Ancient Core Hound
(@CGUID+207, 11673, 409, 711.944, -591.79, -210.775, 1.4199, 1080, 1080, 0, 0, 0, 2), -- Ancient Core Hound
(@CGUID+208, 11673, 409, 1039.01, -817.452, -152.205, 0.964862, 1080, 1080, 0, 0, 0, 2), -- Ancient Core Hound
(@CGUID+209, 11673, 409, 813.162, -646.358, -204.589, 0.791964, 1080, 1080, 0, 0, 0, 2), -- Ancient Core Hound
(@CGUID+210, 11673, 409, 669.24, -532.061, -210.223, 0.215849, 1080, 1080, 0, 0, 0, 2), -- Ancient Core Hound
(@CGUID+211, 11673, 409, 708.12, -604.032, -209.67, 4.37448, 1080, 1080, 0, 0, 0, 2), -- Ancient Core Hound
(@CGUID+212, 11673, 409, 729.602, -485.48, -212.51, 4.53839, 1080, 1080, 0, 0, 0, 2), -- Ancient Core Hound
(@CGUID+213, 11673, 409, 709.837, -932.331, -191.297, 1.98075, 1080, 1080, 0, 0, 0, 2), -- Ancient Core Hound
(@CGUID+214, 11673, 409, 705.409, -1197.96, -119.933, 2.58169, 1080, 1080, 0, 0, 0, 2), -- Ancient Core Hound
(@CGUID+215, 11673, 409, 576.695, -777.409, -207.321, 4.42285, 1080, 1080, 0, 0, 0, 2), -- Ancient Core Hound
(@CGUID+216, 11673, 409, 814.438, -973.453, -208.881, 5.02487, 1080, 1080, 0, 0, 0, 2), -- Ancient Core Hound
(@CGUID+217, 11673, 409, 607.686, -1160.48, -198.044, 1.19306, 1080, 1080, 0, 0, 0, 2), -- Ancient Core Hound
(@CGUID+218, 11673, 409, 659.569, -1071.07, -190.902, 6.17225, 1080, 1080, 0, 0, 0, 2), -- Ancient Core Hound
(@CGUID+219, 11673, 409, 746.82, -997.854, -177.562, 4.2787, 1080, 1080, 0, 0, 0, 2), -- Ancient Core Hound
(@CGUID+220, 11673, 409, 796.006, -639.668, -204.321, 0.340817, 1080, 1080, 0, 0, 0, 2), -- Ancient Core Hound
(@CGUID+221, 11982, 409, 1144.63, -1020.48, -185.663, 2.93215, 604800, 604800, 0, 0, 0, 0), -- Magmadar
(@CGUID+222, 11988, 409, 793.248, -998.265, -206.762, 6.12611, 604800, 604800, 0, 0, 0, 0), -- Golemagg the Incinerator
(@CGUID+223, 12056, 409, 747.547, -981.676, -178.401, 5.05888, 604800, 604800, 0, 0, 0, 2), -- Baron Geddon
(@CGUID+224, 12057, 409, 679.838, -497.988, -213.733, 3.62471, 604800, 604800, 10, 0, 0, 1), -- Garr
(@CGUID+225, 12076, 409, 674.067, -1082.78, -186.741, 5.0091, 7200, 7200, 2, 0, 0, 1), -- Lava Elemental
(@CGUID+226, 12076, 409, 663.621, -1102.22, -191.753, 6.02572, 7200, 7200, 2, 0, 0, 1), -- Lava Elemental
(@CGUID+227, 12076, 409, 891.348, -988.805, -197.254, 4.97419, 7200, 7200, 2, 0, 0, 1), -- Lava Elemental
(@CGUID+228, 12076, 409, 890.065, -978.625, -197.771, 3.07178, 7200, 7200, 2, 0, 0, 1), -- Lava Elemental
(@CGUID+229, 12076, 409, 741.298, -1042.58, -173.995, 5.85072, 7200, 7200, 2, 0, 0, 1), -- Lava Elemental
(@CGUID+230, 12076, 409, 744.067, -1035.18, -175.028, 3.34283, 7200, 7200, 2, 0, 0, 1), -- Lava Elemental
(@CGUID+231, 12076, 409, 596.868, -1115.3, -201.147, 5.83845, 7200, 7200, 2, 0, 0, 1), -- Lava Elemental
(@CGUID+232, 12076, 409, 601.514, -1097.16, -199.893, 4.83456, 7200, 7200, 2, 0, 0, 1), -- Lava Elemental
(@CGUID+233, 12076, 409, 643.823, -794.082, -208.566, 5.63741, 7200, 7200, 2, 0, 0, 1), -- Lava Elemental
(@CGUID+234, 12076, 409, 633.751, -791.522, -208.518, 1.46613, 7200, 7200, 2, 0, 0, 1), -- Lava Elemental
(@CGUID+235, 12076, 409, 597.516, -850.352, -207.671, 1.9327, 7200, 7200, 2, 0, 0, 1), -- Lava Elemental
(@CGUID+236, 12076, 409, 607.364, -853.57, -207.906, 0.837758, 7200, 7200, 2, 0, 0, 1), -- Lava Elemental
(@CGUID+237, 12076, 409, 654.018, -756.168, -208.804, 6.14356, 7200, 7200, 2, 0, 0, 1), -- Lava Elemental
(@CGUID+238, 12076, 409, 660.771, -750.896, -208.888, 1.48353, 7200, 7200, 2, 0, 0, 1), -- Lava Elemental
(@CGUID+239, 12098, 409, 601.087, -1179.11, -195.882, 1.5708, 604800, 604800, 0, 0, 0, 0), -- Sulfuron Harbinger
(@CGUID+240, 12099, 409, 670.292, -495.011, -212.488, 3.68022, 7200, 7200, 0, 0, 0, 0), -- Firesworn
(@CGUID+241, 12099, 409, 675.193, -489.132, -212.679, 3.61502, 7200, 7200, 0, 0, 0, 0), -- Firesworn
(@CGUID+242, 12099, 409, 676.861, -507.534, -214.248, 3.61736, 7200, 7200, 0, 0, 0, 0), -- Firesworn
(@CGUID+243, 12099, 409, 683.046, -488.763, -213.224, 3.69329, 7200, 7200, 0, 0, 0, 0), -- Firesworn
(@CGUID+244, 12099, 409, 688.694, -493.342, -213.977, 3.73863, 7200, 7200, 0, 0, 0, 0), -- Firesworn
(@CGUID+245, 12099, 409, 689.302, -501.019, -214.331, 3.70871, 7200, 7200, 0, 0, 0, 0), -- Firesworn
(@CGUID+246, 12099, 409, 684.192, -506.928, -214.424, 3.73863, 7200, 7200, 0, 0, 0, 0), -- Firesworn
(@CGUID+247, 12099, 409, 671.092, -502.33, -213.129, 3.40292, 7200, 7200, 0, 0, 0, 0), -- Firesworn
(@CGUID+248, 12100, 409, 651.842, -862.057, -208.33, 6.07375, 7200, 7200, 2, 0, 0, 1), -- Lava Reaver
(@CGUID+249, 12100, 409, 708.437, -868.978, -201.662, 3.64774, 7200, 7200, 2, 0, 0, 1), -- Lava Reaver
(@CGUID+250, 12100, 409, 854.437, -982.424, -202.242, 4.69494, 7200, 7200, 2, 0, 0, 1), -- Lava Reaver
(@CGUID+251, 12100, 409, 726.876, -917.076, -190.949, 3.71755, 7200, 7200, 2, 0, 0, 1), -- Lava Reaver
(@CGUID+252, 12100, 409, 675.76, -809.343, -208.948, 1.82725, 7200, 7200, 2, 0, 0, 1), -- Lava Reaver
(@CGUID+253, 12100, 409, 603.954, -771.479, -207.873, 5.10807, 7200, 7200, 2, 0, 0, 1), -- Lava Reaver
(@CGUID+254, 12101, 409, 1039.56, -666.497, -175.569, 5.39379, 1680, 1680, 0, 0, 0, 2), -- Lava Surger
(@CGUID+255, 12101, 409, 1013.99, -807.329, -148.202, 5.47901, 1680, 1680, 0, 0, 0, 2), -- Lava Surger
(@CGUID+256, 12101, 409, 1056.58, -861.706, -159.402, 2.82931, 1680, 1680, 0, 0, 0, 2), -- Lava Surger
(@CGUID+257, 12101, 409, 956.575, -882.714, -173.435, 5.24463, 1680, 1680, 0, 0, 0, 2), -- Lava Surger
(@CGUID+258, 12101, 409, 1009.2, -863.943, -164.455, 4.39685, 1680, 1680, 0, 0, 0, 2), -- Lava Surger
(@CGUID+259, 12101, 409, 989.745, -625.52, -200.835, 1.05959, 1680, 1680, 0, 0, 0, 2), -- Lava Surger
(@CGUID+260, 12101, 409, 805.423, -659.106, -206.937, 4.05447, 1680, 1680, 0, 0, 0, 2), -- Lava Surger
(@CGUID+261, 12101, 409, 766.623, -685.147, -212.675, 4.2899, 1680, 1680, 0, 0, 0, 2), -- Lava Surger
(@CGUID+262, 12101, 409, 889.099, -822.966, -227.244, 1.82848, 1680, 1680, 0, 0, 0, 2), -- Lava Surger
(@CGUID+263, 12101, 409, 691.633, -662.572, -209.615, 5.21482, 1680, 1680, 0, 0, 0, 2), -- Lava Surger
(@CGUID+264, 12101, 409, 608.527, -1193, -195.737, 0.417171, 1680, 1680, 0, 0, 0, 2), -- Lava Surger
(@CGUID+265, 12101, 409, 758.029, -1227.54, -119.574, 2.51049, 1680, 1680, 0, 0, 0, 2), -- Lava Surger
(@CGUID+266, 12118, 409, 1000.2, -955.407, -179.583, 5.93384, 604800, 604800, 0, 0, 0, 2), -- Lucifron
(@CGUID+267, 12119, 409, 1000.2, -955.407, -179.583, 6.18019, 7200, 7200, 0, 0, 0, 0), -- Flamewaker Protector
(@CGUID+268, 12119, 409, 1000.2, -955.407, -179.583, 5.8443, 7200, 7200, 0, 0, 0, 0), -- Flamewaker Protector
(@CGUID+269, 12259, 409, 898.074, -545.87, -203.405, 4.81711, 604800, 604800, 0, 0, 0, 0), -- Gehennas
(@CGUID+270, 12264, 409, 583.49, -799.755, -205.356, 0.23952, 604800, 604800, 0, 0, 0, 2); -- Shazzrah

-- ===========
-- GAMEOBJECTS
-- ===========

INSERT INTO `gameobject` (`guid`, `id`, `map`, `position_x`, `position_y`, `position_z`, `orientation`, `rotation0`, `rotation1`, `rotation2`, `rotation3`, `spawntimesecsmin`, `spawntimesecsmax`, `animprogress`, `state`) VALUES
(@OGUID+1, 165658, 409, 962.736, -569.84, -201.54, 1.11701, 0, 0, 0.529919, 0.848048, 604800, 604800, 100, 1), -- Dark Iron Deposit
(@OGUID+2, 165658, 409, 914.487, -630.667, -199.639, 1.32645, 0, 0, 0.615661, 0.788011, 604800, 604800, 100, 1), -- Dark Iron Deposit
(@OGUID+3, 165658, 409, 1082.81, -833.75, -147.884, 1.85005, 0, 0, 0.798635, 0.601815, 604800, 604800, 100, 1), -- Dark Iron Deposit
(@OGUID+4, 165658, 409, 1066.79, -863.968, -158.071, 1.25664, 0, 0, 0.587785, 0.809017, 604800, 604800, 100, 1), -- Dark Iron Deposit
(@OGUID+5, 165658, 409, 1075.42, -893.297, -156.485, 3.89209, 0, 0, -0.930417, 0.366502, 604800, 604800, 100, 1), -- Dark Iron Deposit
(@OGUID+6, 165658, 409, 954.829, -874.344, -174.366, 1.55334, 0, 0, 0.700909, 0.713251, 604800, 604800, 100, 1), -- Dark Iron Deposit
(@OGUID+7, 165658, 409, 790.155, -621.213, -201.183, 5.20108, 0, 0, -0.515037, 0.857168, 604800, 604800, 100, 1), -- Dark Iron Deposit
(@OGUID+8, 165658, 409, 714.65, -721.695, -209.823, 0.90757, 0, 0, 0.438371, 0.898794, 604800, 604800, 100, 1), -- Dark Iron Deposit
(@OGUID+9, 165658, 409, 638.447, -754.949, -208.723, 1.81514, 0, 0, 0.788011, 0.615662, 604800, 604800, 100, 1), -- Dark Iron Deposit
(@OGUID+10, 165658, 409, 713.891, -862.482, -202.019, 4.67748, 0, 0, -0.719339, 0.694659, 604800, 604800, 100, 1), -- Dark Iron Deposit
(@OGUID+11, 165658, 409, 558.369, -816.038, -209.094, 0.610863, 0, 0, 0.300705, 0.953717, 604800, 604800, 100, 1), -- Dark Iron Deposit
(@OGUID+12, 165658, 409, 768.74, -1018.04, -205.698, 4.76475, 0, 0, -0.688354, 0.725375, 604800, 604800, 100, 1), -- Dark Iron Deposit
(@OGUID+13, 165658, 409, 916.127, -984.737, -197.143, 4.85202, 0, 0, -0.656058, 0.75471, 604800, 604800, 100, 1), -- Dark Iron Deposit
(@OGUID+14, 165658, 409, 799.492, -1160.44, -151.23, 3.927, 0, 0, -0.923879, 0.382686, 604800, 604800, 100, 1), -- Dark Iron Deposit
(@OGUID+15, 165658, 409, 575.46, -1162.05, -193.876, 4.39823, 0, 0, -0.809016, 0.587786, 604800, 604800, 100, 1), -- Dark Iron Deposit
(@OGUID+16, 165658, 409, 609.345, -1204.81, -195.684, 0.663223, 0, 0, 0.325567, 0.945519, 604800, 604800, 100, 1), -- Dark Iron Deposit
(@OGUID+17, 165658, 409, 1087.43, -959.226, -179.128, 2.96704, 0, 0, 0.996194, 0.087165, 604800, 604800, 100, 1), -- Dark Iron Deposit
(@OGUID+18, 165658, 409, 946.155, -653.748, -199.686, 1.3439, 0, 0, 0.622514, 0.782609, 604800, 604800, 100, 1), -- Dark Iron Deposit
(@OGUID+19, 165658, 409, 871.466, -534.333, -202.27, 5.25344, 0, 0, -0.492423, 0.870356, 604800, 604800, 100, 1), -- Dark Iron Deposit
(@OGUID+20, 165658, 409, 2550.87, -732.561, -173.764, 0.471238, 0, 0, 0.233445, 0.97237, 604800, 604800, 100, 1), -- Dark Iron Deposit
(@OGUID+21, 165658, 409, 1068.88, -812.367, -151.736, 3.07177, 0, 0, 0.999391, 0.0349061, 604800, 604800, 100, 1), -- Dark Iron Deposit
(@OGUID+22, 165658, 409, 1161.38, -1028.88, -183.921, 0.122173, 0, 0, 0.0610485, 0.998135, 604800, 604800, 100, 1), -- Dark Iron Deposit
(@OGUID+23, 165658, 409, 849.54, -1045.71, -190.556, 0.610863, 0, 0, 0.300705, 0.953717, 604800, 604800, 100, 1), -- Dark Iron Deposit
(@OGUID+24, 165658, 409, 713.301, -1089.38, -178.285, 5.51524, 0, 0, -0.374606, 0.927184, 604800, 604800, 100, 1), -- Dark Iron Deposit
(@OGUID+25, 165658, 409, 654.654, -505.17, -211.242, 1.27409, 0, 0, 0.594822, 0.803857, 604800, 604800, 100, 1), -- Dark Iron Deposit
(@OGUID+26, 165658, 409, 646.255, -865.918, -208.326, 4.10152, 0, 0, -0.887011, 0.461749, 604800, 604800, 100, 1), -- Dark Iron Deposit
(@OGUID+27, 165658, 409, 570.242, -885.592, -202.545, 2.84488, 0, 0, 0.989016, 0.147811, 604800, 604800, 100, 1), -- Dark Iron Deposit
(@OGUID+28, 165658, 409, 672.924, -1111.33, -190.304, 5.37562, 0, 0, -0.438371, 0.898794, 604800, 604800, 100, 1), -- Dark Iron Deposit
(@OGUID+29, 165658, 409, 594.376, -1097.36, -200.662, 4.97419, 0, 0, -0.608761, 0.793354, 604800, 604800, 100, 1), -- Dark Iron Deposit
(@OGUID+30, 165658, 409, 1015.03, -818.843, -149.959, 0.994837, 0, 0, 0.477158, 0.878817, 604800, 604800, 100, 1), -- Dark Iron Deposit
(@OGUID+31, 165658, 409, 767.822, -969.223, -207.105, 3.08918, 0, 0, 0.999657, 0.0262017, 604800, 604800, 100, 1), -- Dark Iron Deposit
(@OGUID+32, 165658, 409, 749.206, -1049.87, -171.856, 1.25664, 0, 0, 0.587785, 0.809017, 604800, 604800, 100, 1), -- Dark Iron Deposit
(@OGUID+33, 165658, 409, 796.26, -513.453, -210.408, 0.767944, 0, 0, 0.374606, 0.927184, 604800, 604800, 100, 1), -- Dark Iron Deposit
(@OGUID+34, 165658, 409, 666.984, -567.945, -209.082, 0.104719, 0, 0, 0.0523357, 0.99863, 604800, 604800, 100, 1), -- Dark Iron Deposit
(@OGUID+35, 165658, 409, 657.586, -1145.58, -135.723, 1.37881, 0, 0, 0.636078, 0.771625, 604800, 604800, 100, 1), -- Dark Iron Deposit
(@OGUID+36, 165658, 409, 565.574, -775.834, -208.055, 2.77507, 0, 0, 0.983254, 0.182238, 604800, 604800, 100, 1), -- Dark Iron Deposit
(@OGUID+37, 165658, 409, 696.372, -1097.16, -152.467, 4.45059, 0, 0, -0.793353, 0.608762, 604800, 604800, 100, 1), -- Dark Iron Deposit
(@OGUID+38, 165658, 409, 674.778, -1117.28, -154.07, 4.57276, 0, 0, -0.754709, 0.656059, 604800, 604800, 100, 1), -- Dark Iron Deposit
(@OGUID+39, 165658, 409, 1000.87, -732.561, -173.764, 0.471238, 0, 0, 0.233445, 0.97237, 604800, 604800, 100, 1), -- Dark Iron Deposit
(@OGUID+40, 165658, 409, 789.325, -1193.65, -120.873, 4.15388, 0, 0, -0.874619, 0.48481, 604800, 604800, 100, 1), -- Dark Iron Deposit
(@OGUID+41, 176951, 409, 601.672, -1174.61, -196.072, 3.14159, 0, 0, 1, 0, 604800, 604800, 100, 0), -- Rune of Koro
(@OGUID+42, 176952, 409, 748.839, -985.16, -178.283, 3.14159, 0, 0, 1, 0, 604800, 604800, 100, 0), -- Rune of Zeth
(@OGUID+43, 176953, 409, 583.7, -806.738, -204.961, 3.14159, 0, 0, 1, 0, 604800, 604800, 100, 0), -- Rune of Mazj
(@OGUID+44, 176954, 409, 795.536, -974.253, -207.788, 3.14159, 0, 0, 1, 0, 604800, 604800, 100, 0), -- Rune of Theri
(@OGUID+45, 176955, 409, 694.229, -495.598, -214.329, 3.14159, 0, 0, 1, 0, 604800, 604800, 100, 0), -- Rune of Blaz
(@OGUID+46, 176956, 409, 1132.11, -1017.27, -186.494, 3.14159, 0, 0, 1, 0, 604800, 604800, 100, 0), -- Rune of Kress
(@OGUID+47, 176957, 409, 897.058, -551.546, -203.953, 3.14159, 0, 0, 1, 0, 604800, 604800, 100, 0), -- Rune of Mohn
(@OGUID+48, 177000, 409, 736.663, -1176.57, -119.798, 3.14159, 0, 0, 1, 0, 600, 600, 100, 1), -- Hot Coal
(@OGUID+49, 178107, 409, 838.951, -830.383, -230.206, 0.837757, 0, 0, 0, 1, -604800, -604800, 255, 1), -- Lava Steam
(@OGUID+50, 178108, 409, 839.279, -831.058, -230.202, -1.37881, 0, 0, 0, 1, -604800, -604800, 255, 1), -- Lava Splash
(@OGUID+51, 178164, 409, 736.653, -1176.32, -118.097, -0.680679, 0, 0, 0, 1, 604800, 604800, 255, 1), -- Hot Coal
-- 52-58
(@OGUID+59, 178194, 409, 765.562, -995.398, -197.221, 2.19912, 0, 0, 0, 1, 604800, 604800, 255, 1), -- Lava Crack
(@OGUID+60, 179703, 409, 756.897, -1180.7, -118.596, 2.91469, 0, 0, 0, 1, -604800, -604800, 255, 1); -- Cache of the Firelord

-- ======
-- EVENTS
-- ======

-- INSERT INTO `game_event_creature` (`guid`, `event`) VALUES

-- INSERT INTO `game_event_creature_data` (`guid`, `entry_id`, `modelid`, `equipment_id`, `spell_start`, `spell_end`, `event`) VALUES

-- INSERT INTO `game_event_gameobject` (`guid`, `event`) VALUES

-- =======
-- POOLING
-- =======

-- INSERT INTO `pool_pool` (`pool_id`, `mother_pool`, `chance`, `description`) VALUES

INSERT INTO `pool_template` (`entry`, `max_limit`, `description`) VALUES
(@PGUID+1, 1, 'MC - Firelord / Lava Annihilator'),
(@PGUID+2, 1, 'MC - Firelord / Lava Annihilator'),
(@PGUID+3, 1, 'MC - Firelord / Lava Annihilator'),
(@PGUID+4, 1, 'MC - Firelord / Lava Annihilator'),
(@PGUID+5, 1, 'MC - Firelord / Lava Annihilator'),
(@PGUID+6, 1, 'MC - Firelord / Lava Annihilator'),
(@PGUID+7, 1, 'MC - Firelord / Lava Annihilator'),
(@PGUID+8, 1, 'MC - Firelord / Lava Annihilator'),
(@PGUID+9, 1, 'MC - Firelord / Lava Annihilator'),
(@PGUID+10, 1, 'MC - Firelord / Lava Annihilator'),
(@PGUID+11, 1, 'MC - Firelord / Lava Annihilator'),
(@PGUID+12, 1, 'MC - Firelord / Lava Annihilator'),
(@PGUID+13, 1, 'MC - Firelord / Lava Annihilator'),
(@PGUID+14, 1, 'MC - Firelord / Lava Annihilator'),
(@PGUID+15, 1, 'MC - Firelord / Lava Annihilator'),
(@PGUID+16, 1, 'MC - Firelord / Lava Annihilator'),
(@PGUID+17, 1, 'MC - Firelord / Lava Annihilator'),
(@PGUID+18, 1, 'MC - Firelord / Lava Annihilator'),
(@PGUID+19, 1, 'MC - Firelord / Lava Annihilator'),
(@PGUID+20, 1, 'MC - Firelord / Lava Annihilator'),
(@PGUID+21, 1, 'MC - Firelord / Lava Annihilator'),
(@PGUID+22, 1, 'MC - Firelord / Lava Annihilator'),
(@PGUID+23, 1, 'MC - Firelord / Lava Annihilator'),
(@PGUID+24, 1, 'MC - Firelord / Lava Annihilator'),
(@PGUID+25, 1, 'MC - Firelord / Lava Annihilator'),
(@PGUID+26, 1, 'MC - Firelord / Lava Annihilator'),
(@PGUID+27, 1, 'MC - Firelord / Lava Annihilator'),
(@PGUID+28, 1, 'MC - Firelord / Lava Annihilator'),
(@PGUID+29, 1, 'MC - Firelord / Lava Annihilator'),
(@PGUID+30, 1, 'MC - Firelord / Lava Annihilator'),
(@PGUID+31, 1, 'MC - Firelord / Lava Annihilator'),
(@PGUID+32, 1, 'MC - Firelord / Lava Annihilator'),
(@PGUID+33, 1, 'MC - Firelord / Lava Annihilator'),
(@PGUID+34, 1, 'MC - Firelord / Lava Annihilator'),
(@PGUID+35, 1, 'MC - Firelord / Lava Annihilator'),
(@PGUID+36, 1, 'MC - Firelord / Lava Annihilator'),
(@PGUID+37, 1, 'MC - Firelord / Lava Annihilator'),
(@PGUID+38, 18, 'MC - Dark Iron Deposit');

INSERT INTO `pool_creature` (`guid`, `pool_entry`, `chance`, `description`) VALUES
(@CGUID+29, @PGUID+1, 50, 'MC - Firelord / Lava Annihilator'),
(@CGUID+92, @PGUID+1, 50, 'MC - Firelord / Lava Annihilator'),
(@CGUID+30, @PGUID+2, 50, 'MC - Firelord / Lava Annihilator'),
(@CGUID+93, @PGUID+2, 50, 'MC - Firelord / Lava Annihilator'),
(@CGUID+31, @PGUID+3, 50, 'MC - Firelord / Lava Annihilator'),
(@CGUID+95, @PGUID+3, 50, 'MC - Firelord / Lava Annihilator'),
(@CGUID+32, @PGUID+4, 50, 'MC - Firelord / Lava Annihilator'),
(@CGUID+100, @PGUID+4, 50, 'MC - Firelord / Lava Annihilator'),
(@CGUID+33, @PGUID+5, 50, 'MC - Firelord / Lava Annihilator'),
(@CGUID+101, @PGUID+5, 50, 'MC - Firelord / Lava Annihilator'),
(@CGUID+34, @PGUID+6, 50, 'MC - Firelord / Lava Annihilator'),
(@CGUID+103, @PGUID+6, 50, 'MC - Firelord / Lava Annihilator'),
(@CGUID+35, @PGUID+7, 50, 'MC - Firelord / Lava Annihilator'),
(@CGUID+105, @PGUID+7, 50, 'MC - Firelord / Lava Annihilator'),
(@CGUID+36, @PGUID+8, 50, 'MC - Firelord / Lava Annihilator'),
(@CGUID+106, @PGUID+8, 50, 'MC - Firelord / Lava Annihilator'),
(@CGUID+37, @PGUID+9, 50, 'MC - Firelord / Lava Annihilator'),
(@CGUID+108, @PGUID+9, 50, 'MC - Firelord / Lava Annihilator'),
(@CGUID+38, @PGUID+10, 50, 'MC - Firelord / Lava Annihilator'),
(@CGUID+115, @PGUID+10, 50, 'MC - Firelord / Lava Annihilator'),
(@CGUID+39, @PGUID+11, 50, 'MC - Firelord / Lava Annihilator'),
(@CGUID+116, @PGUID+11, 50, 'MC - Firelord / Lava Annihilator'),
(@CGUID+40, @PGUID+12, 50, 'MC - Firelord / Lava Annihilator'),
(@CGUID+117, @PGUID+12, 50, 'MC - Firelord / Lava Annihilator'),
(@CGUID+41, @PGUID+13, 50, 'MC - Firelord / Lava Annihilator'),
(@CGUID+119, @PGUID+13, 50, 'MC - Firelord / Lava Annihilator'),
(@CGUID+42, @PGUID+14, 50, 'MC - Firelord / Lava Annihilator'),
(@CGUID+120, @PGUID+14, 50, 'MC - Firelord / Lava Annihilator'),
(@CGUID+43, @PGUID+15, 50, 'MC - Firelord / Lava Annihilator'),
(@CGUID+122, @PGUID+15, 50, 'MC - Firelord / Lava Annihilator'),
(@CGUID+44, @PGUID+16, 50, 'MC - Firelord / Lava Annihilator'),
(@CGUID+126, @PGUID+16, 50, 'MC - Firelord / Lava Annihilator'),
(@CGUID+45, @PGUID+17, 50, 'MC - Firelord / Lava Annihilator'),
(@CGUID+127, @PGUID+17, 50, 'MC - Firelord / Lava Annihilator'),
(@CGUID+46, @PGUID+18, 50, 'MC - Firelord / Lava Annihilator'),
(@CGUID+128, @PGUID+18, 50, 'MC - Firelord / Lava Annihilator'),
(@CGUID+47, @PGUID+19, 50, 'MC - Firelord / Lava Annihilator'),
(@CGUID+94, @PGUID+19, 50, 'MC - Firelord / Lava Annihilator'),
(@CGUID+48, @PGUID+20, 50, 'MC - Firelord / Lava Annihilator'),
(@CGUID+96, @PGUID+20, 50, 'MC - Firelord / Lava Annihilator'),
(@CGUID+49, @PGUID+21, 50, 'MC - Firelord / Lava Annihilator'),
(@CGUID+97, @PGUID+21, 50, 'MC - Firelord / Lava Annihilator'),
(@CGUID+50, @PGUID+22, 50, 'MC - Firelord / Lava Annihilator'),
(@CGUID+98, @PGUID+22, 50, 'MC - Firelord / Lava Annihilator'),
(@CGUID+51, @PGUID+23, 50, 'MC - Firelord / Lava Annihilator'),
(@CGUID+99, @PGUID+23, 50, 'MC - Firelord / Lava Annihilator'),
(@CGUID+52, @PGUID+24, 50, 'MC - Firelord / Lava Annihilator'),
(@CGUID+102, @PGUID+24, 50, 'MC - Firelord / Lava Annihilator'),
(@CGUID+53, @PGUID+25, 50, 'MC - Firelord / Lava Annihilator'),
(@CGUID+104, @PGUID+25, 50, 'MC - Firelord / Lava Annihilator'),
(@CGUID+54, @PGUID+26, 50, 'MC - Firelord / Lava Annihilator'),
(@CGUID+107, @PGUID+26, 50, 'MC - Firelord / Lava Annihilator'),
(@CGUID+55, @PGUID+27, 50, 'MC - Firelord / Lava Annihilator'),
(@CGUID+109, @PGUID+27, 50, 'MC - Firelord / Lava Annihilator'),
(@CGUID+56, @PGUID+28, 50, 'MC - Firelord / Lava Annihilator'),
(@CGUID+110, @PGUID+28, 50, 'MC - Firelord / Lava Annihilator'),
(@CGUID+57, @PGUID+29, 50, 'MC - Firelord / Lava Annihilator'),
(@CGUID+111, @PGUID+29, 50, 'MC - Firelord / Lava Annihilator'),
(@CGUID+58, @PGUID+30, 50, 'MC - Firelord / Lava Annihilator'),
(@CGUID+112, @PGUID+30, 50, 'MC - Firelord / Lava Annihilator'),
(@CGUID+59, @PGUID+31, 50, 'MC - Firelord / Lava Annihilator'),
(@CGUID+113, @PGUID+31, 50, 'MC - Firelord / Lava Annihilator'),
(@CGUID+60, @PGUID+32, 50, 'MC - Firelord / Lava Annihilator'),
(@CGUID+114, @PGUID+32, 50, 'MC - Firelord / Lava Annihilator'),
(@CGUID+61, @PGUID+33, 50, 'MC - Firelord / Lava Annihilator'),
(@CGUID+118, @PGUID+33, 50, 'MC - Firelord / Lava Annihilator'),
(@CGUID+62, @PGUID+34, 50, 'MC - Firelord / Lava Annihilator'),
(@CGUID+121, @PGUID+34, 50, 'MC - Firelord / Lava Annihilator'),
(@CGUID+63, @PGUID+35, 50, 'MC - Firelord / Lava Annihilator'),
(@CGUID+123, @PGUID+35, 50, 'MC - Firelord / Lava Annihilator'),
(@CGUID+64, @PGUID+36, 50, 'MC - Firelord / Lava Annihilator'),
(@CGUID+124, @PGUID+36, 50, 'MC - Firelord / Lava Annihilator'),
(@CGUID+65, @PGUID+37, 50, 'MC - Firelord / Lava Annihilator'),
(@CGUID+125, @PGUID+37, 50, 'MC - Firelord / Lava Annihilator');

-- INSERT INTO `pool_creature_template` (`id`, `pool_entry`, `chance`, `description`) VALUES

INSERT INTO `pool_gameobject` (`guid`, `pool_entry`, `chance`, `description`) VALUES
(@OGUID+1, @PGUID+38, 0, 'MC - Dark Iron Deposit'),
(@OGUID+2, @PGUID+38, 0, 'MC - Dark Iron Deposit'),
(@OGUID+3, @PGUID+38, 0, 'MC - Dark Iron Deposit'),
(@OGUID+4, @PGUID+38, 0, 'MC - Dark Iron Deposit'),
(@OGUID+5, @PGUID+38, 0, 'MC - Dark Iron Deposit'),
(@OGUID+6, @PGUID+38, 0, 'MC - Dark Iron Deposit'),
(@OGUID+7, @PGUID+38, 0, 'MC - Dark Iron Deposit'),
(@OGUID+8, @PGUID+38, 0, 'MC - Dark Iron Deposit'),
(@OGUID+9, @PGUID+38, 0, 'MC - Dark Iron Deposit'),
(@OGUID+10, @PGUID+38, 0, 'MC - Dark Iron Deposit'),
(@OGUID+11, @PGUID+38, 0, 'MC - Dark Iron Deposit'),
(@OGUID+12, @PGUID+38, 0, 'MC - Dark Iron Deposit'),
(@OGUID+13, @PGUID+38, 0, 'MC - Dark Iron Deposit'),
(@OGUID+14, @PGUID+38, 0, 'MC - Dark Iron Deposit'),
(@OGUID+15, @PGUID+38, 0, 'MC - Dark Iron Deposit'),
(@OGUID+16, @PGUID+38, 0, 'MC - Dark Iron Deposit'),
(@OGUID+17, @PGUID+38, 0, 'MC - Dark Iron Deposit'),
(@OGUID+18, @PGUID+38, 0, 'MC - Dark Iron Deposit'),
(@OGUID+19, @PGUID+38, 0, 'MC - Dark Iron Deposit'),
(@OGUID+20, @PGUID+38, 0, 'MC - Dark Iron Deposit'),
(@OGUID+21, @PGUID+38, 0, 'MC - Dark Iron Deposit'),
(@OGUID+22, @PGUID+38, 0, 'MC - Dark Iron Deposit'),
(@OGUID+23, @PGUID+38, 0, 'MC - Dark Iron Deposit'),
(@OGUID+24, @PGUID+38, 0, 'MC - Dark Iron Deposit'),
(@OGUID+25, @PGUID+38, 0, 'MC - Dark Iron Deposit'),
(@OGUID+26, @PGUID+38, 0, 'MC - Dark Iron Deposit'),
(@OGUID+27, @PGUID+38, 0, 'MC - Dark Iron Deposit'),
(@OGUID+28, @PGUID+38, 0, 'MC - Dark Iron Deposit'),
(@OGUID+29, @PGUID+38, 0, 'MC - Dark Iron Deposit'),
(@OGUID+30, @PGUID+38, 0, 'MC - Dark Iron Deposit'),
(@OGUID+31, @PGUID+38, 0, 'MC - Dark Iron Deposit'),
(@OGUID+32, @PGUID+38, 0, 'MC - Dark Iron Deposit'),
(@OGUID+33, @PGUID+38, 0, 'MC - Dark Iron Deposit'),
(@OGUID+34, @PGUID+38, 0, 'MC - Dark Iron Deposit'),
(@OGUID+35, @PGUID+38, 0, 'MC - Dark Iron Deposit'),
(@OGUID+36, @PGUID+38, 0, 'MC - Dark Iron Deposit'),
(@OGUID+37, @PGUID+38, 0, 'MC - Dark Iron Deposit'),
(@OGUID+38, @PGUID+38, 0, 'MC - Dark Iron Deposit'),
(@OGUID+39, @PGUID+38, 0, 'MC - Dark Iron Deposit'),
(@OGUID+40, @PGUID+38, 0, 'MC - Dark Iron Deposit');

-- INSERT INTO `pool_gameobject_template` (`id`, `pool_entry`, `chance`, `description`) VALUES

-- =========
-- DBSCRIPTS
-- =========

-- INSERT INTO `dbscripts_on_creature_movement` (`id`, `delay`, `command`, `datalong`, `datalong2`, `datalong3`, `buddy_entry`, `search_radius`, `data_flags`, `dataint`, `dataint2`, `dataint3`, `dataint4`, `x`, `y`, `z`, `o`, `comments`) VALUES
-- INSERT INTO `dbscripts_on_creature_death` (`id`, `delay`, `command`, `datalong`, `datalong2`, `datalong3`, `buddy_entry`, `search_radius`, `data_flags`, `dataint`, `dataint2`, `dataint3`, `dataint4`, `x`, `y`, `z`, `o`, `comments`) VALUES
-- INSERT INTO `dbscripts_on_go_use` (`id`, `delay`, `command`, `datalong`, `datalong2`, `datalong3`, `buddy_entry`, `search_radius`, `data_flags`, `dataint`, `dataint2`, `dataint3`, `dataint4`, `x`, `y`, `z`, `o`, `comments`) VALUES
-- INSERT INTO `dbscripts_on_go_template_use` (`id`, `delay`, `command`, `datalong`, `datalong2`, `datalong3`, `buddy_entry`, `search_radius`, `data_flags`, `dataint`, `dataint2`, `dataint3`, `dataint4`, `x`, `y`, `z`, `o`, `comments`) VALUES
-- INSERT INTO `dbscripts_on_relay` (`id`, `delay`, `command`, `datalong`, `datalong2`, `datalong3`, `buddy_entry`, `search_radius`, `data_flags`, `dataint`, `dataint2`, `dataint3`, `dataint4`, `x`, `y`, `z`, `o`, `comments`) VALUES
-- INSERT INTO `dbscripts_on_event` (`id`, `delay`, `command`, `datalong`, `datalong2`, `datalong3`, `buddy_entry`, `search_radius`, `data_flags`, `dataint`, `dataint2`, `dataint3`, `dataint4`, `x`, `y`, `z`, `o`, `comments`) VALUES
-- INSERT INTO `dbscripts_on_spell` (`id`, `delay`, `command`, `datalong`, `datalong2`, `datalong3`, `buddy_entry`, `search_radius`, `data_flags`, `dataint`, `dataint2`, `dataint3`, `dataint4`, `x`, `y`, `z`, `o`, `comments`) VALUES
-- INSERT INTO `dbscripts_on_gossip` (`id`, `delay`, `command`, `datalong`, `datalong2`, `datalong3`, `buddy_entry`, `search_radius`, `data_flags`, `dataint`, `dataint2`, `dataint3`, `dataint4`, `x`, `y`, `z`, `o`, `comments`) VALUES
-- INSERT INTO `dbscripts_on_quest_start` (`id`, `delay`, `command`, `datalong`, `datalong2`, `datalong3`, `buddy_entry`, `search_radius`, `data_flags`, `dataint`, `dataint2`, `dataint3`, `dataint4`, `x`, `y`, `z`, `o`, `comments`) VALUES
-- INSERT INTO `dbscripts_on_quest_end` (`id`, `delay`, `command`, `datalong`, `datalong2`, `datalong3`, `buddy_entry`, `search_radius`, `data_flags`, `dataint`, `dataint2`, `dataint3`, `dataint4`, `x`, `y`, `z`, `o`, `comments`) VALUES
-- INSERT INTO `dbscript_string` (`entry`, `content_default`, `sound`, `type`, `language`, `emote`, `comment`) VALUES
-- INSERT INTO `dbscript_random_templates` (`id`, `type`, `target_id`, `chance`, `comments`) VALUES


