/* DBScriptData
DBName: Ruins of Ahn'Qiraj
DBScriptName: instance_ruins_of_ahnqiraj
DB%Complete: 75
DBComment:
EndDBScriptData */

SET @CGUID := 5090000; -- creatures
SET @OGUID := 5090000; -- gameobjects
SET @PGUID := 47400; -- pools

-- =========
-- CREATURES
-- =========

INSERT INTO `creature_movement` (`id`, `point`, `position_x`, `position_y`, `position_z`, `orientation`, `waittime`, `script_id`) VALUES
(@CGUID+75, 1, -9654.33, 1587.96, 21.5113, 0, 0, 0),
(@CGUID+75, 2, -9649.59, 1562.21, 21.5113, 0, 0, 0),
(@CGUID+75, 3, -9639.38, 1544.19, 21.5113, 0, 0, 0),
(@CGUID+75, 4, -9649.59, 1562.21, 21.5113, 0, 0, 0),
(@CGUID+75, 5, -9654.33, 1587.96, 21.5113, 0, 0, 0),
(@CGUID+75, 6, -9641.11, 1606.59, 21.5115, 0, 0, 0),
(@CGUID+75, 7, -9644.07, 1631.98, 21.7366, 0, 0, 0),
(@CGUID+75, 8, -9656.5, 1670.77, 21.864, 0, 0, 0),
(@CGUID+75, 9, -9644.07, 1631.98, 21.7366, 0, 0, 0),
(@CGUID+75, 10, -9641.11, 1606.59, 21.5115, 0, 0, 0),
(@CGUID+78, 1, -9593.87, 1602.92, 21.5114, 0, 0, 0),
(@CGUID+78, 2, -9616.94, 1598.47, 21.5113, 0, 0, 0),
(@CGUID+78, 3, -9644.37, 1600.97, 21.5115, 0, 0, 0),
(@CGUID+78, 4, -9666.59, 1602.68, 21.5115, 0, 0, 0),
(@CGUID+78, 5, -9693.13, 1615.85, 24.8499, 0, 0, 0),
(@CGUID+78, 6, -9666.59, 1602.68, 21.5115, 0, 0, 0),
(@CGUID+78, 7, -9644.37, 1600.97, 21.5115, 0, 0, 0),
(@CGUID+78, 8, -9616.94, 1598.47, 21.5113, 0, 0, 0),
(@CGUID+78, 9, -9593.87, 1602.92, 21.5114, 0, 0, 0),
(@CGUID+78, 10, -9567.26, 1581.45, 21.6481, 0, 0, 0),
(@CGUID+78, 11, -9593.87, 1602.92, 21.5114, 0, 0, 0),
(@CGUID+81, 1, -9665.34, 1553.45, 21.5113, 0, 0, 0),
(@CGUID+81, 2, -9690.09, 1528.43, 21.569, 0, 0, 0),
(@CGUID+81, 3, -9697.1, 1511.1, 21.5709, 0, 0, 0),
(@CGUID+81, 4, -9716.54, 1490.72, 22.1461, 0, 0, 0),
(@CGUID+81, 5, -9737.13, 1482.49, 23.2584, 0, 0, 0),
(@CGUID+81, 6, -9716.54, 1490.72, 22.1461, 0, 0, 0),
(@CGUID+81, 7, -9697.1, 1511.1, 21.5709, 0, 0, 0),
(@CGUID+81, 8, -9690.09, 1528.43, 21.569, 0, 0, 0),
(@CGUID+81, 9, -9665.34, 1553.45, 21.5113, 0, 0, 0),
(@CGUID+81, 10, -9631.85, 1575.04, 21.5113, 0, 0, 0),
(@CGUID+81, 11, -9613.67, 1599.05, 21.5113, 0, 0, 0),
(@CGUID+81, 12, -9592.85, 1628.06, 22.5028, 0, 0, 0),
(@CGUID+81, 13, -9613.67, 1599.05, 21.5113, 0, 0, 0),
(@CGUID+81, 14, -9631.85, 1575.04, 21.5113, 0, 0, 0),
(@CGUID+84, 1, -9643.71, 1556.37, 21.5113, 0, 0, 0),
(@CGUID+84, 2, -9611.8, 1561.21, 21.6363, 0, 0, 0),
(@CGUID+84, 3, -9589.69, 1574.34, 21.6481, 0, 0, 0),
(@CGUID+84, 4, -9590.35, 1600.98, 21.5114, 0, 0, 0),
(@CGUID+84, 5, -9617.4, 1634.87, 21.5113, 0, 0, 0),
(@CGUID+84, 6, -9648.47, 1660.42, 21.7723, 0, 0, 0),
(@CGUID+84, 7, -9672.45, 1659.05, 21.5119, 0, 0, 0),
(@CGUID+84, 8, -9684.25, 1618.95, 22.0196, 0, 0, 0),
(@CGUID+84, 9, -9680.49, 1588.97, 21.7323, 0, 0, 0),
(@CGUID+84, 10, -9686.44, 1561.45, 21.569, 0, 0, 0),
(@CGUID+84, 11, -9686.44, 1561.45, 21.569, 0, 0, 0),
(@CGUID+84, 12, -9643.71, 1556.37, 21.5113, 0, 0, 0),
(@CGUID+87, 1, -8601.4, 1614.53, 31.9299, 0, 0, 0),
(@CGUID+87, 2, -8609.68, 1613.56, 31.9299, 0, 0, 0),
(@CGUID+87, 3, -8619.38, 1610.39, 31.9299, 0, 0, 0),
(@CGUID+87, 4, -8635.72, 1600.52, 32.0113, 0, 0, 0),
(@CGUID+87, 5, -8654.85, 1586.29, 32.0021, 0, 0, 0),
(@CGUID+87, 6, -8667.54, 1565.51, 31.9674, 0, 0, 0),
(@CGUID+87, 7, -8686.16, 1545.36, 31.9674, 0, 0, 0),
(@CGUID+87, 8, -8700.11, 1518.25, 32.0224, 0, 0, 0),
(@CGUID+87, 9, -8698.92, 1495.54, 32.0319, 0, 0, 0),
(@CGUID+87, 10, -8684.85, 1482.41, 32.0319, 0, 0, 0),
(@CGUID+87, 11, -8671.79, 1476.21, 32.0319, 0, 0, 0),
(@CGUID+87, 12, -8662.46, 1477.07, 32.0061, 0, 0, 0),
(@CGUID+87, 13, -8655.02, 1486.24, 32.0061, 0, 0, 0),
(@CGUID+87, 14, -8657.11, 1495.65, 32.1711, 0, 0, 0),
(@CGUID+87, 15, -8665.25, 1506.26, 32.1741, 0, 0, 0),
(@CGUID+87, 16, -8672.82, 1514.82, 32.032, 0, 0, 0),
(@CGUID+87, 17, -8676.3, 1523.41, 32.032, 0, 0, 0),
(@CGUID+87, 18, -8674.75, 1532.69, 32.032, 0, 0, 0),
(@CGUID+87, 19, -8666.7, 1549.01, 31.9674, 0, 0, 0),
(@CGUID+87, 20, -8661.06, 1564.44, 32.032, 0, 0, 0),
(@CGUID+87, 21, -8653.45, 1584.2, 32.0021, 0, 0, 0),
(@CGUID+87, 22, -8653.45, 1584.2, 32.0021, 0, 0, 0),
(@CGUID+87, 23, -8623.17, 1592.67, 32.032, 0, 0, 0),
(@CGUID+87, 24, -8613.22, 1590.59, 32.032, 0, 0, 0),
(@CGUID+87, 25, -8601.79, 1588.86, 32.032, 0, 0, 0),
(@CGUID+87, 26, -8593.64, 1591.01, 32.032, 0, 0, 0),
(@CGUID+87, 27, -8587.35, 1597.3, 32.032, 0, 0, 0),
(@CGUID+87, 28, -8587.77, 1604.2, 31.9538, 0, 0, 0),
(@CGUID+87, 29, -8592.95, 1609.82, 31.9538, 0, 0, 0),
(@CGUID+88, 1, -8534.43, 1453.31, 32.032, 0, 0, 0),
(@CGUID+88, 2, -8529.19, 1446.88, 32.4673, 0, 0, 0),
(@CGUID+88, 3, -8521.27, 1435.87, 32.7832, 0, 0, 0),
(@CGUID+88, 4, -8523.45, 1424.43, 32.1514, 0, 0, 0),
(@CGUID+88, 5, -8521.98, 1406.37, 32.032, 0, 0, 0),
(@CGUID+88, 6, -8518.83, 1391.91, 33.5749, 0, 0, 0),
(@CGUID+88, 7, -8521.6, 1377.79, 39.2847, 0, 0, 0),
(@CGUID+88, 8, -8529.96, 1364.05, 36.8613, 0, 0, 0),
(@CGUID+88, 9, -8539.8, 1346.65, 35.407, 0, 0, 0),
(@CGUID+88, 10, -8548.7, 1332.98, 32.3123, 0, 0, 0),
(@CGUID+88, 11, -8558.81, 1320.91, 33.8463, 0, 0, 0),
(@CGUID+88, 12, -8566.94, 1311.42, 35.9211, 0, 0, 0),
(@CGUID+88, 13, -8576.42, 1309.02, 37.2309, 0, 0, 0),
(@CGUID+88, 14, -8584.49, 1311.99, 38.238, 0, 0, 0),
(@CGUID+88, 15, -8595.52, 1311.56, 38.1864, 0, 0, 0),
(@CGUID+88, 16, -8600.22, 1319.61, 36.9829, 0, 0, 0),
(@CGUID+88, 17, -8607.08, 1327.97, 35.1585, 0, 0, 0),
(@CGUID+88, 18, -8615.81, 1346.86, 34.1813, 0, 0, 0),
(@CGUID+88, 19, -8625.9, 1351.78, 33.8356, 0, 0, 0),
(@CGUID+88, 20, -8640.6, 1348.75, 32.2229, 0, 0, 0),
(@CGUID+88, 21, -8656.66, 1339.81, 32.067, 0, 0, 0),
(@CGUID+88, 22, -8665.04, 1340.47, 32.3199, 0, 0, 0),
(@CGUID+88, 23, -8675.46, 1346.44, 32.032, 0, 0, 0),
(@CGUID+88, 24, -8681.54, 1352.3, 32.032, 0, 0, 0),
(@CGUID+88, 25, -8689.31, 1363.69, 32.032, 0, 0, 0),
(@CGUID+88, 26, -8689.08, 1377.32, 32.1592, 0, 0, 0),
(@CGUID+88, 27, -8689.24, 1386.52, 32.032, 0, 0, 0),
(@CGUID+88, 28, -8689.55, 1391.78, 32.032, 0, 0, 0),
(@CGUID+88, 29, -8696.31, 1401.93, 32.032, 0, 0, 0),
(@CGUID+88, 30, -8710.98, 1403.62, 32.032, 0, 0, 0),
(@CGUID+88, 31, -8725, 1401.03, 32.0908, 0, 0, 0),
(@CGUID+88, 32, -8731.58, 1405.54, 33.4859, 0, 0, 0),
(@CGUID+88, 33, -8734.48, 1414.43, 36.204, 0, 0, 0),
(@CGUID+88, 34, -8732.03, 1423.3, 37.6712, 0, 0, 0),
(@CGUID+88, 35, -8725.3, 1431.89, 36.1038, 0, 0, 0),
(@CGUID+88, 36, -8707.93, 1441.26, 33.016, 0, 0, 0),
(@CGUID+88, 37, -8698.78, 1448.58, 32.4469, 0, 0, 0),
(@CGUID+88, 38, -8689.36, 1462.35, 32.2367, 0, 0, 0),
(@CGUID+88, 39, -8689.17, 1472.88, 32.0319, 0, 0, 0),
(@CGUID+88, 40, -8700.19, 1486.41, 32.032, 0, 0, 0),
(@CGUID+88, 41, -8713.15, 1492.67, 32.6149, 0, 0, 0),
(@CGUID+88, 42, -8722.86, 1496.83, 33.9046, 0, 0, 0),
(@CGUID+88, 43, -8729.37, 1504.25, 33.6039, 0, 0, 0),
(@CGUID+88, 44, -8722.96, 1517.96, 31.7397, 0, 0, 0),
(@CGUID+88, 45, -8709.67, 1523.97, 32.0224, 0, 0, 0),
(@CGUID+88, 46, -8700.32, 1534.45, 32.0129, 0, 0, 0),
(@CGUID+88, 47, -8695.35, 1544.92, 31.9674, 0, 0, 0),
(@CGUID+88, 48, -8681.4, 1547.22, 31.9674, 0, 0, 0),
(@CGUID+88, 49, -8653.03, 1542.49, 32.032, 0, 0, 0),
(@CGUID+88, 50, -8647.88, 1531.5, 32.032, 0, 0, 0),
(@CGUID+88, 51, -8639.89, 1526.42, 32.032, 0, 0, 0),
(@CGUID+88, 52, -8626.61, 1527.88, 32.1098, 0, 0, 0),
(@CGUID+88, 53, -8615.33, 1529.3, 33.0489, 0, 0, 0),
(@CGUID+88, 54, -8607.28, 1521.8, 34.4515, 0, 0, 0),
(@CGUID+88, 55, -8610.16, 1511.15, 32.295, 0, 0, 0),
(@CGUID+88, 56, -8613.66, 1498.54, 31.8814, 0, 0, 0),
(@CGUID+88, 57, -8609.09, 1485.39, 31.9407, 0, 0, 0),
(@CGUID+88, 58, -8598.72, 1477.95, 32.4142, 0, 0, 0),
(@CGUID+88, 59, -8582.45, 1473.5, 32.782, 0, 0, 0),
(@CGUID+88, 60, -8562.29, 1476.47, 32.032, 0, 0, 0),
(@CGUID+88, 61, -8541.96, 1473.27, 32.032, 0, 0, 0),
(@CGUID+88, 62, -8537.24, 1462.65, 32.032, 0, 0, 0),
(@CGUID+89, 1, -8549.8, 1395.08, 32.032, 0, 0, 0),
(@CGUID+89, 2, -8563.84, 1378, 32.032, 0, 0, 0),
(@CGUID+89, 3, -8577.31, 1367.25, 32.032, 0, 0, 0),
(@CGUID+89, 4, -8597.48, 1364.02, 32.032, 0, 0, 0),
(@CGUID+89, 5, -8615.61, 1370.76, 32.032, 0, 0, 0),
(@CGUID+89, 6, -8634.19, 1381.71, 32.032, 0, 0, 0),
(@CGUID+89, 7, -8665.27, 1407.4, 32.1638, 0, 0, 0),
(@CGUID+89, 8, -8671.11, 1435.1, 32.0559, 0, 0, 0),
(@CGUID+89, 9, -8658.22, 1452.97, 32.0319, 0, 0, 0),
(@CGUID+89, 10, -8641.39, 1466.46, 32.0319, 0, 0, 0),
(@CGUID+89, 11, -8621.12, 1464.74, 32.032, 0, 0, 0),
(@CGUID+89, 12, -8586, 1450.88, 32.032, 0, 0, 0),
(@CGUID+89, 13, -8549.13, 1432.84, 32.032, 0, 0, 0),
(@CGUID+89, 14, -8542.81, 1418.11, 32.032, 0, 0, 0),
(@CGUID+90, 1, -8671.11, 1479.97, 32.0319, 0, 0, 0),
(@CGUID+90, 2, -8696.72, 1461.61, 33.1997, 0, 0, 0),
(@CGUID+90, 3, -8713.89, 1442.39, 34.0236, 0, 0, 0),
(@CGUID+90, 4, -8729.3, 1429.32, 37.3242, 0, 0, 0),
(@CGUID+90, 5, -8706.37, 1430.35, 34.3594, 0, 0, 0),
(@CGUID+90, 6, -8669.01, 1458.89, 32.0313, 0, 0, 0),
(@CGUID+90, 7, -8665.4, 1470.97, 32.0061, 0, 0, 0),
(@CGUID+90, 8, -8599.31, 1477.94, 32.3023, 0, 0, 0),
(@CGUID+90, 9, -8640.49, 1471.08, 32.0061, 0, 0, 0),
(@CGUID+90, 10, -8665.4, 1470.97, 32.0061, 0, 0, 0),
(@CGUID+90, 11, -8669.01, 1458.89, 32.0313, 0, 0, 0),
(@CGUID+90, 12, -8674.18, 1445.88, 32.0313, 0, 0, 0),
(@CGUID+90, 13, -8706.37, 1430.35, 34.3594, 0, 0, 0),
(@CGUID+90, 14, -8729.3, 1429.32, 37.3242, 0, 0, 0),
(@CGUID+90, 15, -8713.89, 1442.39, 34.0236, 0, 0, 0),
(@CGUID+90, 16, -8696.72, 1461.61, 33.1997, 0, 0, 0),
(@CGUID+90, 17, -8671.11, 1479.97, 32.0319, 0, 0, 0),
(@CGUID+90, 18, -8645.51, 1492.28, 32.7673, 0, 0, 0),
(@CGUID+90, 19, -8621.36, 1512.9, 32.0765, 0, 0, 0),
(@CGUID+90, 20, -8645.51, 1492.28, 32.7673, 0, 0, 0),
(@CGUID+91, 1, -8676.28, 1440.23, 32.0313, 0, 0, 0),
(@CGUID+91, 2, -8667.24, 1453.61, 32.0313, 0, 0, 0),
(@CGUID+91, 3, -8646.3, 1471.41, 32.0061, 0, 0, 0),
(@CGUID+91, 4, -8622.89, 1479.17, 32.0064, 0, 0, 0),
(@CGUID+91, 5, -8601.7, 1470.53, 32.0064, 0, 0, 0),
(@CGUID+91, 6, -8572.21, 1460.68, 32.032, 0, 0, 0),
(@CGUID+91, 7, -8551.57, 1441.73, 32.032, 0, 0, 0),
(@CGUID+91, 8, -8540.97, 1428.38, 32.032, 0, 0, 0),
(@CGUID+91, 9, -8537.03, 1406.54, 32.032, 0, 0, 0),
(@CGUID+91, 10, -8548.86, 1386.29, 32.032, 0, 0, 0),
(@CGUID+91, 11, -8565.71, 1372.89, 32.032, 0, 0, 0),
(@CGUID+91, 12, -8581.62, 1367.63, 32.032, 0, 0, 0),
(@CGUID+91, 13, -8606.72, 1366.84, 32.032, 0, 0, 0),
(@CGUID+91, 14, -8632.29, 1375.48, 32.032, 0, 0, 0),
(@CGUID+91, 15, -8654.51, 1394.65, 32.032, 0, 0, 0),
(@CGUID+91, 16, -8671.17, 1419.87, 32.032, 0, 0, 0),
(@CGUID+92, 1, -8690.66, 1662.56, 23.0906, 0, 0, 0),
(@CGUID+92, 2, -8692.64, 1651.5, 22.4343, 0, 0, 0),
(@CGUID+92, 3, -8701.47, 1635.08, 22.3277, 0, 0, 0),
(@CGUID+92, 4, -8713.07, 1627.77, 22.6523, 0, 0, 0),
(@CGUID+92, 5, -8728.46, 1620.78, 21.5076, 0, 0, 0),
(@CGUID+92, 6, -8742.18, 1614.74, 21.6353, 0, 0, 0),
(@CGUID+92, 7, -8754.88, 1604.4, 22.2613, 0, 0, 0),
(@CGUID+92, 8, -8767.51, 1589.61, 21.5594, 0, 0, 0),
(@CGUID+92, 9, -8764.12, 1581.65, 22.6881, 0, 0, 0),
(@CGUID+92, 10, -8753.81, 1574.04, 22.5816, 0, 0, 0),
(@CGUID+92, 11, -8738.58, 1574.06, 21.5113, 0, 0, 0),
(@CGUID+92, 12, -8725.54, 1586.54, 21.5113, 0, 0, 0),
(@CGUID+92, 13, -8721.12, 1598.41, 21.5113, 0, 0, 0),
(@CGUID+92, 14, -8716.49, 1608.77, 21.5076, 0, 0, 0),
(@CGUID+92, 15, -8697.56, 1617.89, 21.5096, 0, 0, 0),
(@CGUID+92, 16, -8689.12, 1620.98, 21.4054, 0, 0, 0),
(@CGUID+92, 17, -8676.7, 1633.64, 21.5121, 0, 0, 0),
(@CGUID+92, 18, -8664.84, 1651.78, 22.2621, 0, 0, 0),
(@CGUID+92, 19, -8658.32, 1668.85, 21.5117, 0, 0, 0),
(@CGUID+92, 20, -8664.21, 1676.17, 22.2932, 0, 0, 0),
(@CGUID+92, 21, -8674.65, 1676.72, 22.0794, 0, 0, 0),
(@CGUID+92, 22, -8683, 1674.97, 23.1447, 0, 0, 0),
(@CGUID+93, 1, -8839.47, 1603.25, 21.4307, 0, 0, 0),
(@CGUID+93, 2, -8853.16, 1601.76, 21.4307, 0, 0, 0),
(@CGUID+93, 3, -8866.15, 1609.8, 21.4307, 0, 0, 0),
(@CGUID+93, 4, -8867.71, 1619.32, 21.5113, 0, 0, 0),
(@CGUID+93, 5, -8869.86, 1636.03, 21.5113, 0, 0, 0),
(@CGUID+93, 6, -8868.25, 1642.4, 21.5113, 0, 0, 0),
(@CGUID+93, 7, -8860.81, 1651.56, 21.4419, 0, 0, 0),
(@CGUID+93, 8, -8846.48, 1659.75, 21.4419, 0, 0, 0),
(@CGUID+93, 9, -8832.09, 1664.3, 21.4307, 0, 0, 0),
(@CGUID+93, 10, -8818.77, 1664.33, 21.4307, 0, 0, 0),
(@CGUID+93, 11, -8804.4, 1654.94, 21.4307, 0, 0, 0),
(@CGUID+93, 12, -8798.05, 1646.65, 21.4307, 0, 0, 0),
(@CGUID+93, 13, -8793.32, 1634.42, 21.4307, 0, 0, 0),
(@CGUID+93, 14, -8790.47, 1615.46, 21.4558, 0, 0, 0),
(@CGUID+93, 15, -8805.59, 1606.4, 21.2135, 0, 0, 0),
(@CGUID+93, 16, -8817.36, 1603.72, 21.4307, 0, 0, 0),
(@CGUID+94, 1, -8761.08, 1573.96, 24.669, 0, 0, 0),
(@CGUID+94, 2, -8754.32, 1573.61, 23.1307, 0, 0, 0),
(@CGUID+94, 3, -8749.5, 1583.89, 21.5113, 0, 0, 0),
(@CGUID+94, 4, -8749.61, 1598.33, 22.0267, 0, 0, 0),
(@CGUID+94, 5, -8744.07, 1615.72, 21.6868, 0, 0, 0),
(@CGUID+94, 6, -8738.8, 1626.02, 22.6612, 0, 0, 0),
(@CGUID+94, 7, -8737.81, 1633.88, 24.6871, 0, 0, 0),
(@CGUID+94, 8, -8741.98, 1643.34, 28.2557, 0, 0, 0),
(@CGUID+94, 9, -8748.67, 1644.33, 26.7086, 0, 0, 0),
(@CGUID+94, 10, -8755.17, 1639.59, 23.7889, 0, 0, 0),
(@CGUID+94, 11, -8756.53, 1629.04, 21.5113, 0, 0, 0),
(@CGUID+94, 12, -8755.54, 1614.52, 21.8316, 0, 0, 0),
(@CGUID+94, 13, -8761.66, 1603.45, 22.1363, 0, 0, 0),
(@CGUID+94, 14, -8767.31, 1593.83, 21.4998, 0, 0, 0),
(@CGUID+94, 15, -8770.04, 1585.85, 22.4665, 0, 0, 0),
(@CGUID+94, 16, -8768.94, 1580.04, 24.6282, 0, 0, 0),
(@CGUID+95, 1, -8797.11, 1656.65, 21.4652, 0, 0, 0),
(@CGUID+95, 2, -8812.03, 1669.48, 21.5108, 0, 0, 0),
(@CGUID+95, 3, -8829.12, 1676.29, 21.5108, 0, 0, 0),
(@CGUID+95, 4, -8844.15, 1674.81, 21.5113, 0, 0, 0),
(@CGUID+95, 5, -8862.96, 1666.42, 21.4419, 0, 0, 0),
(@CGUID+95, 6, -8879.5, 1648.46, 21.5113, 0, 0, 0),
(@CGUID+95, 7, -8890, 1630.46, 21.7486, 0, 0, 0),
(@CGUID+95, 8, -8881.83, 1613.66, 21.5113, 0, 0, 0),
(@CGUID+95, 9, -8868.67, 1603.68, 21.5113, 0, 0, 0),
(@CGUID+95, 10, -8851.86, 1597.85, 21.5113, 0, 0, 0),
(@CGUID+95, 11, -8825.52, 1596.61, 21.4998, 0, 0, 0),
(@CGUID+95, 12, -8808.65, 1596.9, 21.4998, 0, 0, 0),
(@CGUID+95, 13, -8787.7, 1598.15, 21.4998, 0, 0, 0),
(@CGUID+95, 14, -8771.38, 1609.98, 21.5808, 0, 0, 0),
(@CGUID+95, 15, -8770.97, 1626.16, 21.4558, 0, 0, 0),
(@CGUID+95, 16, -8774.21, 1634.48, 21.4307, 0, 0, 0),
(@CGUID+95, 17, -8783.41, 1643.01, 23.2069, 0, 0, 0),
(@CGUID+96, 1, -8597.94, 1369.12, 32.032, 0, 0, 0),
(@CGUID+96, 2, -8597.16, 1401.36, 32.6284, 0, 0, 0),
(@CGUID+96, 3, -8590.24, 1447.26, 32.032, 0, 0, 0),
(@CGUID+96, 4, -8559.17, 1456.7, 32.032, 0, 0, 0),
(@CGUID+96, 5, -8590.24, 1447.26, 32.032, 0, 0, 0),
(@CGUID+96, 6, -8597.16, 1401.36, 32.6284, 0, 0, 0),
(@CGUID+96, 7, -8597.94, 1369.12, 32.032, 0, 0, 0),
(@CGUID+96, 8, -8623.72, 1352.62, 33.9046, 0, 0, 0),
(@CGUID+96, 9, -8662.29, 1348.38, 32.032, 0, 0, 0),
(@CGUID+96, 10, -8623.72, 1352.62, 33.9046, 0, 0, 0),
(@CGUID+137, 1, -8873.04, 1860.57, 24.1218, 0, 0, 0),
(@CGUID+137, 2, -8840.51, 1857.83, 21.5113, 0, 0, 0),
(@CGUID+137, 3, -8808.15, 1884.69, 21.4814, 0, 0, 0),
(@CGUID+137, 4, -8789.46, 1924.17, 21.9147, 0, 0, 0),
(@CGUID+137, 5, -8785.51, 1961.74, 22.2678, 0, 0, 0),
(@CGUID+137, 6, -8785.29, 2024.75, 21.5068, 0, 0, 0),
(@CGUID+137, 7, -8782, 2063.42, 21.5113, 0, 0, 0),
(@CGUID+137, 8, -8785.41, 2085.49, 21.5113, 0, 0, 0),
(@CGUID+137, 9, -8801, 2059.07, 21.5411, 0, 0, 0),
(@CGUID+137, 10, -8797.33, 2012.52, 21.5068, 0, 0, 0),
(@CGUID+137, 11, -8785.37, 1995.15, 21.5113, 0, 0, 0),
(@CGUID+137, 12, -8803.45, 1922.11, 21.5113, 0, 0, 0),
(@CGUID+137, 13, -8826.82, 1891.99, 21.4408, 0, 0, 0),
(@CGUID+137, 14, -8853.72, 1857.55, 21.6454, 0, 0, 0),
(@CGUID+137, 15, -8875.42, 1831.34, 21.5401, 0, 0, 0),
(@CGUID+137, 16, -8891.54, 1801.72, 21.4027, 0, 0, 0),
(@CGUID+137, 17, -8913.35, 1764.12, 21.5113, 0, 0, 0),
(@CGUID+137, 18, -8932.73, 1722.07, 21.5113, 0, 0, 0),
(@CGUID+137, 19, -8971.23, 1712.68, 22.3043, 0, 0, 0),
(@CGUID+137, 20, -8992.64, 1723.9, 21.9571, 0, 0, 0),
(@CGUID+137, 21, -9019.51, 1750.18, 21.473, 0, 0, 0),
(@CGUID+137, 22, -9050.06, 1757.62, 21.5113, 0, 0, 0),
(@CGUID+137, 23, -9067.12, 1783.42, 21.5113, 0, 0, 0),
(@CGUID+137, 24, -9051.43, 1827.84, 21.5113, 0, 0, 0),
(@CGUID+137, 25, -9017.39, 1854.55, 21.7889, 0, 0, 0),
(@CGUID+137, 26, -9005.05, 1877.97, 22.2168, 0, 0, 0),
(@CGUID+137, 27, -9007.45, 1920.79, 21.5113, 0, 0, 0),
(@CGUID+137, 28, -8989.7, 1949.57, 22.3109, 0, 0, 0),
(@CGUID+137, 29, -8979.29, 1983.77, 21.655, 0, 0, 0),
(@CGUID+137, 30, -8973.6, 2011.78, 21.5113, 0, 0, 0),
(@CGUID+137, 31, -8968.57, 2049.79, 21.8863, 0, 0, 0),
(@CGUID+137, 32, -8969.89, 2083.4, 21.5113, 0, 0, 0),
(@CGUID+137, 33, -8956.06, 2078.3, 21.806, 0, 0, 0),
(@CGUID+137, 34, -8938.74, 2045.66, 22.8385, 0, 0, 0),
(@CGUID+137, 35, -8939.48, 2009.67, 22.3363, 0, 0, 0),
(@CGUID+137, 36, -8953.14, 1989.58, 21.8565, 0, 0, 0),
(@CGUID+137, 37, -8956.32, 1957.07, 21.8237, 0, 0, 0),
(@CGUID+137, 38, -8969.14, 1927.57, 22.1599, 0, 0, 0),
(@CGUID+137, 39, -8989.03, 1899.8, 21.9529, 0, 0, 0),
(@CGUID+137, 40, -9020.87, 1876.04, 21.5113, 0, 0, 0),
(@CGUID+137, 41, -9055.01, 1842.99, 22.4731, 0, 0, 0),
(@CGUID+137, 42, -9084.49, 1817.89, 25.4903, 0, 0, 0),
(@CGUID+137, 43, -9097.04, 1783.97, 21.5113, 0, 0, 0),
(@CGUID+137, 44, -9118.29, 1753.87, 22.5265, 0, 0, 0),
(@CGUID+137, 45, -9093.2, 1728.07, 24.5823, 0, 0, 0),
(@CGUID+137, 46, -9052.17, 1708.39, 21.5026, 0, 0, 0),
(@CGUID+137, 47, -9020.15, 1686.07, 21.6166, 0, 0, 0),
(@CGUID+137, 48, -8986.38, 1657.26, 22.4632, 0, 0, 0),
(@CGUID+137, 49, -8964.91, 1648.62, 24.6901, 0, 0, 0),
(@CGUID+137, 50, -8944.83, 1659.21, 24.5883, 0, 0, 0),
(@CGUID+137, 51, -8937.63, 1698.94, 21.9335, 0, 0, 0),
(@CGUID+137, 52, -8920.53, 1729.92, 21.5113, 0, 0, 0),
(@CGUID+137, 53, -8920.53, 1729.92, 21.5113, 0, 0, 0),
(@CGUID+137, 54, -8885.67, 1785.6, 21.5519, 0, 0, 0),
(@CGUID+137, 55, -8865.73, 1829.28, 21.5113, 0, 0, 0),
(@CGUID+138, 1, -8947.69, 2247.55, 26.539, 0, 0, 0),
(@CGUID+138, 2, -8925.73, 2254.9, 22.9317, 0, 0, 0),
(@CGUID+138, 3, -8899.8, 2231.06, 21.5098, 0, 0, 0),
(@CGUID+138, 4, -8878.52, 2203.62, 23.7478, 0, 0, 0),
(@CGUID+138, 5, -8865.05, 2181.23, 21.8024, 0, 0, 0),
(@CGUID+138, 6, -8838.12, 2150.68, 22.6818, 0, 0, 0),
(@CGUID+138, 7, -8817.4, 2127.62, 21.782, 0, 0, 0),
(@CGUID+138, 8, -8774.99, 2122.03, 27.188, 0, 0, 0),
(@CGUID+138, 9, -8788.56, 2156.31, 22.5772, 0, 0, 0),
(@CGUID+138, 10, -8824.09, 2150.35, 21.5113, 0, 0, 0),
(@CGUID+138, 11, -8847.28, 2160.69, 22.8295, 0, 0, 0),
(@CGUID+138, 12, -8878.71, 2195.17, 24.0613, 0, 0, 0),
(@CGUID+138, 13, -8899.25, 2224, 21.5098, 0, 0, 0),
(@CGUID+138, 14, -8927.71, 2249.86, 23.4411, 0, 0, 0),
(@CGUID+138, 15, -8943.21, 2244.53, 26.4496, 0, 0, 0),
(@CGUID+138, 16, -8975.5, 2223.89, 23.8948, 0, 0, 0),
(@CGUID+138, 17, -8992.83, 2203.36, 24.4656, 0, 0, 0),
(@CGUID+138, 18, -9000.08, 2177.49, 24.7054, 0, 0, 0),
(@CGUID+138, 19, -9022.26, 2168.59, 25.5362, 0, 0, 0),
(@CGUID+138, 20, -9048.84, 2191.07, 25.1652, 0, 0, 0),
(@CGUID+138, 21, -9067.23, 2222.02, 23.5522, 0, 0, 0),
(@CGUID+138, 22, -9091.36, 2246.31, 25.7106, 0, 0, 0),
(@CGUID+138, 23, -9119.2, 2249.84, 22.8254, 0, 0, 0),
(@CGUID+138, 24, -9144.66, 2231.21, 22.1984, 0, 0, 0),
(@CGUID+138, 25, -9129.73, 2198.59, 22.5016, 0, 0, 0),
(@CGUID+138, 26, -9102.66, 2157.03, 21.5113, 0, 0, 0),
(@CGUID+138, 27, -9075.01, 2145.98, 23.5845, 0, 0, 0),
(@CGUID+138, 28, -9043.48, 2118.31, 21.7728, 0, 0, 0),
(@CGUID+138, 29, -9015.23, 2102.79, 22.795, 0, 0, 0),
(@CGUID+138, 30, -8984.77, 2078.66, 21.9945, 0, 0, 0),
(@CGUID+138, 31, -8947, 2073.27, 22.6635, 0, 0, 0),
(@CGUID+138, 32, -8946.35, 2106.77, 23.2045, 0, 0, 0),
(@CGUID+138, 33, -8979.36, 2128.56, 22.5113, 0, 0, 0),
(@CGUID+138, 34, -9000.78, 2157.61, 23.0173, 0, 0, 0),
(@CGUID+138, 35, -8997.85, 2188.16, 24.8229, 0, 0, 0),
(@CGUID+138, 36, -8980.49, 2222.65, 24.4702, 0, 0, 0),
(@CGUID+139, 1, -9290.1, 1380.39, 21.483, 0, 0, 0),
(@CGUID+139, 2, -9305.49, 1403.46, 25.6079, 0, 0, 0),
(@CGUID+139, 3, -9290.1, 1380.39, 21.3862, 0, 0, 0),
(@CGUID+139, 4, -9266.54, 1382.81, 21.4412, 0, 0, 0),
(@CGUID+139, 5, -9243.84, 1402.91, 23.32, 0, 0, 0),
(@CGUID+139, 6, -9224.51, 1442.99, 24.3266, 0, 0, 0),
(@CGUID+139, 7, -9206.09, 1475.64, 25.7887, 0, 0, 0),
(@CGUID+139, 8, -9173.12, 1482.05, 21.5113, 0, 0, 0),
(@CGUID+139, 9, -9176.46, 1441.36, 22.8472, 0, 0, 0),
(@CGUID+139, 10, -9192.75, 1415.59, 22.7114, 0, 0, 0),
(@CGUID+139, 11, -9214.3, 1378.28, 21.7532, 0, 0, 0),
(@CGUID+139, 12, -9213.82, 1340.18, 21.4753, 0, 0, 0),
(@CGUID+139, 13, -9186.38, 1316.32, 21.4773, 0, 0, 0),
(@CGUID+139, 14, -9146.03, 1309.06, 22.9012, 0, 0, 0),
(@CGUID+139, 15, -9186.38, 1316.32, 21.4773, 0, 0, 0),
(@CGUID+139, 16, -9213.82, 1340.18, 21.4753, 0, 0, 0),
(@CGUID+139, 17, -9214.3, 1378.28, 21.7532, 0, 0, 0),
(@CGUID+139, 18, -9192.75, 1415.59, 22.7114, 0, 0, 0),
(@CGUID+139, 19, -9176.46, 1441.36, 22.8472, 0, 0, 0),
(@CGUID+139, 20, -9173.12, 1482.05, 21.5113, 0, 0, 0),
(@CGUID+139, 21, -9206.09, 1475.64, 25.7887, 0, 0, 0),
(@CGUID+139, 22, -9224.51, 1442.99, 24.3266, 0, 0, 0),
(@CGUID+139, 23, -9243.84, 1402.91, 23.32, 0, 0, 0),
(@CGUID+139, 24, -9266.54, 1382.81, 21.4412, 0, 0, 0),
(@CGUID+140, 1, -9378.19, 1284.21, -16.6126, 0, 0, 0),
(@CGUID+140, 2, -9402.99, 1287.51, -3.19365, 0, 0, 0),
(@CGUID+140, 3, -9429.79, 1296.83, 10.4719, 0, 0, 0),
(@CGUID+140, 4, -9459.2, 1309.28, 21.4448, 0, 0, 0),
(@CGUID+140, 5, -9449.17, 1266.61, 21.4751, 0, 0, 0),
(@CGUID+140, 6, -9420.8, 1250.4, 21.6015, 0, 0, 0),
(@CGUID+140, 7, -9449.17, 1266.61, 21.4751, 0, 0, 0),
(@CGUID+140, 8, -9459.2, 1309.28, 21.4448, 0, 0, 0),
(@CGUID+140, 9, -9429.79, 1296.83, 10.4719, 0, 0, 0),
(@CGUID+140, 10, -9403.17, 1287.54, -3.02653, 0, 0, 0),
(@CGUID+140, 11, -9378.19, 1284.21, -16.6126, 0, 0, 0),
(@CGUID+140, 12, -9358.89, 1279.8, -24.5863, 0, 0, 0),
(@CGUID+140, 13, -9341.93, 1257.02, -42.7154, 0, 0, 0),
(@CGUID+140, 14, -9364.12, 1279.24, -22.3602, 0, 0, 0),
(@CGUID+140, 15, -9381.56, 1286.17, -14.9284, 0, 0, 0),
(@CGUID+140, 16, -9395.53, 1285.35, -8.38204, 0, 0, 0),
(@CGUID+140, 17, -9421.98, 1294.54, 6.83504, 0, 0, 0),
(@CGUID+140, 18, -9442.12, 1301.08, 18.7959, 0, 0, 0),
(@CGUID+140, 19, -9457.63, 1330.04, 21.4448, 0, 0, 0),
(@CGUID+140, 20, -9432.19, 1352.47, 21.5535, 0, 0, 0),
(@CGUID+140, 21, -9403.97, 1352.92, 21.3936, 0, 0, 0),
(@CGUID+140, 22, -9417.65, 1355.14, 22.361, 0, 0, 0),
(@CGUID+140, 23, -9452.13, 1337.87, 21.4219, 0, 0, 0),
(@CGUID+140, 24, -9460.45, 1308, 21.4448, 0, 0, 0),
(@CGUID+140, 25, -9451.69, 1280.03, 21.4139, 0, 0, 0),
(@CGUID+140, 26, -9436.89, 1255.13, 21.9114, 0, 0, 0),
(@CGUID+140, 27, -9402.08, 1241.67, 21.5437, 0, 0, 0),
(@CGUID+140, 28, -9382.53, 1226.7, 21.4241, 0, 0, 0),
(@CGUID+140, 29, -9401.42, 1241.07, 21.5525, 0, 0, 0),
(@CGUID+140, 30, -9436.89, 1255.13, 21.9114, 0, 0, 0),
(@CGUID+140, 31, -9451.69, 1280.03, 21.4139, 0, 0, 0),
(@CGUID+140, 32, -9460.45, 1308, 21.4448, 0, 0, 0),
(@CGUID+140, 33, -9452.13, 1337.87, 21.4219, 0, 0, 0),
(@CGUID+140, 34, -9417.65, 1355.14, 22.361, 0, 0, 0),
(@CGUID+140, 35, -9403.97, 1352.92, 21.3936, 0, 0, 0),
(@CGUID+140, 36, -9432.19, 1352.47, 21.5535, 0, 0, 0),
(@CGUID+140, 37, -9457.63, 1330.04, 21.4448, 0, 0, 0),
(@CGUID+140, 38, -9442.12, 1301.08, 18.7959, 0, 0, 0),
(@CGUID+140, 39, -9421.98, 1294.54, 6.83504, 0, 0, 0),
(@CGUID+140, 40, -9395.62, 1285.33, -8.03951, 0, 0, 0),
(@CGUID+140, 41, -9381.65, 1286.16, -14.882, 0, 0, 0),
(@CGUID+140, 42, -9364.12, 1279.24, -22.3602, 0, 0, 0),
(@CGUID+140, 43, -9341.93, 1257.02, -42.7154, 0, 0, 0),
(@CGUID+140, 44, -9358.89, 1279.8, -24.5863, 0, 0, 0),
(@CGUID+148, 1, -9001.42, 1714.95, 21.4432, 0, 0, 0),
(@CGUID+148, 2, -9022.22, 1741.96, 21.473, 0, 0, 0),
(@CGUID+148, 3, -9031.46, 1752.78, 21.473, 0, 0, 0),
(@CGUID+148, 4, -9055.8, 1756.61, 21.5113, 0, 0, 0),
(@CGUID+148, 5, -9067.39, 1766.72, 21.5113, 0, 0, 0),
(@CGUID+148, 6, -9072.95, 1783.32, 21.5113, 0, 0, 0),
(@CGUID+148, 7, -9081.57, 1794.62, 21.5113, 0, 0, 0),
(@CGUID+148, 8, -9091.15, 1792.92, 21.5113, 0, 0, 0),
(@CGUID+148, 9, -9095.3, 1779.99, 21.5113, 0, 0, 0),
(@CGUID+148, 10, -9094.86, 1764.92, 21.5113, 0, 0, 0),
(@CGUID+148, 11, -9080.54, 1740.71, 21.5113, 0, 0, 0),
(@CGUID+148, 12, -9063.87, 1726.51, 21.5026, 0, 0, 0),
(@CGUID+148, 13, -9033.36, 1700.73, 21.5026, 0, 0, 0),
(@CGUID+148, 14, -9015.38, 1687.78, 21.5113, 0, 0, 0),
(@CGUID+148, 15, -8994.66, 1677.22, 21.5113, 0, 0, 0),
(@CGUID+148, 16, -8978.02, 1677.92, 21.5113, 0, 0, 0),
(@CGUID+148, 17, -8972.52, 1687.42, 21.5113, 0, 0, 0),
(@CGUID+148, 18, -8984.52, 1701.28, 21.5113, 0, 0, 0),
(@CGUID+149, 1, -8802.06, 1921.19, 21.5113, 0, 0, 0),
(@CGUID+149, 2, -8816.17, 1898.79, 21.4408, 0, 0, 0),
(@CGUID+149, 3, -8839.26, 1867.66, 21.496, 0, 0, 0),
(@CGUID+149, 4, -8816.17, 1898.79, 21.4408, 0, 0, 0),
(@CGUID+149, 5, -8802.06, 1921.19, 21.5113, 0, 0, 0),
(@CGUID+149, 6, -8793.9, 1947.56, 21.4107, 0, 0, 0),
(@CGUID+149, 7, -8790.97, 1971.1, 21.5113, 0, 0, 0),
(@CGUID+149, 8, -8789.14, 2003.84, 21.5068, 0, 0, 0),
(@CGUID+149, 9, -8786.37, 2039.53, 21.5113, 0, 0, 0),
(@CGUID+149, 10, -8789.14, 2003.84, 21.5068, 0, 0, 0),
(@CGUID+149, 11, -8790.97, 1971.1, 21.5113, 0, 0, 0),
(@CGUID+150, 1, -8875.27, 1810.16, 21.5277, 0, 0, 0),
(@CGUID+150, 2, -8857.88, 1833.75, 21.5113, 0, 0, 0),
(@CGUID+150, 3, -8875.27, 1810.16, 21.5277, 0, 0, 0),
(@CGUID+150, 4, -8887.42, 1790.74, 21.8912, 0, 0, 0),
(@CGUID+150, 5, -8912.6, 1750.18, 21.5113, 0, 0, 0),
(@CGUID+150, 6, -8939.66, 1710.92, 21.5113, 0, 0, 0),
(@CGUID+150, 7, -8928.08, 1727.88, 21.3868, 0, 0, 0),
(@CGUID+150, 8, -8912.6, 1750.18, 21.5113, 0, 0, 0),
(@CGUID+150, 9, -8901.48, 1768.04, 21.3866, 0, 0, 0),
(@CGUID+150, 10, -8887.42, 1790.74, 21.8912, 0, 0, 0),
(@CGUID+151, 1, -8892.27, 1893.26, 21.7709, 0, 0, 0),
(@CGUID+151, 2, -8868.63, 1877.66, 21.873, 0, 0, 0),
(@CGUID+151, 3, -8832.84, 1852.99, 21.541, 0, 0, 0),
(@CGUID+151, 4, -8868.63, 1877.66, 21.873, 0, 0, 0),
(@CGUID+151, 5, -8892.27, 1893.26, 21.6543, 0, 0, 0),
(@CGUID+151, 6, -8920.27, 1911.37, 21.7709, 0, 0, 0),
(@CGUID+151, 7, -8947.98, 1930.22, 22.3258, 0, 0, 0),
(@CGUID+151, 8, -8976.2, 1948.56, 21.5113, 0, 0, 0),
(@CGUID+151, 9, -8947.98, 1930.22, 22.3258, 0, 0, 0),
(@CGUID+151, 10, -8920.27, 1911.37, 21.7709, 0, 0, 0),
(@CGUID+151, 11, -8892.27, 1893.26, 21.7709, 0, 0, 0),
(@CGUID+152, 1, -9042.73, 1737.67, 21.5113, 0, 0, 0),
(@CGUID+152, 2, -9016.15, 1713.57, 21.4432, 0, 0, 0),
(@CGUID+152, 3, -8996.68, 1694.02, 21.8863, 0, 0, 0),
(@CGUID+152, 4, -9016.15, 1713.57, 21.4432, 0, 0, 0),
(@CGUID+152, 5, -9042.73, 1737.67, 21.5113, 0, 0, 0),
(@CGUID+152, 6, -9074.53, 1763.81, 21.6363, 0, 0, 0),
(@CGUID+153, 1, -8985.67, 1928.49, 21.3905, 0, 0, 0),
(@CGUID+153, 2, -9010.08, 1901.59, 21.5113, 0, 0, 0),
(@CGUID+153, 3, -9027.13, 1875.23, 21.7392, 0, 0, 0),
(@CGUID+153, 4, -9042.86, 1841.39, 21.5113, 0, 0, 0),
(@CGUID+153, 5, -9068.37, 1808.51, 21.5113, 0, 0, 0),
(@CGUID+153, 6, -9042.86, 1841.39, 21.5113, 0, 0, 0),
(@CGUID+153, 7, -9027.13, 1875.23, 21.7392, 0, 0, 0),
(@CGUID+153, 8, -9010.08, 1901.59, 21.5113, 0, 0, 0),
(@CGUID+154, 1, -9128.89, 2235.46, 21.5114, 0, 0, 0),
(@CGUID+154, 2, -9100.49, 2204.31, 21.5114, 0, 0, 0),
(@CGUID+154, 3, -9071.61, 2173.13, 21.5113, 0, 0, 0),
(@CGUID+154, 4, -9038.39, 2142.94, 21.5113, 0, 0, 0),
(@CGUID+154, 5, -8997.47, 2114.76, 21.5113, 0, 0, 0),
(@CGUID+154, 6, -8973.86, 2090.78, 21.5113, 0, 0, 0),
(@CGUID+154, 7, -8965.23, 2063.43, 21.5113, 0, 0, 0),
(@CGUID+154, 8, -8973.86, 2090.78, 21.5113, 0, 0, 0),
(@CGUID+154, 9, -8997.47, 2114.76, 21.5113, 0, 0, 0),
(@CGUID+154, 10, -9038.39, 2142.94, 21.5113, 0, 0, 0),
(@CGUID+154, 11, -9071.61, 2173.13, 21.5113, 0, 0, 0),
(@CGUID+154, 12, -9100.49, 2204.31, 21.5114, 0, 0, 0),
(@CGUID+155, 1, -8783.41, 2098.07, 21.9928, 0, 0, 0),
(@CGUID+155, 2, -8783.43, 2068.94, 21.5113, 0, 0, 0),
(@CGUID+155, 3, -8783.41, 2098.07, 21.9928, 0, 0, 0),
(@CGUID+155, 4, -8790.49, 2121.91, 21.3974, 0, 0, 0),
(@CGUID+155, 5, -8804.85, 2146.17, 21.5113, 0, 0, 0),
(@CGUID+155, 6, -8816.02, 2179.89, 21.5113, 0, 0, 0),
(@CGUID+155, 7, -8825.03, 2192.03, 21.5113, 0, 0, 0),
(@CGUID+155, 8, -8816.02, 2179.89, 21.5113, 0, 0, 0),
(@CGUID+155, 9, -8804.85, 2146.17, 21.5113, 0, 0, 0),
(@CGUID+155, 10, -8790.49, 2121.91, 21.3974, 0, 0, 0),
(@CGUID+156, 1, -8779.9, 2018.76, 21.7045, 0, 0, 0),
(@CGUID+156, 2, -8823.65, 2020.32, 22.7897, 0, 0, 0),
(@CGUID+156, 3, -8863.61, 2021.74, 21.6693, 0, 0, 0),
(@CGUID+156, 4, -8898.99, 2022.11, 20.8047, 0, 0, 0),
(@CGUID+156, 5, -8921.64, 2023.07, 22.7073, 0, 0, 0),
(@CGUID+156, 6, -8944.74, 2022.87, 21.6363, 0, 0, 0),
(@CGUID+156, 7, -8969.8, 2023.49, 22.2062, 0, 0, 0),
(@CGUID+156, 8, -8944.74, 2022.87, 21.6363, 0, 0, 0),
(@CGUID+156, 9, -8921.64, 2023.07, 22.7073, 0, 0, 0),
(@CGUID+156, 10, -8898.99, 2022.11, 20.8047, 0, 0, 0),
(@CGUID+156, 11, -8863.61, 2021.74, 20.8047, 0, 0, 0),
(@CGUID+156, 12, -8823.65, 2020.32, 22.7897, 0, 0, 0),
(@CGUID+160, 1, -8605.82, 1458.3, 32.032, 0, 0, 1534301),
(@CGUID+160, 2, -8585.67, 1436.71, 32.0647, 0, 0, 0),
(@CGUID+160, 3, -8554.36, 1453.02, 32.4456, 0, 0, 0),
(@CGUID+160, 4, -8531.38, 1409.84, 32.032, 0, 0, 0),
(@CGUID+160, 5, -8565.74, 1422.7, 32.032, 0, 0, 0),
(@CGUID+160, 6, -8597.42, 1431.69, 32.8976, 0, 0, 0),
(@CGUID+160, 7, -8579.54, 1395.94, 32.032, 0, 0, 0),
(@CGUID+160, 8, -8568.22, 1369.64, 32.032, 0, 0, 0),
(@CGUID+160, 9, -8550.4, 1335.82, 32.0461, 0, 0, 0),
(@CGUID+160, 10, -8568.22, 1369.64, 32.032, 0, 0, 0),
(@CGUID+160, 11, -8579.54, 1395.94, 32.032, 0, 0, 0),
(@CGUID+160, 12, -8597.42, 1431.69, 32.897, 0, 0, 0),
(@CGUID+160, 13, -8565.74, 1422.7, 32.032, 0, 0, 0),
(@CGUID+160, 14, -8531.38, 1409.84, 32.032, 0, 0, 0),
(@CGUID+160, 15, -8554.36, 1453.02, 32.445, 0, 0, 0),
(@CGUID+160, 16, -8585.67, 1436.71, 32.064, 0, 0, 0),
(@CGUID+160, 17, -8605.82, 1458.3, 32.032, 0, 0, 0),
(@CGUID+160, 18, -8571.97, 1465.18, 32.032, 0, 0, 0),
(@CGUID+160, 19, -8599.51, 1480.4, 32.614, 0, 0, 0),
(@CGUID+160, 20, -8571.97, 1465.18, 32.032, 0, 0, 0),
(@CGUID+161, 1, -8634.81, 1443.31, 32.485, 0, 0, 1534301),
(@CGUID+161, 2, -8648.35, 1429.66, 32.2874, 0, 0, 0),
(@CGUID+161, 3, -8649.21, 1411.48, 32.2743, 0, 0, 0),
(@CGUID+161, 4, -8637.67, 1396.44, 32.0447, 0, 0, 0),
(@CGUID+161, 5, -8619.23, 1395.22, 32.0718, 0, 0, 0),
(@CGUID+161, 6, -8602.95, 1404.7, 33.1002, 0, 0, 0),
(@CGUID+161, 7, -8597.51, 1422.64, 32.0551, 0, 0, 0),
(@CGUID+161, 8, -8606.53, 1439.21, 32.4039, 0, 0, 0),
(@CGUID+161, 9, -8639.24, 1439.05, 32.1579, 0, 0, 0),
(@CGUID+161, 10, -8645.89, 1406.55, 32.1916, 0, 0, 0),
(@CGUID+161, 11, -8632.13, 1394.69, 32.0831, 0, 0, 0),
(@CGUID+161, 12, -8613.71, 1396.8, 32.0372, 0, 0, 0),
(@CGUID+161, 13, -8600.77, 1409.56, 32.9619, 0, 0, 0),
(@CGUID+161, 14, -8599.62, 1427.79, 32.4833, 0, 0, 0),
(@CGUID+161, 15, -8610.56, 1443.11, 32.2106, 0, 0, 0),
(@CGUID+161, 16, -8628.18, 1445.64, 32.6943, 0, 0, 0),
(@CGUID+161, 17, -8643.38, 1435.09, 32.1597, 0, 0, 0),
(@CGUID+161, 18, -8650.51, 1418.22, 32.4667, 0, 0, 0),
(@CGUID+161, 19, -8642.77, 1401.89, 32.1136, 0, 0, 0),
(@CGUID+161, 20, -8626.86, 1393.03, 32.1196, 0, 0, 0),
(@CGUID+161, 21, -8609.13, 1399.93, 32.3603, 0, 0, 0),
(@CGUID+161, 22, -8599.31, 1415.22, 32.4136, 0, 0, 0),
(@CGUID+161, 23, -8601.86, 1433.28, 32.6127, 0, 0, 0),
(@CGUID+161, 24, -8614.91, 1446.67, 32.0648, 0, 0, 0),
(@CGUID+162, 1, -8586.89, 1427.87, 33.0639, 0, 0, 1534301),
(@CGUID+162, 2, -8589.12, 1433.89, 32.5621, 0, 0, 0),
(@CGUID+162, 3, -8600.3, 1448.62, 32.0154, 0, 0, 0),
(@CGUID+162, 4, -8617.88, 1455.27, 32.032, 0, 0, 0),
(@CGUID+162, 5, -8636.66, 1453.81, 32.7233, 0, 0, 0),
(@CGUID+162, 6, -8653.53, 1445.21, 32.046, 0, 0, 0),
(@CGUID+162, 7, -8662.19, 1430.29, 32.5338, 0, 0, 0),
(@CGUID+162, 8, -8658.17, 1412.04, 32.8294, 0, 0, 0),
(@CGUID+162, 9, -8646.38, 1397.3, 32.2868, 0, 0, 0),
(@CGUID+162, 10, -8611.6, 1388.22, 32.032, 0, 0, 0),
(@CGUID+162, 11, -8596.27, 1397.88, 32.4044, 0, 0, 0),
(@CGUID+162, 12, -8588.44, 1415.01, 32.0373, 0, 0, 0),
(@CGUID+163, 1, -8707.97, 1495.3, 32.032, 0, 0, 1534301),
(@CGUID+163, 2, -8683.52, 1489.15, 32.0319, 0, 0, 0),
(@CGUID+163, 3, -8652.9, 1459.57, 32.0319, 0, 0, 0),
(@CGUID+163, 4, -8624.12, 1441.95, 32.864, 0, 0, 0),
(@CGUID+163, 5, -8632.83, 1463.57, 32.032, 0, 0, 0),
(@CGUID+163, 6, -8643.89, 1475.42, 32.0061, 0, 0, 0),
(@CGUID+163, 7, -8605.08, 1462.35, 32.032, 0, 0, 0),
(@CGUID+163, 8, -8608.56, 1487.01, 32.1351, 0, 0, 0),
(@CGUID+163, 9, -8598.64, 1521.19, 37.2549, 0, 0, 0),
(@CGUID+163, 10, -8624.49, 1500.12, 31.9515, 0, 0, 0),
(@CGUID+163, 11, -8650.25, 1484.84, 32.0061, 0, 0, 0),
(@CGUID+163, 12, -8627.65, 1525.42, 32.0765, 0, 0, 0),
(@CGUID+163, 13, -8658.12, 1488.3, 32.0061, 0, 0, 0),
(@CGUID+163, 14, -8649.38, 1536.51, 32.032, 0, 0, 0),
(@CGUID+163, 15, -8678.2, 1552.39, 31.9674, 0, 0, 0),
(@CGUID+163, 16, -8649.38, 1536.51, 32.032, 0, 0, 0),
(@CGUID+163, 17, -8658.12, 1488.3, 32.0061, 0, 0, 0),
(@CGUID+163, 18, -8627.65, 1525.42, 32.0765, 0, 0, 0),
(@CGUID+163, 19, -8650.25, 1484.84, 32.0061, 0, 0, 0),
(@CGUID+163, 20, -8624.49, 1500.12, 31.9515, 0, 0, 0),
(@CGUID+163, 21, -8598.64, 1521.19, 37.2549, 0, 0, 0),
(@CGUID+163, 22, -8608.56, 1487.01, 32.1351, 0, 0, 0),
(@CGUID+163, 23, -8605.08, 1462.35, 32.032, 0, 0, 0),
(@CGUID+163, 24, -8643.89, 1475.42, 32.0061, 0, 0, 0),
(@CGUID+163, 25, -8632.83, 1463.57, 32.032, 0, 0, 0),
(@CGUID+163, 26, -8624.12, 1441.95, 32.864, 0, 0, 0),
(@CGUID+163, 27, -8652.9, 1459.57, 32.0319, 0, 0, 0),
(@CGUID+163, 28, -8683.52, 1489.15, 32.0319, 0, 0, 0),
(@CGUID+163, 29, -8715.07, 1514.42, 32.0224, 0, 0, 0),
(@CGUID+163, 30, -8707.97, 1495.3, 32.032, 0, 0, 0),
(@CGUID+163, 31, -8676.5, 1465.33, 32.0313, 0, 0, 0),
(@CGUID+163, 32, -8674.11, 1424.48, 32.032, 0, 0, 0),
(@CGUID+163, 33, -8676.5, 1465.33, 32.0313, 0, 0, 0),
(@CGUID+163, 34, -8707.97, 1495.3, 32.032, 0, 0, 0),
(@CGUID+164, 1, -8677.87, 1540.74, 31.9674, 0, 0, 1534301),
(@CGUID+164, 2, -8698.72, 1557.43, 31.9674, 0, 0, 0),
(@CGUID+164, 3, -8711.35, 1570.33, 26.1765, 0, 0, 0),
(@CGUID+164, 4, -8727.42, 1587.9, 21.5113, 0, 0, 0),
(@CGUID+164, 5, -8745.53, 1586.33, 21.5113, 0, 0, 0),
(@CGUID+164, 6, -8750.27, 1568.49, 23.2017, 0, 0, 0),
(@CGUID+164, 7, -8749.06, 1555.6, 27.1051, 0, 0, 0),
(@CGUID+164, 8, -8745.53, 1586.33, 21.5113, 0, 0, 0),
(@CGUID+164, 9, -8727.42, 1587.9, 21.5113, 0, 0, 0),
(@CGUID+164, 10, -8711.35, 1570.33, 26.1765, 0, 0, 0),
(@CGUID+164, 11, -8677.87, 1540.74, 31.9674, 0, 0, 0),
(@CGUID+164, 12, -8652.03, 1526.24, 32.032, 0, 0, 0),
(@CGUID+164, 13, -8631.43, 1513.66, 31.9515, 0, 0, 0),
(@CGUID+164, 14, -8620.83, 1486.3, 31.9437, 0, 0, 0),
(@CGUID+164, 15, -8631.43, 1513.66, 31.9515, 0, 0, 0),
(@CGUID+164, 16, -8652.03, 1526.24, 32.032, 0, 0, 0),
(@CGUID+165, 1, -8643.2, 1418.83, 32.9521, 0, 0, 1534301),
(@CGUID+165, 2, -8623.28, 1444.95, 32.4501, 0, 0, 0),
(@CGUID+165, 3, -8614.85, 1438.85, 32.6825, 0, 0, 0),
(@CGUID+165, 4, -8600.55, 1419.44, 32.2653, 0, 0, 0),
(@CGUID+165, 5, -8602.94, 1404.89, 33.1817, 0, 0, 0),
(@CGUID+165, 6, -8625.48, 1394.27, 32.4115, 0, 0, 0),
(@CGUID+165, 7, -8634.47, 1397.04, 32.0835, 0, 0, 0),
(@CGUID+165, 8, -8647.55, 1415.54, 32.8158, 0, 0, 0),
(@CGUID+165, 9, -8643.32, 1438.73, 32.0319, 0, 0, 0),
(@CGUID+165, 10, -8632.2, 1448.97, 32.8338, 0, 0, 0),
(@CGUID+165, 11, -8608.44, 1441.05, 32.119, 0, 0, 0),
(@CGUID+165, 12, -8599.57, 1429.47, 32.6308, 0, 0, 0),
(@CGUID+165, 13, -8594.57, 1415.47, 32.032, 0, 0, 0),
(@CGUID+165, 14, -8605.42, 1395.67, 32.032, 0, 0, 0),
(@CGUID+165, 15, -8616.24, 1391.26, 32.032, 0, 0, 0),
(@CGUID+165, 16, -8635.77, 1394.1, 32.032, 0, 0, 0),
(@CGUID+165, 17, -8652.44, 1412.95, 32.5213, 0, 0, 0),
(@CGUID+165, 18, -8653.36, 1427.67, 32.907, 0, 0, 0),
(@CGUID+165, 19, -8638.11, 1450.37, 33.0134, 0, 0, 0),
(@CGUID+165, 20, -8624.75, 1453.47, 32.032, 0, 0, 0),
(@CGUID+165, 21, -8609.19, 1444.72, 32.032, 0, 0, 0),
(@CGUID+165, 22, -8579.32, 1455, 32.5764, 0, 0, 0),
(@CGUID+165, 23, -8558.86, 1463.69, 32.032, 0, 0, 0),
(@CGUID+165, 24, -8544.13, 1479.76, 32.157, 0, 0, 0),
(@CGUID+165, 25, -8534.16, 1494.75, 32.782, 0, 0, 0),
(@CGUID+165, 26, -8524, 1511.02, 32.907, 0, 0, 0),
(@CGUID+165, 27, -8515.56, 1523.54, 32.282, 0, 0, 0),
(@CGUID+165, 28, -8501.83, 1535.64, 32.032, 0, 0, 0),
(@CGUID+165, 29, -8524, 1511.02, 32.907, 0, 0, 0),
(@CGUID+165, 30, -8534.16, 1494.75, 32.782, 0, 0, 0),
(@CGUID+165, 31, -8544.13, 1479.76, 32.157, 0, 0, 0),
(@CGUID+165, 32, -8558.86, 1463.69, 32.032, 0, 0, 0),
(@CGUID+165, 33, -8579.32, 1455, 32.5764, 0, 0, 0),
(@CGUID+165, 34, -8596.26, 1445.32, 32.032, 0, 0, 0),
(@CGUID+165, 35, -8624.75, 1453.47, 32.032, 0, 0, 0),
(@CGUID+165, 36, -8638.11, 1450.37, 33.0134, 0, 0, 0),
(@CGUID+165, 37, -8648.17, 1437.75, 32.0319, 0, 0, 0),
(@CGUID+165, 38, -8652.44, 1412.95, 32.5213, 0, 0, 0),
(@CGUID+165, 39, -8642.36, 1400.4, 32.032, 0, 0, 0),
(@CGUID+165, 40, -8635.77, 1394.1, 32.032, 0, 0, 0),
(@CGUID+165, 41, -8616.24, 1391.26, 32.032, 0, 0, 0),
(@CGUID+165, 42, -8596.42, 1405.7, 32.5486, 0, 0, 0),
(@CGUID+165, 43, -8599.57, 1429.47, 32.6308, 0, 0, 0),
(@CGUID+165, 44, -8608.44, 1441.05, 32.119, 0, 0, 0),
(@CGUID+165, 45, -8620.47, 1447.89, 32.032, 0, 0, 0),
(@CGUID+165, 46, -8638.03, 1445.74, 32.7078, 0, 0, 0),
(@CGUID+165, 47, -8648.3, 1425.74, 32.8643, 0, 0, 0),
(@CGUID+165, 48, -8644.07, 1406.7, 32.2735, 0, 0, 0),
(@CGUID+165, 49, -8634.47, 1397.04, 32.0835, 0, 0, 0),
(@CGUID+165, 50, -8612.18, 1395.43, 32.032, 0, 0, 0),
(@CGUID+165, 51, -8600.55, 1419.44, 32.2653, 0, 0, 0),
(@CGUID+165, 52, -8606.29, 1430.68, 33.0994, 0, 0, 0),
(@CGUID+165, 53, -8623.28, 1444.95, 32.4501, 0, 0, 0),
(@CGUID+165, 54, -8636.88, 1442.12, 32.3988, 0, 0, 0),
(@CGUID+165, 55, -8644.43, 1422.83, 32.8737, 0, 0, 0),
(@CGUID+165, 56, -8625.94, 1401.67, 32.7078, 0, 0, 0),
(@CGUID+165, 57, -8617.67, 1399.93, 32.2154, 0, 0, 0),
(@CGUID+165, 58, -8607.83, 1407.92, 32.9178, 0, 0, 0),
(@CGUID+165, 59, -8610.31, 1427.7, 33.282, 0, 0, 0),
(@CGUID+165, 60, -8629.75, 1439.46, 32.7747, 0, 0, 0),
(@CGUID+165, 61, -8605.59, 1416.06, 33.042, 0, 0, 0),
(@CGUID+165, 62, -8617.67, 1399.93, 32.2154, 0, 0, 0),
(@CGUID+165, 63, -8640.71, 1410.74, 33.1106, 0, 0, 0),
(@CGUID+189, 1, -9290.14, 1888.33, 85.6807, 0, 0, 0),
(@CGUID+189, 2, -9323.36, 1912.31, 85.5826, 0, 0, 0),
(@CGUID+189, 3, -9346.23, 1921.88, 85.6798, 0, 0, 0),
(@CGUID+189, 4, -9365.16, 1955.12, 85.6375, 0, 0, 0),
(@CGUID+189, 5, -9373.19, 1980.69, 85.6807, 0, 0, 0),
(@CGUID+189, 6, -9396.84, 2005.12, 85.6807, 0, 0, 0),
(@CGUID+189, 7, -9424.11, 2004.71, 85.9307, 0, 0, 0),
(@CGUID+189, 8, -9439.31, 1988.52, 85.9298, 0, 0, 0),
(@CGUID+189, 9, -9442.09, 1961.6, 85.2338, 0, 0, 0),
(@CGUID+189, 10, -9430.68, 1936.73, 85.5548, 0, 0, 0),
(@CGUID+189, 11, -9423.52, 1916.46, 85.5826, 0, 0, 0),
(@CGUID+189, 12, -9388.26, 1899.98, 86.9307, 0, 0, 0),
(@CGUID+189, 13, -9365.73, 1875.69, 85.6807, 0, 0, 0),
(@CGUID+189, 14, -9332.01, 1843.53, 85.6798, 0, 0, 0),
(@CGUID+189, 15, -9335.82, 1822.33, 85.5914, 0, 0, 0),
(@CGUID+189, 16, -9333.7, 1798.84, 84.4132, 0, 0, 0),
(@CGUID+189, 17, -9323.36, 1773.62, 85.5577, 0, 0, 0),
(@CGUID+189, 18, -9309.2, 1762.66, 85.556, 0, 0, 0),
(@CGUID+189, 19, -9293.27, 1760.07, 85.6807, 0, 0, 0),
(@CGUID+189, 20, -9266.74, 1785.31, 85.6798, 0, 0, 0),
(@CGUID+189, 21, -9254.92, 1821.13, 85.6807, 0, 0, 0),
(@CGUID+189, 22, -9229.32, 1826.48, 85.6807, 0, 0, 0),
(@CGUID+189, 23, -9219.66, 1845.92, 85.6807, 0, 0, 0),
(@CGUID+189, 24, -9229.02, 1871.72, 85.6807, 0, 0, 0),
(@CGUID+189, 25, -9245.31, 1880.67, 85.6807, 0, 0, 0),
(@CGUID+189, 26, -9270.31, 1884.48, 85.6807, 0, 0, 0),
(@CGUID+190, 1, -9285.01, 1845.87, 85.5974, 0, 0, 0),
(@CGUID+190, 2, -9317.28, 1834.3, 85.6798, 0, 0, 0),
(@CGUID+190, 3, -9336.37, 1823.56, 85.6798, 0, 0, 0),
(@CGUID+190, 4, -9338.68, 1791.97, 85.6798, 0, 0, 0),
(@CGUID+190, 5, -9373.69, 1782.11, 85.6807, 0, 0, 0),
(@CGUID+190, 6, -9389.03, 1814.41, 85.6807, 0, 0, 0),
(@CGUID+190, 7, -9392.57, 1842.45, 85.6807, 0, 0, 0),
(@CGUID+190, 8, -9416.33, 1859.26, 85.8057, 0, 0, 0),
(@CGUID+190, 9, -9444.57, 1859.87, 85.6807, 0, 0, 0),
(@CGUID+190, 10, -9468.98, 1877.57, 85.6807, 0, 0, 0),
(@CGUID+190, 11, -9457.44, 1907.66, 85.6798, 0, 0, 0),
(@CGUID+190, 12, -9441.12, 1919.81, 85.556, 0, 0, 0),
(@CGUID+190, 13, -9429.86, 1935.16, 85.5548, 0, 0, 0),
(@CGUID+190, 14, -9406.94, 1970.75, 86.6924, 0, 0, 0),
(@CGUID+190, 15, -9385.19, 1986.8, 85.6807, 0, 0, 0),
(@CGUID+190, 16, -9373.94, 2005.84, 85.6807, 0, 0, 0),
(@CGUID+190, 17, -9352.2, 2015.95, 85.6807, 0, 0, 0),
(@CGUID+190, 18, -9317.3, 2017.39, 85.6807, 0, 0, 0),
(@CGUID+190, 19, -9306.9, 1975.93, 85.6807, 0, 0, 0),
(@CGUID+190, 20, -9294.7, 1950.73, 85.6807, 0, 0, 0),
(@CGUID+190, 21, -9265.14, 1937.4, 85.6807, 0, 0, 0),
(@CGUID+190, 22, -9240.81, 1920.02, 85.6807, 0, 0, 0),
(@CGUID+190, 23, -9236.78, 1886.18, 85.6807, 0, 0, 0),
(@CGUID+190, 24, -9257.81, 1873.58, 85.6807, 0, 0, 0),
(@CGUID+191, 1, -9378.37, 1742.62, 85.6808, 0, 0, 0),
(@CGUID+191, 2, -9376.04, 1778.4, 85.6807, 0, 0, 0),
(@CGUID+191, 3, -9391.48, 1813.66, 85.6807, 0, 0, 0),
(@CGUID+191, 4, -9395.25, 1844.68, 85.6807, 0, 0, 0),
(@CGUID+191, 5, -9431.69, 1857.97, 85.6807, 0, 0, 0),
(@CGUID+191, 6, -9530.86, 1870.68, 86.1971, 0, 0, 0),
(@CGUID+191, 7, -9526.76, 1911.28, 86.0189, 0, 0, 0),
(@CGUID+191, 8, -9496.37, 1944.79, 85.6798, 0, 0, 0),
(@CGUID+191, 9, -9466.16, 1972.77, 85.9298, 0, 0, 0),
(@CGUID+191, 10, -9439, 1997.83, 85.9298, 0, 0, 0),
(@CGUID+191, 11, -9406.59, 2025.47, 85.9307, 0, 0, 0),
(@CGUID+191, 12, -9381.61, 2054.04, 85.9408, 0, 0, 0),
(@CGUID+191, 13, -9370, 2074.14, 86.9373, 0, 0, 0),
(@CGUID+191, 14, -9326.06, 2072.07, 86.1148, 0, 0, 0),
(@CGUID+191, 15, -9317.67, 2030.48, 85.6807, 0, 0, 0),
(@CGUID+191, 16, -9309.04, 1982.96, 85.6807, 0, 0, 0),
(@CGUID+191, 17, -9290.97, 1947.81, 85.6807, 0, 0, 0),
(@CGUID+191, 18, -9252.74, 1943.69, 85.6807, 0, 0, 0),
(@CGUID+191, 19, -9222.65, 1931.32, 85.6807, 0, 0, 0),
(@CGUID+191, 20, -9191.62, 1942.51, 85.6807, 0, 0, 0),
(@CGUID+191, 21, -9170.24, 1922.95, 85.6807, 0, 0, 0),
(@CGUID+191, 22, -9169.91, 1879.73, 85.6807, 0, 0, 0),
(@CGUID+191, 23, -9195.71, 1851.03, 85.6807, 0, 0, 0),
(@CGUID+191, 24, -9223.46, 1817.72, 85.6807, 0, 0, 0),
(@CGUID+191, 25, -9244.52, 1803.86, 85.6807, 0, 0, 0),
(@CGUID+191, 26, -9261.15, 1787.29, 85.6807, 0, 0, 0),
(@CGUID+191, 27, -9285, 1755.21, 85.6807, 0, 0, 0),
(@CGUID+191, 28, -9308.69, 1733.55, 85.6807, 0, 0, 0),
(@CGUID+191, 29, -9345.57, 1727.55, 85.6581, 0, 0, 0),
(@CGUID+192, 1, -9341.98, 1844.11, 85.1575, 0, 0, 0),
(@CGUID+192, 2, -9338.64, 1812.09, 85.6798, 0, 0, 0),
(@CGUID+192, 3, -9349.66, 1779.62, 85.6798, 0, 0, 0),
(@CGUID+192, 4, -9367.89, 1745.98, 85.6808, 0, 0, 0),
(@CGUID+192, 5, -9352.95, 1729.1, 85.6581, 0, 0, 0),
(@CGUID+192, 6, -9311.62, 1739.26, 85.6807, 0, 0, 0),
(@CGUID+192, 7, -9327.57, 1781.84, 85.6329, 0, 0, 0),
(@CGUID+192, 8, -9367.6, 1793.72, 85.6807, 0, 0, 0),
(@CGUID+192, 9, -9389.63, 1822.93, 85.6807, 0, 0, 0),
(@CGUID+192, 10, -9375.2, 1855.04, 85.6807, 0, 0, 0),
(@CGUID+192, 11, -9361.83, 1883.15, 85.6807, 0, 0, 0),
(@CGUID+192, 12, -9367.62, 1915.2, 85.6807, 0, 0, 0),
(@CGUID+192, 13, -9369.15, 1949.94, 85.6807, 0, 0, 0),
(@CGUID+192, 14, -9359.21, 1982.56, 85.8622, 0, 0, 0),
(@CGUID+192, 15, -9347.96, 2014.87, 85.6807, 0, 0, 0),
(@CGUID+192, 16, -9367.6, 2028.9, 85.6807, 0, 0, 0),
(@CGUID+192, 17, -9373.23, 2057.75, 86.0586, 0, 0, 0),
(@CGUID+192, 18, -9356.57, 2072.66, 86.0265, 0, 0, 0),
(@CGUID+192, 19, -9327.18, 2070.25, 86.0221, 0, 0, 0),
(@CGUID+192, 20, -9315.28, 2050.39, 85.6499, 0, 0, 0),
(@CGUID+192, 21, -9316.94, 2021.35, 85.6807, 0, 0, 0),
(@CGUID+192, 22, -9309.85, 1985.53, 85.6807, 0, 0, 0),
(@CGUID+192, 23, -9315.96, 1950.78, 85.652, 0, 0, 0),
(@CGUID+192, 24, -9321.12, 1910.3, 85.5826, 0, 0, 0),
(@CGUID+192, 25, -9321.12, 1910.3, 85.5826, 0, 0, 0),
(@CGUID+193, 1, -9273.63, 1940.64, 85.6807, 0, 0, 0),
(@CGUID+193, 2, -9244.16, 1935.67, 85.6807, 0, 0, 0),
(@CGUID+193, 3, -9217.48, 1932.63, 85.6807, 0, 0, 0),
(@CGUID+193, 4, -9177.33, 1935.63, 85.6807, 0, 0, 0),
(@CGUID+193, 5, -9166.67, 1901.35, 85.6807, 0, 0, 0),
(@CGUID+193, 6, -9180.45, 1880.27, 85.6807, 0, 0, 0),
(@CGUID+193, 7, -9213.87, 1872.23, 85.6807, 0, 0, 0),
(@CGUID+193, 8, -9249.76, 1884.74, 85.6807, 0, 0, 0),
(@CGUID+193, 9, -9278.23, 1876.3, 85.6807, 0, 0, 0),
(@CGUID+193, 10, -9306.93, 1891.43, 85.6807, 0, 0, 0),
(@CGUID+193, 11, -9352.97, 1877.49, 85.6807, 0, 0, 0),
(@CGUID+193, 12, -9377.94, 1866.49, 85.6807, 0, 0, 0),
(@CGUID+193, 13, -9409.55, 1865.28, 85.6807, 0, 0, 0),
(@CGUID+193, 14, -9446.5, 1862.63, 85.6807, 0, 0, 0),
(@CGUID+193, 15, -9485.57, 1861.78, 86.0557, 0, 0, 0),
(@CGUID+193, 16, -9520.96, 1858.51, 85.6807, 0, 0, 0),
(@CGUID+193, 17, -9527.92, 1885.16, 85.6807, 0, 0, 0),
(@CGUID+193, 18, -9480.08, 1874.76, 85.6807, 0, 0, 0),
(@CGUID+193, 19, -9454.2, 1899.67, 85.6807, 0, 0, 0),
(@CGUID+193, 20, -9424.42, 1915.02, 85.5826, 0, 0, 0),
(@CGUID+193, 21, -9382.8, 1911.83, 85.6807, 0, 0, 0),
(@CGUID+193, 22, -9350.08, 1908.8, 85.6798, 0, 0, 0),
(@CGUID+193, 23, -9317.6, 1914.79, 85.9075, 0, 0, 0),
(@CGUID+193, 24, -9294.26, 1930.23, 85.6807, 0, 0, 0),
(@CGUID+194, 1, -9282.03, 1949.15, 85.6807, 0, 0, 0),
(@CGUID+194, 2, -9252.31, 1944.22, 85.6807, 0, 0, 0),
(@CGUID+194, 3, -9227.02, 1928.59, 85.6807, 0, 0, 0),
(@CGUID+194, 4, -9189.05, 1932.12, 85.6807, 0, 0, 0),
(@CGUID+194, 5, -9158.88, 1920.91, 86.8169, 0, 0, 0),
(@CGUID+194, 6, -9163.66, 1874.25, 86.9024, 0, 0, 0),
(@CGUID+194, 7, -9184.5, 1854.16, 85.6807, 0, 0, 0),
(@CGUID+194, 8, -9216.55, 1824.76, 85.6807, 0, 0, 0),
(@CGUID+194, 9, -9250.39, 1789.82, 85.6807, 0, 0, 0),
(@CGUID+194, 10, -9273.94, 1769.74, 85.6798, 0, 0, 0),
(@CGUID+194, 11, -9287.73, 1753.58, 85.6807, 0, 0, 0),
(@CGUID+194, 12, -9322.81, 1721.81, 87.2582, 0, 0, 0),
(@CGUID+194, 13, -9353.58, 1722.88, 87.0345, 0, 0, 0),
(@CGUID+194, 14, -9361.31, 1755.28, 85.6808, 0, 0, 0),
(@CGUID+194, 15, -9364.74, 1787.45, 85.6798, 0, 0, 0),
(@CGUID+194, 16, -9382.46, 1800.23, 85.6807, 0, 0, 0),
(@CGUID+194, 17, -9383.03, 1827.17, 86.0036, 0, 0, 0),
(@CGUID+194, 18, -9390.32, 1846.65, 85.6807, 0, 0, 0),
(@CGUID+194, 19, -9419.72, 1858.24, 85.5747, 0, 0, 0),
(@CGUID+194, 20, -9449.34, 1865.14, 85.6807, 0, 0, 0),
(@CGUID+194, 21, -9486.29, 1872.54, 85.6807, 0, 0, 0),
(@CGUID+194, 22, -9507.5, 1867.1, 85.6807, 0, 0, 0),
(@CGUID+194, 23, -9527.9, 1882.61, 85.6807, 0, 0, 0),
(@CGUID+194, 24, -9510.69, 1925.59, 85.6807, 0, 0, 0),
(@CGUID+194, 25, -9488.49, 1946.94, 85.6798, 0, 0, 0),
(@CGUID+194, 26, -9459.86, 1976.46, 85.9298, 0, 0, 0),
(@CGUID+194, 27, -9442.09, 1990.91, 85.9298, 0, 0, 0),
(@CGUID+194, 28, -9407.94, 2024.8, 85.9307, 0, 0, 0),
(@CGUID+194, 29, -9380.55, 2051.86, 85.9408, 0, 0, 0),
(@CGUID+194, 30, -9353.09, 2075.3, 86.0672, 0, 0, 0),
(@CGUID+194, 31, -9322.95, 2076.67, 86.8059, 0, 0, 0),
(@CGUID+194, 32, -9315.57, 2050.01, 85.6499, 0, 0, 0),
(@CGUID+194, 33, -9314.58, 2018.31, 85.6807, 0, 0, 0),
(@CGUID+194, 34, -9302.91, 1992.93, 85.6807, 0, 0, 0),
(@CGUID+194, 35, -9307.35, 1964.6, 85.652, 0, 0, 0),
(@CGUID+195, 1, -9305.47, 1976.09, 85.6807, 0, 0, 0),
(@CGUID+195, 2, -9294.42, 1948.31, 85.6807, 0, 0, 0),
(@CGUID+195, 3, -9259.19, 1938.78, 85.6807, 0, 0, 0),
(@CGUID+195, 4, -9234.05, 1921.63, 85.6807, 0, 0, 0),
(@CGUID+195, 5, -9248.03, 1888.94, 85.6807, 0, 0, 0),
(@CGUID+195, 6, -9282.02, 1855.38, 85.5974, 0, 0, 0),
(@CGUID+195, 7, -9311.62, 1831.06, 84.1004, 0, 0, 0),
(@CGUID+195, 8, -9339.82, 1823.54, 85.6798, 0, 0, 0),
(@CGUID+195, 9, -9336.08, 1788.3, 85.6798, 0, 0, 0),
(@CGUID+195, 10, -9373.79, 1788.2, 85.6807, 0, 0, 0),
(@CGUID+195, 11, -9392.85, 1821.8, 85.6807, 0, 0, 0),
(@CGUID+195, 12, -9392.85, 1821.8, 85.6807, 0, 0, 0),
(@CGUID+195, 13, -9409.22, 1865.23, 85.6807, 0, 0, 0),
(@CGUID+195, 14, -9438.72, 1862.46, 85.6807, 0, 0, 0),
(@CGUID+195, 15, -9458.92, 1889.08, 85.6807, 0, 0, 0),
(@CGUID+195, 16, -9451.58, 1908.69, 85.6798, 0, 0, 0),
(@CGUID+195, 17, -9424.98, 1921.92, 85.5826, 0, 0, 0),
(@CGUID+195, 18, -9399.76, 1928.02, 85.6466, 0, 0, 0),
(@CGUID+195, 19, -9383.53, 1958.78, 85.6807, 0, 0, 0),
(@CGUID+195, 20, -9383.53, 1958.78, 85.6807, 0, 0, 0),
(@CGUID+195, 21, -9344.86, 2007.82, 85.6807, 0, 0, 0),
(@CGUID+195, 22, -9315.89, 2002.97, 85.6807, 0, 0, 0),
(@CGUID+196, 1, -9334.3, 1916.92, 85.6798, 0, 0, 0),
(@CGUID+196, 2, -9363.94, 1895.52, 85.6807, 0, 0, 0),
(@CGUID+196, 3, -9385.78, 1880.75, 86.0579, 0, 0, 0),
(@CGUID+196, 4, -9417.54, 1860.3, 85.9735, 0, 0, 0),
(@CGUID+196, 5, -9446.72, 1864.31, 85.6807, 0, 0, 0),
(@CGUID+196, 6, -9482.17, 1869.57, 85.6807, 0, 0, 0),
(@CGUID+196, 7, -9529.66, 1878.28, 85.8459, 0, 0, 0),
(@CGUID+196, 8, -9513.37, 1858.6, 85.6807, 0, 0, 0),
(@CGUID+196, 9, -9475.06, 1881.23, 85.6807, 0, 0, 0),
(@CGUID+196, 10, -9447.7, 1905.84, 85.6798, 0, 0, 0),
(@CGUID+196, 11, -9414.99, 1911.19, 85.5826, 0, 0, 0),
(@CGUID+196, 12, -9382.19, 1909.42, 85.6807, 0, 0, 0),
(@CGUID+196, 13, -9351.41, 1910.77, 85.6798, 0, 0, 0),
(@CGUID+196, 14, -9310.62, 1922.28, 85.5826, 0, 0, 0),
(@CGUID+196, 15, -9277.02, 1933.48, 85.6807, 0, 0, 0),
(@CGUID+196, 16, -9235.7, 1928.6, 85.6807, 0, 0, 0),
(@CGUID+196, 17, -9224.21, 1883.24, 85.6807, 0, 0, 0),
(@CGUID+196, 18, -9199.39, 1867.02, 85.6807, 0, 0, 0),
(@CGUID+196, 19, -9172.67, 1878.28, 85.6807, 0, 0, 0),
(@CGUID+196, 20, -9174.01, 1917.66, 85.6807, 0, 0, 0),
(@CGUID+196, 21, -9211.64, 1928.86, 85.6807, 0, 0, 0),
(@CGUID+196, 22, -9227.84, 1913.31, 85.6807, 0, 0, 0),
(@CGUID+196, 23, -9257.44, 1889.16, 85.8094, 0, 0, 0),
(@CGUID+196, 24, -9288.68, 1887.31, 85.6807, 0, 0, 0),
(@CGUID+196, 25, -9322.48, 1900.89, 85.5826, 0, 0, 0),
(@CGUID+196, 26, -9350.11, 1903.34, 85.6798, 0, 0, 0),
(@CGUID+196, 27, -9366.49, 1879.41, 85.6807, 0, 0, 0),
(@CGUID+196, 28, -9377.52, 1841.84, 85.6807, 0, 0, 0),
(@CGUID+196, 29, -9384.17, 1822.34, 85.6807, 0, 0, 0),
(@CGUID+196, 30, -9366.79, 1776.83, 85.6807, 0, 0, 0),
(@CGUID+196, 31, -9339.76, 1770.5, 86.3839, 0, 0, 0),
(@CGUID+196, 32, -9321.45, 1758.75, 85.5672, 0, 0, 0),
(@CGUID+196, 33, -9322.69, 1729.77, 85.6972, 0, 0, 0),
(@CGUID+196, 34, -9349.98, 1722.14, 87.0306, 0, 0, 0),
(@CGUID+196, 35, -9370.24, 1754.36, 85.6808, 0, 0, 0),
(@CGUID+196, 36, -9344.75, 1789.06, 85.6798, 0, 0, 0),
(@CGUID+196, 37, -9338, 1823.52, 85.6798, 0, 0, 0),
(@CGUID+196, 38, -9338.63, 1860.3, 85.5835, 0, 0, 0),
(@CGUID+196, 39, -9343.84, 1902.83, 86.3321, 0, 0, 0),
(@CGUID+196, 40, -9356.25, 1927.59, 85.6798, 0, 0, 0),
(@CGUID+196, 41, -9361.63, 1950.97, 85.2608, 0, 0, 0),
(@CGUID+196, 42, -9365.07, 1978.83, 85.5613, 0, 0, 0),
(@CGUID+196, 43, -9370.21, 2007.36, 85.6807, 0, 0, 0),
(@CGUID+196, 44, -9379.05, 2042.12, 85.9408, 0, 0, 0),
(@CGUID+196, 45, -9358.38, 2067.38, 86.0265, 0, 0, 0),
(@CGUID+196, 46, -9326.09, 2045.33, 85.6499, 0, 0, 0),
(@CGUID+196, 47, -9321.81, 2013.54, 85.6807, 0, 0, 0),
(@CGUID+196, 48, -9312.63, 1989.9, 85.6807, 0, 0, 0),
(@CGUID+196, 49, -9320.13, 1941.71, 85.652, 0, 0, 0),
(@CGUID+196, 50, -9334.3, 1916.92, 85.6798, 0, 0, 0);

INSERT INTO `creature_movement_template` (`entry`, `pathId`, `point`, `position_x`, `position_y`, `position_z`, `orientation`, `waittime`, `script_id`) VALUES
-- Ayamiss the Hunter - Landing Path
(15369, 1, 1, -9689.981, 1548.296, 33.27733, 100, 0, 0),
(15369, 1, 2, -9682.716, 1554.252, 31.41621, 100, 0, 0),
(15369, 1, 3, -9677.917, 1558.839, 27.24953, 100, 1000, 0);

-- INSERT INTO `creature_addon` (`guid`, `mount`, `bytes1`, `b2_0_sheath`, `b2_1_flags`, `emote`, `moveflags`, `auras`) VALUES

REPLACE INTO `creature_template_addon` (`entry`, `mount`, `bytes1`, `b2_0_sheath`, `b2_1_flags`, `emote`, `moveflags`, `auras`) VALUES
(15168, 0, 0, 1, 16, 0, 0, NULL), -- Vile Scarab
(15318, 0, 0, 1, 16, 0, 0, '9205'), -- Hive'Zara Drone
(15319, 0, 0, 1, 16, 0, 0, NULL), -- Hive'Zara Collector
(15320, 0, 0, 1, 16, 0, 0, NULL), -- Hive'Zara Soldier
(15323, 0, 0, 1, 16, 0, 0, '25592'), -- Hive'Zara Sandstalker
(15324, 0, 0, 1, 16, 0, 0, '18950'), -- Qiraji Gladiator
(15325, 0, 0, 1, 16, 0, 0, NULL), -- Hive'Zara Wasp
(15327, 0, 0, 1, 16, 0, 0, NULL), -- Hive'Zara Stinger
(15333, 0, 0, 1, 16, 0, 0, NULL), -- Silicate Feeder
(15335, 0, 0, 1, 16, 0, 0, '8876 18950'), -- Flesh Hunter
(15336, 0, 0, 1, 16, 0, 0, NULL), -- Hive'Zara Tail Lasher
(15338, 0, 0, 1, 16, 0, 0, '19818'), -- Obsidian Destroyer
(15339, 0, 0, 1, 16, 0, 0, '25176 19818'), -- Ossirian the Unscarred
(15340, 0, 0, 1, 16, 0, 0, NULL), -- Moam
(15341, 0, 0, 1, 16, 0, 0, '18943'), -- General Rajaxx
(15343, 0, 0, 1, 16, 0, 0, NULL), -- Qiraji Swarmguard
(15344, 0, 0, 1, 16, 0, 0, NULL), -- Swarmguard Needler
(15348, 0, 0, 1, 16, 0, 0, NULL), -- Kurinnaxx
(15355, 0, 0, 1, 16, 0, 0, NULL), -- Anubisath Guardian
(15369, 0, 0, 1, 16, 0, 0, NULL), -- Ayamiss the Hunter
(15370, 0, 0, 1, 16, 0, 0, NULL), -- Buru the Gorger
(15385, 0, 0, 1, 16, 0, 0, NULL), -- Colonel Zerran
(15386, 0, 0, 1, 16, 0, 0, NULL), -- Major Yeggeth
(15387, 0, 0, 1, 16, 0, 0, '18950'), -- Qiraji Warrior
(15388, 0, 0, 1, 16, 0, 0, NULL), -- Major Pakkon
(15389, 0, 0, 1, 16, 0, 0, NULL), -- Captain Drenn
(15390, 0, 0, 1, 16, 0, 0, NULL), -- Captain Xurrem
(15391, 0, 0, 1, 16, 0, 0, NULL), -- Captain Qeez
(15392, 0, 0, 1, 16, 0, 0, NULL), -- Captain Tuubid
(15426, 0, 0, 1, 16, 0, 0, NULL), -- Ahn'Qiraj Trigger
(15461, 0, 0, 1, 16, 0, 0, NULL), -- Shrieker Scarab
(15462, 0, 0, 1, 16, 0, 0, NULL), -- Spitting Scarab
(15505, 0, 0, 1, 16, 0, 0, '18943 18950'), -- Canal Frenzy
(15514, 0, 0, 1, 16, 0, 0, NULL), -- Buru Egg
(15590, 0, 0, 1, 16, 0, 0, NULL); -- Ossirian Crystal Trigger

INSERT INTO `creature_linking` (`guid`, `master_guid`, `flag`) VALUES
(@CGUID+14, @CGUID+143, 1155), -- Hive'Zara Drone -> Hive'Zara Tail Lasher
(@CGUID+15, @CGUID+143, 1155), -- Hive'Zara Drone -> Hive'Zara Tail Lasher
(@CGUID+16, @CGUID+145, 1155), -- Hive'Zara Drone -> Hive'Zara Tail Lasher
(@CGUID+17, @CGUID+145, 1155), -- Hive'Zara Drone -> Hive'Zara Tail Lasher
(@CGUID+18, @CGUID+147, 1155), -- Hive'Zara Drone -> Hive'Zara Tail Lasher
(@CGUID+19, @CGUID+147, 1155), -- Hive'Zara Drone -> Hive'Zara Tail Lasher
(@CGUID+20, @CGUID+143, 1155), -- Hive'Zara Collector -> Hive'Zara Tail Lasher
(@CGUID+21, @CGUID+143, 1155), -- Hive'Zara Collector -> Hive'Zara Tail Lasher
(@CGUID+22, @CGUID+145, 1155), -- Hive'Zara Collector -> Hive'Zara Tail Lasher
(@CGUID+23, @CGUID+145, 1155), -- Hive'Zara Collector -> Hive'Zara Tail Lasher
(@CGUID+24, @CGUID+147, 1155), -- Hive'Zara Collector -> Hive'Zara Tail Lasher
(@CGUID+25, @CGUID+147, 1155), -- Hive'Zara Collector -> Hive'Zara Tail Lasher
(@CGUID+31, @CGUID+32, 1155), -- Qiraji Gladiator -> Qiraji Gladiator
(@CGUID+32, @CGUID+159, 1024), -- Qiraji Gladiator -> General Rajaxx
(@CGUID+33, @CGUID+159, 1024), -- Qiraji Gladiator -> General Rajaxx
(@CGUID+34, @CGUID+33, 1155), -- Qiraji Gladiator -> Qiraji Gladiator
(@CGUID+35, @CGUID+188, 1024), -- Qiraji Gladiator -> Kurinnaxx
(@CGUID+36, @CGUID+35, 1155), -- Qiraji Gladiator -> Qiraji Gladiator
(@CGUID+37, @CGUID+38, 1155), -- Qiraji Gladiator -> Qiraji Gladiator
(@CGUID+38, @CGUID+188, 1024), -- Qiraji Gladiator -> Kurinnaxx
(@CGUID+39, @CGUID+87, 1667), -- Hive'Zara Wasp -> Hive'Zara Stinger
(@CGUID+40, @CGUID+87, 1667), -- Hive'Zara Wasp -> Hive'Zara Stinger
(@CGUID+41, @CGUID+88, 1667), -- Hive'Zara Wasp -> Hive'Zara Stinger
(@CGUID+42, @CGUID+88, 1667), -- Hive'Zara Wasp -> Hive'Zara Stinger
(@CGUID+43, @CGUID+89, 1667), -- Hive'Zara Wasp -> Hive'Zara Stinger
(@CGUID+44, @CGUID+89, 1667), -- Hive'Zara Wasp -> Hive'Zara Stinger
(@CGUID+45, @CGUID+90, 1667), -- Hive'Zara Wasp -> Hive'Zara Stinger
(@CGUID+46, @CGUID+90, 1667), -- Hive'Zara Wasp -> Hive'Zara Stinger
(@CGUID+47, @CGUID+91, 1667), -- Hive'Zara Wasp -> Hive'Zara Stinger
(@CGUID+48, @CGUID+91, 1667), -- Hive'Zara Wasp -> Hive'Zara Stinger
(@CGUID+49, @CGUID+92, 1667), -- Hive'Zara Wasp -> Hive'Zara Stinger
(@CGUID+50, @CGUID+92, 1667), -- Hive'Zara Wasp -> Hive'Zara Stinger
(@CGUID+51, @CGUID+93, 1667), -- Hive'Zara Wasp -> Hive'Zara Stinger
(@CGUID+52, @CGUID+93, 1667), -- Hive'Zara Wasp -> Hive'Zara Stinger
(@CGUID+53, @CGUID+94, 1667), -- Hive'Zara Wasp -> Hive'Zara Stinger
(@CGUID+54, @CGUID+94, 1667), -- Hive'Zara Wasp -> Hive'Zara Stinger
(@CGUID+55, @CGUID+95, 1667), -- Hive'Zara Wasp -> Hive'Zara Stinger
(@CGUID+56, @CGUID+95, 1667), -- Hive'Zara Wasp -> Hive'Zara Stinger
(@CGUID+57, @CGUID+96, 1667), -- Hive'Zara Wasp -> Hive'Zara Stinger
(@CGUID+58, @CGUID+96, 1667), -- Hive'Zara Wasp -> Hive'Zara Stinger
(@CGUID+59, @CGUID+75, 1667), -- Hive'Zara Wasp -> Hive'Zara Stinger
(@CGUID+60, @CGUID+75, 1667), -- Hive'Zara Wasp -> Hive'Zara Stinger
(@CGUID+61, @CGUID+75, 1667), -- Hive'Zara Wasp -> Hive'Zara Stinger
(@CGUID+62, @CGUID+75, 1667), -- Hive'Zara Wasp -> Hive'Zara Stinger
(@CGUID+63, @CGUID+78, 1667), -- Hive'Zara Wasp -> Hive'Zara Stinger
(@CGUID+64, @CGUID+78, 1667), -- Hive'Zara Wasp -> Hive'Zara Stinger
(@CGUID+65, @CGUID+78, 1667), -- Hive'Zara Wasp -> Hive'Zara Stinger
(@CGUID+66, @CGUID+78, 1667), -- Hive'Zara Wasp -> Hive'Zara Stinger
(@CGUID+67, @CGUID+81, 1667), -- Hive'Zara Wasp -> Hive'Zara Stinger
(@CGUID+68, @CGUID+81, 1667), -- Hive'Zara Wasp -> Hive'Zara Stinger
(@CGUID+69, @CGUID+81, 1667), -- Hive'Zara Wasp -> Hive'Zara Stinger
(@CGUID+70, @CGUID+81, 1667), -- Hive'Zara Wasp -> Hive'Zara Stinger
(@CGUID+71, @CGUID+84, 1667), -- Hive'Zara Wasp -> Hive'Zara Stinger
(@CGUID+72, @CGUID+84, 1667), -- Hive'Zara Wasp -> Hive'Zara Stinger
(@CGUID+73, @CGUID+84, 1667), -- Hive'Zara Wasp -> Hive'Zara Stinger
(@CGUID+74, @CGUID+84, 1667), -- Hive'Zara Wasp -> Hive'Zara Stinger
(@CGUID+75, @CGUID+197, 1024), -- Hive'Zara Stinger -> Ayamiss the Hunter
(@CGUID+76, @CGUID+75, 1667), -- Hive'Zara Stinger -> Hive'Zara Stinger
(@CGUID+77, @CGUID+75, 1667), -- Hive'Zara Stinger -> Hive'Zara Stinger
(@CGUID+78, @CGUID+197, 1024), -- Hive'Zara Stinger -> Ayamiss the Hunter
(@CGUID+79, @CGUID+78, 1667), -- Hive'Zara Stinger -> Hive'Zara Stinger
(@CGUID+80, @CGUID+78, 1667), -- Hive'Zara Stinger -> Hive'Zara Stinger
(@CGUID+81, @CGUID+197, 1024), -- Hive'Zara Stinger -> Ayamiss the Hunter
(@CGUID+82, @CGUID+81, 1667), -- Hive'Zara Stinger -> Hive'Zara Stinger
(@CGUID+83, @CGUID+81, 1667), -- Hive'Zara Stinger -> Hive'Zara Stinger
(@CGUID+84, @CGUID+197, 1024), -- Hive'Zara Stinger -> Ayamiss the Hunter
(@CGUID+85, @CGUID+84, 1667), -- Hive'Zara Stinger -> Hive'Zara Stinger
(@CGUID+86, @CGUID+84, 1667), -- Hive'Zara Stinger -> Hive'Zara Stinger
(@CGUID+87, @CGUID+188, 1024), -- Hive'Zara Stinger -> Kurinnaxx
(@CGUID+88, @CGUID+188, 1024), -- Hive'Zara Stinger -> Kurinnaxx
(@CGUID+89, @CGUID+188, 1024), -- Hive'Zara Stinger -> Kurinnaxx
(@CGUID+90, @CGUID+188, 1024), -- Hive'Zara Stinger -> Kurinnaxx
(@CGUID+91, @CGUID+188, 1024), -- Hive'Zara Stinger -> Kurinnaxx
(@CGUID+92, @CGUID+188, 1024), -- Hive'Zara Stinger -> Kurinnaxx
(@CGUID+93, @CGUID+188, 1024), -- Hive'Zara Stinger -> Kurinnaxx
(@CGUID+94, @CGUID+188, 1024), -- Hive'Zara Stinger -> Kurinnaxx
(@CGUID+95, @CGUID+188, 1024), -- Hive'Zara Stinger -> Kurinnaxx
(@CGUID+96, @CGUID+188, 1024), -- Hive'Zara Stinger -> Kurinnaxx
(@CGUID+137, @CGUID+158, 1024), -- Flesh Hunter -> Moam
(@CGUID+138, @CGUID+158, 1024), -- Flesh Hunter -> Moam
(@CGUID+139, @CGUID+198, 1024), -- Flesh Hunter -> Buru the Gorger
(@CGUID+140, @CGUID+198, 1024), -- Flesh Hunter -> Buru the Gorger
(@CGUID+141, @CGUID+198, 1024), -- Flesh Hunter -> Buru the Gorger
(@CGUID+142, @CGUID+143, 1155), -- Hive'Zara Tail Lasher -> Hive'Zara Tail Lasher
(@CGUID+144, @CGUID+145, 1155), -- Hive'Zara Tail Lasher -> Hive'Zara Tail Lasher
(@CGUID+146, @CGUID+147, 1155), -- Hive'Zara Tail Lasher -> Hive'Zara Tail Lasher
(@CGUID+227, @CGUID+256, 1155), -- Shrieker Scarab -> Spitting Scarab
(@CGUID+228, @CGUID+256, 1155), -- Shrieker Scarab -> Spitting Scarab
(@CGUID+229, @CGUID+256, 1155), -- Shrieker Scarab -> Spitting Scarab
(@CGUID+230, @CGUID+256, 1155), -- Shrieker Scarab -> Spitting Scarab
(@CGUID+231, @CGUID+256, 1155), -- Shrieker Scarab -> Spitting Scarab
(@CGUID+232, @CGUID+261, 1155), -- Shrieker Scarab -> Spitting Scarab
(@CGUID+233, @CGUID+261, 1155), -- Shrieker Scarab -> Spitting Scarab
(@CGUID+234, @CGUID+261, 1155), -- Shrieker Scarab -> Spitting Scarab
(@CGUID+235, @CGUID+261, 1155), -- Shrieker Scarab -> Spitting Scarab
(@CGUID+236, @CGUID+261, 1155), -- Shrieker Scarab -> Spitting Scarab
(@CGUID+237, @CGUID+266, 1155), -- Shrieker Scarab -> Spitting Scarab
(@CGUID+238, @CGUID+266, 1155), -- Shrieker Scarab -> Spitting Scarab
(@CGUID+239, @CGUID+266, 1155), -- Shrieker Scarab -> Spitting Scarab
(@CGUID+240, @CGUID+266, 1155), -- Shrieker Scarab -> Spitting Scarab
(@CGUID+241, @CGUID+266, 1155), -- Shrieker Scarab -> Spitting Scarab
(@CGUID+242, @CGUID+271, 1155), -- Shrieker Scarab -> Spitting Scarab
(@CGUID+243, @CGUID+271, 1155), -- Shrieker Scarab -> Spitting Scarab
(@CGUID+244, @CGUID+271, 1155), -- Shrieker Scarab -> Spitting Scarab
(@CGUID+245, @CGUID+271, 1155), -- Shrieker Scarab -> Spitting Scarab
(@CGUID+246, @CGUID+271, 1155), -- Shrieker Scarab -> Spitting Scarab
(@CGUID+247, @CGUID+276, 1155), -- Shrieker Scarab -> Spitting Scarab
(@CGUID+248, @CGUID+276, 1155), -- Shrieker Scarab -> Spitting Scarab
(@CGUID+249, @CGUID+276, 1155), -- Shrieker Scarab -> Spitting Scarab
(@CGUID+250, @CGUID+276, 1155), -- Shrieker Scarab -> Spitting Scarab
(@CGUID+251, @CGUID+276, 1155), -- Shrieker Scarab -> Spitting Scarab
(@CGUID+252, @CGUID+256, 1155), -- Spitting Scarab -> Spitting Scarab
(@CGUID+253, @CGUID+256, 1155), -- Spitting Scarab -> Spitting Scarab
(@CGUID+254, @CGUID+256, 1155), -- Spitting Scarab -> Spitting Scarab
(@CGUID+255, @CGUID+256, 1155), -- Spitting Scarab -> Spitting Scarab
(@CGUID+257, @CGUID+261, 1155), -- Spitting Scarab -> Spitting Scarab
(@CGUID+258, @CGUID+261, 1155), -- Spitting Scarab -> Spitting Scarab
(@CGUID+259, @CGUID+261, 1155), -- Spitting Scarab -> Spitting Scarab
(@CGUID+260, @CGUID+261, 1155), -- Spitting Scarab -> Spitting Scarab
(@CGUID+262, @CGUID+266, 1155), -- Spitting Scarab -> Spitting Scarab
(@CGUID+263, @CGUID+266, 1155), -- Spitting Scarab -> Spitting Scarab
(@CGUID+264, @CGUID+266, 1155), -- Spitting Scarab -> Spitting Scarab
(@CGUID+265, @CGUID+266, 1155), -- Spitting Scarab -> Spitting Scarab
(@CGUID+267, @CGUID+271, 1155), -- Spitting Scarab -> Spitting Scarab
(@CGUID+268, @CGUID+271, 1155), -- Spitting Scarab -> Spitting Scarab
(@CGUID+269, @CGUID+271, 1155), -- Spitting Scarab -> Spitting Scarab
(@CGUID+270, @CGUID+271, 1155), -- Spitting Scarab -> Spitting Scarab
(@CGUID+272, @CGUID+276, 1155), -- Spitting Scarab -> Spitting Scarab
(@CGUID+273, @CGUID+276, 1155), -- Spitting Scarab -> Spitting Scarab
(@CGUID+274, @CGUID+276, 1155), -- Spitting Scarab -> Spitting Scarab
(@CGUID+275, @CGUID+276, 1155); -- Spitting Scarab -> Spitting Scarab

REPLACE INTO `creature_linking_template` (`entry`, `map`, `master_entry`, `flag`, `search_range`) VALUES
(15318, 509, 15369, 1024, 0), -- Hive'Zara Drone -> Ayamiss the Hunter
(15319, 509, 15369, 1024, 0), -- Hive'Zara Collector -> Ayamiss the Hunter
(15336, 509, 15369, 1024, 0), -- Hive'Zara Tail Lasher -> Ayamiss the Hunter
(15338, 509, 15340, 1024, 0), -- Obsidian Destroyer -> Moam
(15343, 509, 15348, 1024, 0), -- Qiraji Swarmguard -> Kurinnaxx
(15355, 509, 15339, 1024, 0), -- Anubisath Guardian -> Ossirian the Unscarred
(15428, 509, 15339, 4112, 0), -- Sand Vortex -> Ossirian the Unscarred
(15461, 509, 15340, 1024, 0), -- Shrieker Scarab -> Moam
(15462, 509, 15340, 1024, 0), -- Spitting Scarab -> Moam
(15514, 509, 15370, 1030, 0), -- Buru Egg -> Buru the Gorger
(15546, 509, 15369, 4112, 0), -- Hive'Zara Swarmer -> Ayamiss the Hunter
(15934, 509, 15369, 4096, 0); -- Hive'Zara Hornet -> Ayamiss the Hunter

INSERT INTO `creature` (`guid`, `id`, `map`, `position_x`, `position_y`, `position_z`, `orientation`, `spawntimesecsmin`, `spawntimesecsmax`, `spawndist`, `currentwaypoint`, `DeathState`, `MovementType`) VALUES
(@CGUID+1, 15168, 509, -8532.81, 1467.03, 31.9923, 6.23083, 3600, 3600, 10, 0, 0, 1), -- Vile Scarab
(@CGUID+2, 15168, 509, -8566.46, 1399.42, 31.9903, 3.21141, 3600, 3600, 10, 0, 0, 1), -- Vile Scarab
(@CGUID+3, 15168, 509, -8600.14, 1466.59, 31.9903, 2.18166, 3600, 3600, 10, 0, 0, 1), -- Vile Scarab
(@CGUID+4, 15168, 509, -8600.33, 1600.62, 31.9904, 2.02458, 3600, 3600, 10, 0, 0, 1), -- Vile Scarab
(@CGUID+5, 15168, 509, -8665.98, 1566.63, 31.9904, 2.3911, 3600, 3600, 10, 0, 0, 1), -- Vile Scarab
(@CGUID+6, 15168, 509, -8666.03, 1432.59, 32.6509, 2.00713, 3600, 3600, 10, 0, 0, 1), -- Vile Scarab
(@CGUID+7, 15168, 509, -8666.48, 1667.62, 21.5036, 6.23083, 3600, 3600, 10, 0, 0, 1), -- Vile Scarab
(@CGUID+8, 15168, 509, -8666.83, 1499.21, 32.7247, 5.25344, 3600, 3600, 10, 0, 0, 1), -- Vile Scarab
(@CGUID+9, 15168, 509, -8733.77, 1600.12, 21.4697, 3.24631, 3600, 3600, 10, 0, 0, 1), -- Vile Scarab
(@CGUID+10, 15168, 509, -8848.91, 1845.96, 21.4697, 2.05949, 3600, 3600, 10, 0, 0, 1), -- Vile Scarab
(@CGUID+11, 15168, 509, -8917.9, 1547.61, 21.4697, 0.994838, 3600, 3600, 10, 0, 0, 1), -- Vile Scarab
(@CGUID+12, 15168, 509, -9000.71, 1700.1, 21.5722, 4.43314, 3600, 3600, 10, 0, 0, 1), -- Vile Scarab
(@CGUID+13, 15168, 509, -9066.02, 1733.49, 21.5309, 3.24631, 3600, 3600, 10, 0, 0, 1), -- Vile Scarab
(@CGUID+14, 15318, 509, -9494.1, 1385.02, 21.4696, 0, 7200, 7200, 3, 0, 0, 1), -- Hive'Zara Drone
(@CGUID+15, 15318, 509, -9489.29, 1377.07, 21.4239, 0, 7200, 7200, 3, 0, 0, 1), -- Hive'Zara Drone
(@CGUID+16, 15318, 509, -9563.06, 1500.71, 22.5985, 0, 7200, 7200, 3, 0, 0, 1), -- Hive'Zara Drone
(@CGUID+17, 15318, 509, -9574.33, 1482.41, 23.2879, 0, 7200, 7200, 3, 0, 0, 1), -- Hive'Zara Drone
(@CGUID+18, 15318, 509, -9601.26, 1416.93, 23.4417, 0, 7200, 7200, 3, 0, 0, 1), -- Hive'Zara Drone
(@CGUID+19, 15318, 509, -9601.54, 1401.81, 24.7593, 0, 7200, 7200, 3, 0, 0, 1), -- Hive'Zara Drone
(@CGUID+20, 15319, 509, -9504.08, 1392.79, 21.5113, 0, 7200, 7200, 3, 0, 0, 1), -- Hive'Zara Collector
(@CGUID+21, 15319, 509, -9512.38, 1385.91, 21.5113, 0, 7200, 7200, 3, 0, 0, 1), -- Hive'Zara Collector
(@CGUID+22, 15319, 509, -9577.05, 1507.54, 21.5113, 0, 7200, 7200, 3, 0, 0, 1), -- Hive'Zara Collector
(@CGUID+23, 15319, 509, -9592.78, 1497.2, 23.4605, 0, 7200, 7200, 3, 0, 0, 1), -- Hive'Zara Collector
(@CGUID+24, 15319, 509, -9579.89, 1380.55, 24.3395, 0, 7200, 7200, 3, 0, 0, 1), -- Hive'Zara Collector
(@CGUID+25, 15319, 509, -9590.5, 1406.24, 21.4804, 0, 7200, 7200, 3, 0, 0, 1), -- Hive'Zara Collector
(@CGUID+26, 15320, 509, -9193.53, 1459.78, 21.5113, 4.20948, 3520, 3520, 0, 0, 0, 0), -- Hive'Zara Soldier
(@CGUID+27, 15320, 509, -9224.24, 1384.02, 21.4697, 3.19395, 3520, 3520, 0, 0, 0, 0), -- Hive'Zara Soldier
(@CGUID+28, 15323, 509, -9187.02, 1463.77, 21.4697, 1.18682, 3520, 3520, 0, 0, 0, 0), -- Hive'Zara Sandstalker
(@CGUID+29, 15323, 509, -9189.15, 1452.48, 21.5292, 2.05949, 3520, 3520, 0, 0, 0, 0), -- Hive'Zara Sandstalker
(@CGUID+30, 15323, 509, -9227.63, 1391.41, 21.4067, 4.16572, 3520, 3520, 0, 0, 0, 0), -- Hive'Zara Sandstalker
(@CGUID+31, 15324, 509, -9162.49, 1518.8, 22.7809, 0.226893, 21600, 21600, 0, 0, 0, 0), -- Qiraji Gladiator
(@CGUID+32, 15324, 509, -9148.94, 1510.32, 21.9923, 0.942478, 21600, 21600, 0, 0, 0, 0), -- Qiraji Gladiator
(@CGUID+33, 15324, 509, -9067.32, 1673.46, 23.0715, 4.31096, 21600, 21600, 0, 0, 0, 0), -- Qiraji Gladiator
(@CGUID+34, 15324, 509, -9053.82, 1664.36, 22.9385, 3.9968, 21600, 21600, 0, 0, 0, 0), -- Qiraji Gladiator
(@CGUID+35, 15324, 509, -8706.15, 1552.28, 31.9903, 5.41052, 21600, 21600, 0, 0, 0, 0), -- Qiraji Gladiator
(@CGUID+36, 15324, 509, -8693.79, 1565.82, 31.9903, 5.35816, 21600, 21600, 0, 0, 0, 0), -- Qiraji Gladiator
(@CGUID+37, 15324, 509, -8531.85, 1515.69, 33.2644, 0.767945, 21600, 21600, 0, 0, 0, 0), -- Qiraji Gladiator
(@CGUID+38, 15324, 509, -8517.44, 1505.66, 33.3647, 0.837758, 21600, 21600, 0, 0, 0, 0), -- Qiraji Gladiator
(@CGUID+39, 15325, 509, -8604.94, 1618.06, 31.9073, 0, 21600, 21600, 0, 0, 0, 0), -- Hive'Zara Wasp
(@CGUID+40, 15325, 509, -8604.94, 1610.99, 31.9071, 0, 21600, 21600, 0, 0, 0, 0), -- Hive'Zara Wasp
(@CGUID+41, 15325, 509, -8537.96, 1456.85, 31.908, 0, 21600, 21600, 0, 0, 0, 0), -- Hive'Zara Wasp
(@CGUID+42, 15325, 509, -8537.96, 1449.78, 31.9072, 0, 21600, 21600, 0, 0, 0, 0), -- Hive'Zara Wasp
(@CGUID+43, 15325, 509, -8553.33, 1398.62, 31.9074, 0, 21600, 21600, 0, 0, 0, 0), -- Hive'Zara Wasp
(@CGUID+44, 15325, 509, -8553.33, 1391.55, 31.9075, 0, 21600, 21600, 0, 0, 0, 0), -- Hive'Zara Wasp
(@CGUID+45, 15325, 509, -8674.65, 1483.5, 31.9073, 0, 21600, 21600, 0, 0, 0, 0), -- Hive'Zara Wasp
(@CGUID+46, 15325, 509, -8674.65, 1476.43, 31.9075, 0, 21600, 21600, 0, 0, 0, 0), -- Hive'Zara Wasp
(@CGUID+47, 15325, 509, -8679.82, 1443.77, 31.9075, 0, 21600, 21600, 0, 0, 0, 0), -- Hive'Zara Wasp
(@CGUID+48, 15325, 509, -8679.82, 1436.7, 31.9115, 0, 21600, 21600, 0, 0, 0, 0), -- Hive'Zara Wasp
(@CGUID+49, 15325, 509, -8694.2, 1666.09, 25.517, 0, 21600, 21600, 0, 0, 0, 0), -- Hive'Zara Wasp
(@CGUID+50, 15325, 509, -8694.2, 1659.02, 23.7518, 0, 21600, 21600, 0, 0, 0, 0), -- Hive'Zara Wasp
(@CGUID+51, 15325, 509, -8843, 1606.78, 20.8365, 0, 21600, 21600, 0, 0, 0, 0), -- Hive'Zara Wasp
(@CGUID+52, 15325, 509, -8843, 1599.71, 21.3867, 0, 21600, 21600, 0, 0, 0, 0), -- Hive'Zara Wasp
(@CGUID+53, 15325, 509, -8764.61, 1577.5, 24.2457, 0, 21600, 21600, 0, 0, 0, 0), -- Hive'Zara Wasp
(@CGUID+54, 15325, 509, -8764.61, 1570.42, 29.9706, 0, 21600, 21600, 0, 0, 0, 0), -- Hive'Zara Wasp
(@CGUID+55, 15325, 509, -8800.64, 1660.19, 21.3826, 0, 21600, 21600, 0, 0, 0, 0), -- Hive'Zara Wasp
(@CGUID+56, 15325, 509, -8800.64, 1653.12, 21.3807, 0, 21600, 21600, 0, 0, 0, 0), -- Hive'Zara Wasp
(@CGUID+57, 15325, 509, -8601.47, 1372.66, 31.9071, 0, 21600, 21600, 0, 0, 0, 0), -- Hive'Zara Wasp
(@CGUID+58, 15325, 509, -8601.47, 1365.59, 31.9091, 0, 21600, 21600, 0, 0, 0, 0), -- Hive'Zara Wasp
(@CGUID+59, 15325, 509, -9656.24, 1592.58, 31.9073, 0, 21600, 21600, 0, 0, 0, 0), -- Hive'Zara Wasp
(@CGUID+60, 15325, 509, -9656.24, 1583.34, 31.9071, 0, 21600, 21600, 0, 0, 0, 0), -- Hive'Zara Wasp
(@CGUID+61, 15325, 509, -9658.95, 1589.87, 31.9073, 0, 21600, 21600, 0, 0, 0, 0), -- Hive'Zara Wasp
(@CGUID+62, 15325, 509, -9658.95, 1586.04, 31.9071, 0, 21600, 21600, 0, 0, 0, 0), -- Hive'Zara Wasp
(@CGUID+63, 15325, 509, -9595.78, 1607.54, 31.9073, 0, 21600, 21600, 0, 0, 0, 0), -- Hive'Zara Wasp
(@CGUID+64, 15325, 509, -9595.78, 1598.3, 31.9071, 0, 21600, 21600, 0, 0, 0, 0), -- Hive'Zara Wasp
(@CGUID+65, 15325, 509, -9598.49, 1604.84, 31.9073, 0, 21600, 21600, 0, 0, 0, 0), -- Hive'Zara Wasp
(@CGUID+66, 15325, 509, -9598.49, 1601.01, 31.9071, 0, 21600, 21600, 0, 0, 0, 0), -- Hive'Zara Wasp
(@CGUID+67, 15325, 509, -9667.26, 1558.07, 31.9073, 0, 21600, 21600, 0, 0, 0, 0), -- Hive'Zara Wasp
(@CGUID+68, 15325, 509, -9667.26, 1548.84, 31.9071, 0, 21600, 21600, 0, 0, 0, 0), -- Hive'Zara Wasp
(@CGUID+69, 15325, 509, -9669.96, 1555.37, 31.9073, 0, 21600, 21600, 0, 0, 0, 0), -- Hive'Zara Wasp
(@CGUID+70, 15325, 509, -9669.96, 1551.54, 31.9071, 0, 21600, 21600, 0, 0, 0, 0), -- Hive'Zara Wasp
(@CGUID+71, 15325, 509, -9645.62, 1560.99, 31.9073, 0, 21600, 21600, 0, 0, 0, 0), -- Hive'Zara Wasp
(@CGUID+72, 15325, 509, -9645.62, 1551.75, 31.9071, 0, 21600, 21600, 0, 0, 0, 0), -- Hive'Zara Wasp
(@CGUID+73, 15325, 509, -9648.33, 1558.28, 31.9073, 0, 21600, 21600, 0, 0, 0, 0), -- Hive'Zara Wasp
(@CGUID+74, 15325, 509, -9648.33, 1554.45, 31.9071, 0, 21600, 21600, 0, 0, 0, 0), -- Hive'Zara Wasp
(@CGUID+75, 15327, 509, -9654.33, 1587.96, 21.5113, 0, 21600, 21600, 0, 0, 0, 2), -- Hive'Zara Stinger
(@CGUID+76, 15327, 509, -9656.24, 1592.58, 31.9073, 0, 21600, 21600, 0, 0, 0, 0), -- Hive'Zara Stinger
(@CGUID+77, 15327, 509, -9656.24, 1583.34, 31.9071, 0, 21600, 21600, 0, 0, 0, 0), -- Hive'Zara Stinger
(@CGUID+78, 15327, 509, -9593.87, 1602.92, 21.5114, 0, 21600, 21600, 0, 0, 0, 2), -- Hive'Zara Stinger
(@CGUID+79, 15327, 509, -9595.78, 1607.54, 31.9073, 0, 21600, 21600, 0, 0, 0, 0), -- Hive'Zara Stinger
(@CGUID+80, 15327, 509, -9595.78, 1598.3, 31.9071, 0, 21600, 21600, 0, 0, 0, 0), -- Hive'Zara Stinger
(@CGUID+81, 15327, 509, -9665.34, 1553.45, 21.5113, 0, 21600, 21600, 0, 0, 0, 2), -- Hive'Zara Stinger
(@CGUID+82, 15327, 509, -9667.26, 1558.07, 31.9073, 0, 21600, 21600, 0, 0, 0, 0), -- Hive'Zara Stinger
(@CGUID+83, 15327, 509, -9667.26, 1548.84, 31.9071, 0, 21600, 21600, 0, 0, 0, 0), -- Hive'Zara Stinger
(@CGUID+84, 15327, 509, -9643.71, 1556.37, 21.5113, 0, 21600, 21600, 0, 0, 0, 2), -- Hive'Zara Stinger
(@CGUID+85, 15327, 509, -9645.62, 1560.99, 31.9073, 0, 21600, 21600, 0, 0, 0, 0), -- Hive'Zara Stinger
(@CGUID+86, 15327, 509, -9645.62, 1551.75, 31.9071, 0, 21600, 21600, 0, 0, 0, 0), -- Hive'Zara Stinger
(@CGUID+87, 15327, 509, -8601.4, 1614.53, 31.9299, 0, 21600, 21600, 0, 0, 0, 2), -- Hive'Zara Stinger
(@CGUID+88, 15327, 509, -8534.43, 1453.31, 32.032, 0, 21600, 21600, 0, 0, 0, 2), -- Hive'Zara Stinger
(@CGUID+89, 15327, 509, -8549.8, 1395.08, 32.032, 0, 21600, 21600, 0, 0, 0, 2), -- Hive'Zara Stinger
(@CGUID+90, 15327, 509, -8671.11, 1479.97, 32.0319, 0, 21600, 21600, 0, 0, 0, 2), -- Hive'Zara Stinger
(@CGUID+91, 15327, 509, -8676.28, 1440.23, 32.0313, 0, 21600, 21600, 0, 0, 0, 2), -- Hive'Zara Stinger
(@CGUID+92, 15327, 509, -8690.66, 1662.56, 23.0906, 0, 21600, 21600, 0, 0, 0, 2), -- Hive'Zara Stinger
(@CGUID+93, 15327, 509, -8839.47, 1603.25, 21.4307, 0, 21600, 21600, 0, 0, 0, 2), -- Hive'Zara Stinger
(@CGUID+94, 15327, 509, -8761.08, 1573.96, 24.669, 0, 21600, 21600, 0, 0, 0, 2), -- Hive'Zara Stinger
(@CGUID+95, 15327, 509, -8797.11, 1656.65, 21.4652, 0, 21600, 21600, 0, 0, 0, 2), -- Hive'Zara Stinger
(@CGUID+96, 15327, 509, -8597.94, 1369.12, 32.032, 0, 21600, 21600, 0, 0, 0, 2), -- Hive'Zara Stinger
(@CGUID+97, 15333, 509, -9454.14, 1478.27, 21.9098, 0, 7200, 7200, 10, 0, 0, 1), -- Silicate Feeder
(@CGUID+98, 15333, 509, -9459.7, 1449.44, 21.5113, 0, 7200, 7200, 10, 0, 0, 1), -- Silicate Feeder
(@CGUID+99, 15333, 509, -9483.07, 1451.08, 21.5639, 0, 7200, 7200, 10, 0, 0, 1), -- Silicate Feeder
(@CGUID+100, 15333, 509, -9450.05, 1421.97, 28.1765, 0, 7200, 7200, 10, 0, 0, 1), -- Silicate Feeder
(@CGUID+101, 15333, 509, -9513.56, 1479.65, 22.2486, 0, 7200, 7200, 10, 0, 0, 1), -- Silicate Feeder
(@CGUID+102, 15333, 509, -9490.96, 1377.26, 21.5113, 0, 7200, 7200, 10, 0, 0, 1), -- Silicate Feeder
(@CGUID+103, 15333, 509, -9505.34, 1333.31, 21.5113, 0, 7200, 7200, 10, 0, 0, 1), -- Silicate Feeder
(@CGUID+104, 15333, 509, -9508.57, 1374.4, 21.5957, 0, 7200, 7200, 10, 0, 0, 1), -- Silicate Feeder
(@CGUID+105, 15333, 509, -9515.23, 1454.33, 21.5901, 0, 7200, 7200, 10, 0, 0, 1), -- Silicate Feeder
(@CGUID+106, 15333, 509, -9491.53, 1360.08, 21.5113, 0, 7200, 7200, 10, 0, 0, 1), -- Silicate Feeder
(@CGUID+107, 15333, 509, -9512.14, 1355.35, 21.6165, 0, 7200, 7200, 10, 0, 0, 1), -- Silicate Feeder
(@CGUID+108, 15333, 509, -9551.56, 1409.27, 21.5113, 0, 7200, 7200, 10, 0, 0, 1), -- Silicate Feeder
(@CGUID+109, 15333, 509, -9482.93, 1476.49, 21.5113, 0, 7200, 7200, 10, 0, 0, 1), -- Silicate Feeder
(@CGUID+110, 15333, 509, -9559.84, 1520.47, 21.6515, 0, 7200, 7200, 10, 0, 0, 1), -- Silicate Feeder
(@CGUID+111, 15333, 509, -9574.34, 1512.6, 21.5778, 0, 7200, 7200, 10, 0, 0, 1), -- Silicate Feeder
(@CGUID+112, 15333, 509, -9545.74, 1387, 21.5177, 0, 7200, 7200, 10, 0, 0, 1), -- Silicate Feeder
(@CGUID+113, 15333, 509, -9581.65, 1491.3, 21.5113, 0, 7200, 7200, 10, 0, 0, 1), -- Silicate Feeder
(@CGUID+114, 15333, 509, -9579.63, 1395.69, 21.5113, 0, 7200, 7200, 10, 0, 0, 1), -- Silicate Feeder
(@CGUID+115, 15333, 509, -9594.46, 1441.32, 22.4516, 0, 7200, 7200, 10, 0, 0, 1), -- Silicate Feeder
(@CGUID+116, 15333, 509, -9584.55, 1420.72, 21.5113, 0, 7200, 7200, 10, 0, 0, 1), -- Silicate Feeder
(@CGUID+117, 15333, 509, -9602.17, 1462.6, 21.5113, 0, 7200, 7200, 10, 0, 0, 1), -- Silicate Feeder
(@CGUID+118, 15333, 509, -9584, 1553.76, 21.6199, 0, 7200, 7200, 10, 0, 0, 1), -- Silicate Feeder
(@CGUID+119, 15333, 509, -9585.22, 1613.31, 23.2533, 0, 7200, 7200, 10, 0, 0, 1), -- Silicate Feeder
(@CGUID+120, 15333, 509, -9612.37, 1553.32, 21.6044, 0, 7200, 7200, 10, 0, 0, 1), -- Silicate Feeder
(@CGUID+121, 15333, 509, -9578.83, 1576.93, 21.7141, 0, 7200, 7200, 10, 0, 0, 1), -- Silicate Feeder
(@CGUID+122, 15333, 509, -9654.63, 1554.07, 21.5171, 0, 7200, 7200, 10, 0, 0, 1), -- Silicate Feeder
(@CGUID+123, 15333, 509, -9612.52, 1582.69, 21.8863, 0, 7200, 7200, 10, 0, 0, 1), -- Silicate Feeder
(@CGUID+124, 15333, 509, -9721.52, 1488.81, 21.666, 0, 7200, 7200, 10, 0, 0, 1), -- Silicate Feeder
(@CGUID+125, 15333, 509, -9654.82, 1581.08, 21.6016, 0, 7200, 7200, 10, 0, 0, 1), -- Silicate Feeder
(@CGUID+126, 15333, 509, -9612.97, 1617.02, 21.8657, 0, 7200, 7200, 10, 0, 0, 1), -- Silicate Feeder
(@CGUID+127, 15333, 509, -9681.8, 1551.27, 21.6371, 0, 7200, 7200, 10, 0, 0, 1), -- Silicate Feeder
(@CGUID+128, 15333, 509, -9641.95, 1616, 21.8403, 0, 7200, 7200, 10, 0, 0, 1), -- Silicate Feeder
(@CGUID+129, 15333, 509, -9678.7, 1578.13, 21.5177, 0, 7200, 7200, 10, 0, 0, 1), -- Silicate Feeder
(@CGUID+130, 15333, 509, -9747.84, 1513.58, 22.5953, 0, 7200, 7200, 10, 0, 0, 1), -- Silicate Feeder
(@CGUID+131, 15333, 509, -9587.78, 1643.62, 21.7198, 0, 7200, 7200, 10, 0, 0, 1), -- Silicate Feeder
(@CGUID+132, 15333, 509, -9741.56, 1486.36, 23.0929, 0, 7200, 7200, 10, 0, 0, 1), -- Silicate Feeder
(@CGUID+133, 15333, 509, -9615.77, 1642.61, 21.5624, 0, 7200, 7200, 10, 0, 0, 1), -- Silicate Feeder
(@CGUID+134, 15333, 509, -9669.85, 1652.36, 21.5133, 0, 7200, 7200, 10, 0, 0, 1), -- Silicate Feeder
(@CGUID+135, 15333, 509, -9650.34, 1651.37, 21.5823, 0, 7200, 7200, 10, 0, 0, 1), -- Silicate Feeder
(@CGUID+136, 15333, 509, -9655.47, 1675.04, 22.2827, 0, 7200, 7200, 10, 0, 0, 1), -- Silicate Feeder
(@CGUID+137, 15335, 509, -8873.04, 1860.57, 24.1218, 0, 21600, 21600, 0, 0, 0, 2), -- Flesh Hunter
(@CGUID+138, 15335, 509, -8947.69, 2247.55, 26.539, 0, 21600, 21600, 0, 0, 0, 2), -- Flesh Hunter
(@CGUID+139, 15335, 509, -9290.1, 1380.39, 21.483, 0, 21600, 21600, 0, 0, 0, 2), -- Flesh Hunter
(@CGUID+140, 15335, 509, -9378.19, 1284.21, -16.6126, 0, 21600, 21600, 0, 0, 0, 2), -- Flesh Hunter
(@CGUID+141, 15335, 509, -9329.67, 1302.04, -64.3899, 0, 21600, 21600, 3, 0, 0, 1), -- Flesh Hunter
(@CGUID+142, 15336, 509, -9479.98, 1370.8, 23.4108, 0, 7200, 7200, 3, 0, 0, 1), -- Hive'Zara Tail Lasher
(@CGUID+143, 15336, 509, -9523.09, 1384.06, 21.5113, 0, 7200, 7200, 3, 0, 0, 1), -- Hive'Zara Tail Lasher
(@CGUID+144, 15336, 509, -9580.99, 1481.15, 21.8463, 0, 7200, 7200, 3, 0, 0, 1), -- Hive'Zara Tail Lasher
(@CGUID+145, 15336, 509, -9572.92, 1493.35, 21.4345, 0, 7200, 7200, 3, 0, 0, 1), -- Hive'Zara Tail Lasher
(@CGUID+146, 15336, 509, -9595.52, 1427.91, 22.6834, 0, 7200, 7200, 3, 0, 0, 1), -- Hive'Zara Tail Lasher
(@CGUID+147, 15336, 509, -9592.34, 1390.45, 24.9715, 0, 7200, 7200, 3, 0, 0, 1), -- Hive'Zara Tail Lasher
(@CGUID+148, 15338, 509, -9001.42, 1714.95, 21.4432, 0, 21600, 21600, 0, 0, 0, 2), -- Obsidian Destroyer
(@CGUID+149, 15338, 509, -8802.06, 1921.19, 21.5113, 0, 21600, 21600, 0, 0, 0, 2), -- Obsidian Destroyer
(@CGUID+150, 15338, 509, -8875.27, 1810.16, 21.5277, 0, 21600, 21600, 0, 0, 0, 2), -- Obsidian Destroyer
(@CGUID+151, 15338, 509, -8892.27, 1893.26, 21.7709, 0, 21600, 21600, 0, 0, 0, 2), -- Obsidian Destroyer
(@CGUID+152, 15338, 509, -9042.73, 1737.67, 21.734, 0, 21600, 21600, 0, 0, 0, 2), -- Obsidian Destroyer
(@CGUID+153, 15338, 509, -8985.67, 1928.49, 21.3905, 0, 21600, 21600, 0, 0, 0, 2), -- Obsidian Destroyer
(@CGUID+154, 15338, 509, -9128.89, 2235.46, 21.5114, 0, 21600, 21600, 0, 0, 0, 2), -- Obsidian Destroyer
(@CGUID+155, 15338, 509, -8783.41, 2098.07, 21.9928, 0, 21600, 21600, 0, 0, 0, 2), -- Obsidian Destroyer
(@CGUID+156, 15338, 509, -8779.9, 2018.76, 21.7045, 0, 21600, 21600, 0, 0, 0, 2), -- Obsidian Destroyer
(@CGUID+157, 15339, 509, -9493.6, 2030.27, 105.48, 5.52243, 259200, 259200, 0, 0, 0, 0), -- Ossirian the Unscarred
(@CGUID+158, 15340, 509, -8845.52, 2260.14, 21.4697, 4.64258, 259200, 259200, 0, 0, 0, 0), -- Moam
(@CGUID+159, 15341, 509, -9129.73, 1602.5, 26.5441, 5.53269, 259200, 259200, 0, 0, 0, 0), -- General Rajaxx
(@CGUID+160, 15343, 509, -8605.82, 1458.3, 32.032, 3.00197, 21600, 21600, 0, 0, 0, 2), -- Qiraji Swarmguard
(@CGUID+161, 15343, 509, -8634.81, 1443.31, 32.485, 3.01942, 21600, 21600, 0, 0, 0, 2), -- Qiraji Swarmguard
(@CGUID+162, 15343, 509, -8586.89, 1427.87, 33.0639, 6.05629, 21600, 21600, 0, 0, 0, 2), -- Qiraji Swarmguard
(@CGUID+163, 15343, 509, -8707.97, 1495.3, 32.032, 5.9549, 21600, 21600, 0, 0, 0, 2), -- Qiraji Swarmguard
(@CGUID+164, 15343, 509, -8677.87, 1540.74, 31.9674, 0.0412672, 21600, 21600, 0, 0, 0, 2), -- Qiraji Swarmguard
(@CGUID+165, 15343, 509, -8643.2, 1418.83, 32.9521, 5.51512, 21600, 21600, 0, 0, 0, 2), -- Qiraji Swarmguard
(@CGUID+166, 15344, 509, -8991.15, 1554, 21.6539, 2.77507, 604800, 604800, 0, 0, 0, 0), -- Swarmguard Needler
(@CGUID+167, 15344, 509, -9003.75, 1536.16, 21.4697, 2.63545, 604800, 604800, 0, 0, 0, 0), -- Swarmguard Needler
(@CGUID+168, 15344, 509, -9012.13, 1608.77, 24.8693, 3.14159, 604800, 604800, 0, 0, 0, 0), -- Swarmguard Needler
(@CGUID+169, 15344, 509, -9014.36, 1597.68, 21.4697, 3.03687, 604800, 604800, 0, 0, 0, 0), -- Swarmguard Needler
(@CGUID+170, 15344, 509, -9020.15, 1586.73, 21.4697, 2.94961, 604800, 604800, 0, 0, 0, 0), -- Swarmguard Needler
(@CGUID+171, 15344, 509, -9022.04, 1612.05, 22.8073, 3.15905, 604800, 604800, 0, 0, 0, 0), -- Swarmguard Needler
(@CGUID+172, 15344, 509, -9022.71, 1505.88, 21.5596, 2.40855, 604800, 604800, 0, 0, 0, 0), -- Swarmguard Needler
(@CGUID+173, 15344, 509, -9029.94, 1498.08, 22.1401, 2.33874, 604800, 604800, 0, 0, 0, 0), -- Swarmguard Needler
(@CGUID+174, 15344, 509, -9031.99, 1592.26, 21.4697, 2.98451, 604800, 604800, 0, 0, 0, 0), -- Swarmguard Needler
(@CGUID+175, 15344, 509, -9038.44, 1491.04, 23.2296, 2.26893, 604800, 604800, 0, 0, 0, 0), -- Swarmguard Needler
(@CGUID+176, 15344, 509, -9070.71, 1634.37, 21.4812, 3.49066, 604800, 604800, 0, 0, 0, 0), -- Swarmguard Needler
(@CGUID+177, 15344, 509, -9071.04, 1622.14, 21.4697, 3.33358, 604800, 604800, 0, 0, 0, 0), -- Swarmguard Needler
(@CGUID+178, 15344, 509, -9071.76, 1611.28, 21.4721, 3.1765, 604800, 604800, 0, 0, 0, 0), -- Swarmguard Needler
(@CGUID+179, 15344, 509, -9076.42, 1530.23, 21.4697, 2.23402, 604800, 604800, 0, 0, 0, 0), -- Swarmguard Needler
(@CGUID+180, 15344, 509, -9078.8, 1622.8, 21.4697, 3.36849, 604800, 604800, 0, 0, 0, 0), -- Swarmguard Needler
(@CGUID+181, 15344, 509, -9083.14, 1524.76, 21.4697, 2.14675, 604800, 604800, 0, 0, 0, 0), -- Swarmguard Needler
(@CGUID+182, 15344, 509, -9091.76, 1519.37, 21.4697, 2.05949, 604800, 604800, 0, 0, 0, 0), -- Swarmguard Needler
(@CGUID+183, 15344, 509, -9092.34, 1586.27, 21.4696, 2.68781, 604800, 604800, 0, 0, 0, 0), -- Swarmguard Needler
(@CGUID+184, 15344, 509, -9097.29, 1578.36, 21.4696, 2.51327, 604800, 604800, 0, 0, 0, 0), -- Swarmguard Needler
(@CGUID+185, 15344, 509, -9102.55, 1569.42, 21.4757, 2.32129, 604800, 604800, 0, 0, 0, 0), -- Swarmguard Needler
(@CGUID+186, 15344, 509, -9113.94, 1546.06, 21.4696, 1.95477, 604800, 604800, 0, 0, 0, 0), -- Swarmguard Needler
(@CGUID+187, 15344, 509, -9132.83, 1539.1, 21.4696, 1.65806, 604800, 604800, 0, 0, 0, 0), -- Swarmguard Needler
(@CGUID+188, 15348, 509, -8824.54, 1629.52, 20.446, 5.83658, 259200, 259200, 5, 0, 0, 1), -- Kurinnaxx
(@CGUID+189, 15355, 509, -9290.14, 1888.33, 85.6807, 0, 3520, 3520, 0, 0, 0, 2), -- Anubisath Guardian
(@CGUID+190, 15355, 509, -9285.01, 1845.87, 85.5974, 0, 3520, 3520, 0, 0, 0, 2), -- Anubisath Guardian
(@CGUID+191, 15355, 509, -9378.37, 1742.62, 85.6808, 0, 3520, 3520, 0, 0, 0, 2), -- Anubisath Guardian
(@CGUID+192, 15355, 509, -9341.98, 1844.11, 85.1575, 0, 3520, 3520, 0, 0, 0, 2), -- Anubisath Guardian
(@CGUID+193, 15355, 509, -9273.63, 1940.64, 85.6807, 0, 3520, 3520, 0, 0, 0, 2), -- Anubisath Guardian
(@CGUID+194, 15355, 509, -9282.03, 1949.15, 85.6807, 0, 3520, 3520, 0, 0, 0, 2), -- Anubisath Guardian
(@CGUID+195, 15355, 509, -9305.47, 1976.09, 85.6807, 0, 3520, 3520, 0, 0, 0, 2), -- Anubisath Guardian
(@CGUID+196, 15355, 509, -9334.3, 1916.92, 85.6798, 0, 3520, 3520, 0, 0, 0, 2), -- Anubisath Guardian
(@CGUID+197, 15369, 509, -9719.611, 1514.752, 27.55229, 0.7679449, 259200, 259200, 0, 0, 0, 0), -- Ayamiss the Hunter
(@CGUID+198, 15370, 509, -9235.98, 1234.07, -63.6578, 2.06274, 259200, 259200, 3, 0, 0, 1), -- Buru the Gorger
(@CGUID+199, 15385, 509, -9108.29, 1584.17, 21.471, 5.75959, 604800, 604800, 0, 0, 0, 0), -- Colonel Zerran
(@CGUID+200, 15386, 509, -9085.03, 1622.4, 21.4697, 3.36849, 604800, 604800, 0, 0, 0, 0), -- Major Yeggeth
(@CGUID+201, 15387, 509, -8994.83, 1542.27, 21.6486, 2.70526, 604800, 604800, 0, 0, 0, 0), -- Qiraji Warrior
(@CGUID+202, 15387, 509, -8998.05, 1560.15, 22.1308, 2.80998, 604800, 604800, 0, 0, 0, 0), -- Qiraji Warrior
(@CGUID+203, 15387, 509, -9001.26, 1549.05, 22.0209, 2.72271, 604800, 604800, 0, 0, 0, 0), -- Qiraji Warrior
(@CGUID+204, 15387, 509, -9010.7, 1542.47, 21.4697, 2.6529, 604800, 604800, 0, 0, 0, 0), -- Qiraji Warrior
(@CGUID+205, 15387, 509, -9023.85, 1601.58, 21.4697, 3.07178, 604800, 604800, 0, 0, 0, 0), -- Qiraji Warrior
(@CGUID+206, 15387, 509, -9030.08, 1512.31, 21.4706, 2.40855, 604800, 604800, 0, 0, 0, 0), -- Qiraji Warrior
(@CGUID+207, 15387, 509, -9038.83, 1505.32, 21.5906, 2.33874, 604800, 604800, 0, 0, 0, 0), -- Qiraji Warrior
(@CGUID+208, 15387, 509, -9046.5, 1498.26, 22.0108, 2.26893, 604800, 604800, 0, 0, 0, 0), -- Qiraji Warrior
(@CGUID+209, 15387, 509, -9066.89, 1521.48, 21.4697, 2.25147, 604800, 604800, 0, 0, 0, 0), -- Qiraji Warrior
(@CGUID+210, 15387, 509, -9074, 1515.24, 21.4697, 2.16421, 604800, 604800, 0, 0, 0, 0), -- Qiraji Warrior
(@CGUID+211, 15387, 509, -9078.07, 1635.03, 21.4697, 3.54302, 604800, 604800, 0, 0, 0, 0), -- Qiraji Warrior
(@CGUID+212, 15387, 509, -9080.05, 1612.09, 21.4697, 3.19395, 604800, 604800, 0, 0, 0, 0), -- Qiraji Warrior
(@CGUID+213, 15387, 509, -9082.67, 1510.19, 21.5131, 2.07694, 604800, 604800, 0, 0, 0, 0), -- Qiraji Warrior
(@CGUID+214, 15387, 509, -9098.18, 1589.88, 21.47, 2.70526, 604800, 604800, 0, 0, 0, 0), -- Qiraji Warrior
(@CGUID+215, 15387, 509, -9102.67, 1581.56, 21.471, 2.49582, 604800, 604800, 0, 0, 0, 0), -- Qiraji Warrior
(@CGUID+216, 15387, 509, -9107.89, 1574.31, 21.4863, 2.30383, 604800, 604800, 0, 0, 0, 0), -- Qiraji Warrior
(@CGUID+217, 15387, 509, -9117.37, 1553.28, 21.4696, 1.93732, 604800, 604800, 0, 0, 0, 0), -- Qiraji Warrior
(@CGUID+218, 15387, 509, -9123.58, 1541.55, 21.4696, 1.79769, 604800, 604800, 0, 0, 0, 0), -- Qiraji Warrior
(@CGUID+219, 15387, 509, -9125.76, 1549.29, 21.4696, 1.78024, 604800, 604800, 0, 0, 0, 0), -- Qiraji Warrior
(@CGUID+220, 15387, 509, -9134.14, 1546.72, 21.4696, 1.64061, 604800, 604800, 0, 0, 0, 0), -- Qiraji Warrior
(@CGUID+221, 15388, 509, -9127.98, 1558.54, 21.6879, 1.79769, 604800, 604800, 0, 0, 0, 0), -- Major Pakkon
(@CGUID+222, 15389, 509, -9033.17, 1604.66, 21.4697, 3.08923, 604800, 604800, 0, 0, 0, 0), -- Captain Drenn
(@CGUID+223, 15390, 509, -9087.01, 1530.26, 21.4697, 2.14675, 604800, 604800, 0, 0, 0, 0), -- Captain Xurrem
(@CGUID+224, 15391, 509, -9007.4, 1556.87, 21.6039, 5.51524, 604800, 604800, 0, 0, 0, 0), -- Captain Qeez
(@CGUID+225, 15392, 509, -9041.36, 1512.58, 21.4748, 2.33874, 604800, 604800, 0, 0, 0, 0), -- Captain Tuubid
(@CGUID+226, 15426, 509, -8680.66, 1585.61, 33.1911, 2.54818, 120, 120, 0, 0, 0, 0), -- Ahn'Qiraj Trigger
(@CGUID+227, 15461, 509, -8900.69, 1727.25, 24.3461, 0, 21600, 21600, 5, 0, 0, 1), -- Shrieker Scarab
(@CGUID+228, 15461, 509, -8914.26, 1742.91, 22.0113, 0, 21600, 21600, 5, 0, 0, 1), -- Shrieker Scarab
(@CGUID+229, 15461, 509, -8880.35, 1770.7, 24.445, 0, 21600, 21600, 5, 0, 0, 1), -- Shrieker Scarab
(@CGUID+230, 15461, 509, -8915.76, 1778.08, 21.7308, 0, 21600, 21600, 5, 0, 0, 1), -- Shrieker Scarab
(@CGUID+231, 15461, 509, -8934.18, 1762.24, 22.2246, 0, 21600, 21600, 5, 0, 0, 1), -- Shrieker Scarab
(@CGUID+232, 15461, 509, -9052.18, 1860.62, 23.1457, 0, 21600, 21600, 5, 0, 0, 1), -- Shrieker Scarab
(@CGUID+233, 15461, 509, -9036.04, 1873.91, 21.8181, 0, 21600, 21600, 5, 0, 0, 1), -- Shrieker Scarab
(@CGUID+234, 15461, 509, -9027.96, 1838.34, 21.4139, 0, 21600, 21600, 5, 0, 0, 1), -- Shrieker Scarab
(@CGUID+235, 15461, 509, -9015.55, 1865.99, 21.9854, 0, 21600, 21600, 5, 0, 0, 1), -- Shrieker Scarab
(@CGUID+236, 15461, 509, -9038.26, 1895.25, 22.7613, 0, 21600, 21600, 5, 0, 0, 1), -- Shrieker Scarab
(@CGUID+237, 15461, 509, -8960.71, 1991.46, 22.0744, 0, 21600, 21600, 5, 0, 0, 1), -- Shrieker Scarab
(@CGUID+238, 15461, 509, -8944.33, 1987.3, 21.572, 0, 21600, 21600, 5, 0, 0, 1), -- Shrieker Scarab
(@CGUID+239, 15461, 509, -8936.28, 2012.22, 22.8863, 0, 21600, 21600, 5, 0, 0, 1), -- Shrieker Scarab
(@CGUID+240, 15461, 509, -8933.26, 2026.92, 23.4071, 0, 21600, 21600, 5, 0, 0, 1), -- Shrieker Scarab
(@CGUID+241, 15461, 509, -8938.12, 2034.67, 22.7115, 0, 21600, 21600, 5, 0, 0, 1), -- Shrieker Scarab
(@CGUID+242, 15461, 509, -8818.19, 1927.24, 22.4211, 0, 21600, 21600, 5, 0, 0, 1), -- Shrieker Scarab
(@CGUID+243, 15461, 509, -8805.18, 1934.11, 21.4509, 0, 21600, 21600, 5, 0, 0, 1), -- Shrieker Scarab
(@CGUID+244, 15461, 509, -8792.73, 1944.01, 21.5709, 0, 21600, 21600, 5, 0, 0, 1), -- Shrieker Scarab
(@CGUID+245, 15461, 509, -8779.63, 1927.8, 27.1992, 0, 21600, 21600, 5, 0, 0, 1), -- Shrieker Scarab
(@CGUID+246, 15461, 509, -8778.4, 1947.31, 28.1363, 0, 21600, 21600, 5, 0, 0, 1), -- Shrieker Scarab
(@CGUID+247, 15461, 509, -9092.58, 2208.42, 21.399, 0, 21600, 21600, 5, 0, 0, 1), -- Shrieker Scarab
(@CGUID+248, 15461, 509, -9096.59, 2190.66, 21.5264, 0, 21600, 21600, 5, 0, 0, 1), -- Shrieker Scarab
(@CGUID+249, 15461, 509, -9099.93, 2226.9, 21.4321, 0, 21600, 21600, 5, 0, 0, 1), -- Shrieker Scarab
(@CGUID+250, 15461, 509, -9118.39, 2222.72, 21.7834, 0, 21600, 21600, 5, 0, 0, 1), -- Shrieker Scarab
(@CGUID+251, 15461, 509, -9112.7, 2185.22, 21.7017, 0, 21600, 21600, 5, 0, 0, 1), -- Shrieker Scarab
(@CGUID+252, 15462, 509, -8934.51, 1745.81, 21.5121, 0, 21600, 21600, 5, 0, 0, 1), -- Spitting Scarab
(@CGUID+253, 15462, 509, -8897.33, 1763.66, 21.5113, 0, 21600, 21600, 5, 0, 0, 1), -- Spitting Scarab
(@CGUID+254, 15462, 509, -8928.41, 1757.76, 21.5709, 0, 21600, 21600, 5, 0, 0, 1), -- Spitting Scarab
(@CGUID+255, 15462, 509, -8890.03, 1741.55, 21.7629, 0, 21600, 21600, 5, 0, 0, 1), -- Spitting Scarab
(@CGUID+256, 15462, 509, -8892.66, 1790.65, 21.9545, 0, 21600, 21600, 5, 0, 0, 1), -- Spitting Scarab
(@CGUID+257, 15462, 509, -9052.43, 1851.17, 22.5182, 0, 21600, 21600, 5, 0, 0, 1), -- Spitting Scarab
(@CGUID+258, 15462, 509, -9039.1, 1826.13, 22.9693, 0, 21600, 21600, 5, 0, 0, 1), -- Spitting Scarab
(@CGUID+259, 15462, 509, -9053.79, 1872, 25.1763, 0, 21600, 21600, 5, 0, 0, 1), -- Spitting Scarab
(@CGUID+260, 15462, 509, -9023.98, 1857.41, 21.44, 0, 21600, 21600, 5, 0, 0, 1), -- Spitting Scarab
(@CGUID+261, 15462, 509, -9045.01, 1887.68, 24.1098, 0, 21600, 21600, 5, 0, 0, 1), -- Spitting Scarab
(@CGUID+262, 15462, 509, -8949.8, 1981.9, 21.7988, 0, 21600, 21600, 5, 0, 0, 1), -- Spitting Scarab
(@CGUID+263, 15462, 509, -8984.65, 1996.08, 23.2325, 0, 21600, 21600, 5, 0, 0, 1), -- Spitting Scarab
(@CGUID+264, 15462, 509, -8931.82, 1993.84, 23.22, 0, 21600, 21600, 5, 0, 0, 1), -- Spitting Scarab
(@CGUID+265, 15462, 509, -8961.84, 2037.14, 21.9954, 0, 21600, 21600, 5, 0, 0, 1), -- Spitting Scarab
(@CGUID+266, 15462, 509, -8986.09, 2006.35, 22.9745, 0, 21600, 21600, 5, 0, 0, 1), -- Spitting Scarab
(@CGUID+267, 15462, 509, -8785.46, 1913.36, 23.8924, 0, 21600, 21600, 5, 0, 0, 1), -- Spitting Scarab
(@CGUID+268, 15462, 509, -8800.18, 1951.54, 21.4583, 0, 21600, 21600, 5, 0, 0, 1), -- Spitting Scarab
(@CGUID+269, 15462, 509, -8774.19, 1955.72, 30.4158, 0, 21600, 21600, 5, 0, 0, 1), -- Spitting Scarab
(@CGUID+270, 15462, 509, -8778.42, 1938.9, 29.201, 0, 21600, 21600, 5, 0, 0, 1), -- Spitting Scarab
(@CGUID+271, 15462, 509, -8770.38, 1966.52, 30.5113, 0, 21600, 21600, 5, 0, 0, 1), -- Spitting Scarab
(@CGUID+272, 15462, 509, -9127.25, 2210.42, 21.456, 0, 21600, 21600, 5, 0, 0, 1), -- Spitting Scarab
(@CGUID+273, 15462, 509, -9112.87, 2197.4, 21.388, 0, 21600, 21600, 5, 0, 0, 1), -- Spitting Scarab
(@CGUID+274, 15462, 509, -9106.81, 2210.72, 21.6139, 0, 21600, 21600, 5, 0, 0, 1), -- Spitting Scarab
(@CGUID+275, 15462, 509, -9108.62, 2221.69, 21.5492, 0, 21600, 21600, 5, 0, 0, 1), -- Spitting Scarab
(@CGUID+276, 15462, 509, -9088.33, 2220.44, 22.4991, 0, 21600, 21600, 5, 0, 0, 1), -- Spitting Scarab
(@CGUID+277, 15505, 509, -8948.96, 1861.46, 3.36, 0, 30, 30, 3, 0, 0, 1), -- Canal Frenzy
(@CGUID+278, 15505, 509, -8938.79, 1854.3, 2.76588, 0, 30, 30, 3, 0, 0, 1), -- Canal Frenzy
(@CGUID+279, 15505, 509, -8930.02, 1870.29, 5.01374, 0, 30, 30, 3, 0, 0, 1), -- Canal Frenzy
(@CGUID+280, 15505, 509, -8931.28, 1852.24, 4.11584, 0, 30, 30, 3, 0, 0, 1), -- Canal Frenzy
(@CGUID+281, 15505, 509, -8939.11, 1846.93, 2.4288, 0, 30, 30, 3, 0, 0, 1), -- Canal Frenzy
(@CGUID+282, 15505, 509, -8981.37, 	1815.49, 4.08643, 0, 30, 30, 3, 0, 0, 1), -- Canal Frenzy
(@CGUID+283, 15505, 509, -8996.21, 	1819.62, 7.68891, 0, 30, 30, 3, 0, 0, 1), -- Canal Frenzy
(@CGUID+284, 15505, 509, -8984.5, 	1807.39, 5.57548, 0, 30, 30, 3, 0, 0, 1), -- Canal Frenzy
(@CGUID+285, 15505, 509, -8972.43, 	1825.5, 3.84647, 0, 30, 30, 3, 0, 0, 1), -- Canal Frenzy
(@CGUID+286, 15505, 509, -8974.2, 	1807.21, 1.86357, 0, 30, 30, 3, 0, 0, 1), -- Canal Frenzy
(@CGUID+287, 15505, 509, -8865.27, 	2080.98, 3.72569, 0, 30, 30, 3, 0, 0, 1), -- Canal Frenzy
(@CGUID+288, 15505, 509, -8859.37, 	2069.79, 4.91068, 0, 30, 30, 3, 0, 0, 1), -- Canal Frenzy
(@CGUID+289, 15505, 509, -8874.9, 	2058.62, 4.53535, 0, 30, 30, 3, 0, 0, 1), -- Canal Frenzy
(@CGUID+290, 15505, 509, -8854.23, 	2062.05, 4.94087, 0, 30, 30, 3, 0, 0, 1), -- Canal Frenzy
(@CGUID+291, 15505, 509, -8860.42, 	2064.21, 4.50275, 0, 30, 30, 3, 0, 0, 1), -- Canal Frenzy
(@CGUID+292, 15505, 509, -8896.75, 	2136.01, 5.99136, 0, 30, 30, 3, 0, 0, 1), -- Canal Frenzy
(@CGUID+293, 15505, 509, -8888.75, 	2123.68, 5.88528, 0, 30, 30, 3, 0, 0, 1), -- Canal Frenzy
(@CGUID+294, 15505, 509, -8878.2, 	2128.49, 7.60161, 0, 30, 30, 3, 0, 0, 1), -- Canal Frenzy
(@CGUID+295, 15505, 509, -8870.66, 	2109.14, 6.55681, 0, 30, 30, 3, 0, 0, 1), -- Canal Frenzy
(@CGUID+296, 15505, 509, -8889.57, 	2115.47, 7.0993, 0, 30, 30, 3, 0, 0, 1), -- Canal Frenzy
(@CGUID+297, 15505, 509, -8879.05, 	1950.67, 7.41129, 0, 30, 30, 3, 0, 0, 1), -- Canal Frenzy
(@CGUID+298, 15505, 509, -8884.49, 	1926.34, 4.51749, 0, 30, 30, 3, 0, 0, 1), -- Canal Frenzy
(@CGUID+299, 15505, 509, -8869.73, 	1932.07, 9.82024, 0, 30, 30, 3, 0, 0, 1), -- Canal Frenzy
(@CGUID+300, 15505, 509, -8871.87, 	1957.29, 6, 0, 30, 30, 3, 0, 0, 1), -- Canal Frenzy
(@CGUID+301, 15505, 509, -8884.96, 	1936.57, 5.73546, 0, 30, 30, 3, 0, 0, 1), -- Canal Frenzy
(@CGUID+302, 15505, 509, -8918.05, 	2159.83, 5.669, 0, 30, 30, 3, 0, 0, 1), -- Canal Frenzy
(@CGUID+303, 15505, 509, -8919.87, 	2171.92, 9.15629, 0, 30, 30, 3, 0, 0, 1), -- Canal Frenzy
(@CGUID+304, 15505, 509, -8915.97, 	2154.23, 5.85223, 0, 30, 30, 3, 0, 0, 1), -- Canal Frenzy
(@CGUID+305, 15505, 509, -8925.8, 	2154.81, 6.16087, 0, 30, 30, 3, 0, 0, 1), -- Canal Frenzy
(@CGUID+306, 15505, 509, -8937.43, 	2176.47, 4.86259, 0, 30, 30, 3, 0, 0, 1), -- Canal Frenzy
(@CGUID+307, 15514, 509, -9270.39, 	1243.9,  -63.7673, 2.72271, 3520, 3520, 0, 0, 0, 0), -- Buru Egg
(@CGUID+308, 15514, 509, -9300.07, 	1305.08, -63.6971, 4.18879, 3520, 3520, 0, 0, 0, 0), -- Buru Egg
(@CGUID+309, 15514, 509, -9300.19, 	1266.67, -63.7427, 0.261799, 3520, 3520, 0, 0, 0, 0), -- Buru Egg
(@CGUID+310, 15514, 509, -9243.43, 	1280.5,  -63.5938, 3.82227, 3520, 3520, 0, 0, 0, 0), -- Buru Egg
(@CGUID+311, 15514, 509, -9263.01, 	1295.24, -63.8081, 1.79769, 3520, 3520, 0, 0, 0, 0), -- Buru Egg
(@CGUID+312, 15514, 509, -9234.33, 	1243.83, -63.5281, 3.49066, 3520, 3520, 0, 0, 0, 0), -- Buru Egg
(@CGUID+313, 15590, 509, -9407.72, 	1960.2,  85.6391,  1.11701, 300, 300, 0, 0, 0, 0), -- Ossirian Crystal Trigger - must be first and only spawned
(@CGUID+314, 15590, 509, -9383.292, 2012.68, 85.63906, 1.117011, 0, 0, 0, 0, 0, 0), -- Ossirian Crystal Trigger
(@CGUID+315, 15590, 509, -9432.396, 1782.53, 85.63908, 5.864306, 0, 0, 0, 0, 0, 0), -- Ossirian Crystal Trigger
(@CGUID+316, 15590, 509, -9367.171, 1780.89, 85.63908, 1.902409, 0, 0, 0, 0, 0, 0), -- Ossirian Crystal Trigger
(@CGUID+317, 15590, 509, -9244.413, 1808.98, 85.63908, 5.637414, 0, 0, 0, 0, 0, 0), -- Ossirian Crystal Trigger
(@CGUID+318, 15590, 509, -9248.413, 1974.83, 85.63908, 5.899213, 0, 0, 0, 0, 0, 0), -- Ossirian Crystal Trigger
(@CGUID+319, 15590, 509, -9299.727, 1748.45, 85.63907, 1.448623, 0, 0, 0, 0, 0, 0), -- Ossirian Crystal Trigger
(@CGUID+320, 15590, 509, -9357.861, 1929.08, 85.63907, 1.064651, 0, 0, 0, 0, 0, 0), -- Ossirian Crystal Trigger
(@CGUID+321, 15590, 509, -9282.08, 	1887.34, 85.63908, 2.007129, 0, 0, 0, 0, 0, 0), -- Ossirian Crystal Trigger
(@CGUID+322, 15590, 509, -9506.192, 1865.57, 85.63909, 4.276057, 0, 0, 0, 0, 0, 0), -- Ossirian Crystal Trigger
(@CGUID+323, 15590, 509, -9188.444, 1940.21, 85.63905, 3.176499, 0, 0, 0, 0, 0, 0), -- Ossirian Crystal Trigger

(@CGUID+324, 15320, 509, -9154.13, 1292.98, 21.4696, 4.27605, 3520, 3520, 0, 0, 0, 0), -- Hive'Zara Soldier
(@CGUID+325, 15320, 509, -9315.08, 1380.05, 21.4346, 3.20942, 3520, 3520, 0, 0, 0, 0), -- Hive'Zara Soldier
(@CGUID+326, 15320, 509, -9398.32, 1388.03, 21.5402, 1.71951, 3520, 3520, 0, 0, 0, 0), -- Hive'Zara Soldier
(@CGUID+327, 15320, 509, -9354.81, 1211.92, 21.4901, 1.69426, 3520, 3520, 0, 0, 0, 0), -- Hive'Zara Soldier

(@CGUID+328, 15323, 509, -9236.35, 1396.04, 21.4697, 2.51327, 3520, 3520, 0, 0, 0, 0), -- Hive'Zara Sandstalker
(@CGUID+329, 15323, 509, -9149.69, 1284.75, 21.4697, 0.50614, 3520, 3520, 0, 0, 0, 0), -- Hive'Zara Sandstalker
(@CGUID+330, 15323, 509, -9141.97, 1292.71, 21.4697, 1.71042, 3520, 3520, 0, 0, 0, 0), -- Hive'Zara Sandstalker
(@CGUID+331, 15323, 509, -9301.52, 1385.10, 21.4697, 5.67232, 3520, 3520, 0, 0, 0, 0), -- Hive'Zara Sandstalker
(@CGUID+332, 15323, 509, -9311.37, 1389.40, 21.5097, 5.53269, 3520, 3520, 0, 0, 0, 0), -- Hive'Zara Sandstalker
(@CGUID+333, 15323, 509, -9379.34, 1401.02, 21.4720, 3.31612, 3520, 3520, 0, 0, 0, 0), -- Hive'Zara Sandstalker
(@CGUID+334, 15323, 509, -9386.64, 1393.38, 21.3868, 5.12030, 3520, 3520, 0, 0, 0, 0), -- Hive'Zara Sandstalker
(@CGUID+335, 15323, 509, -9359.12, 1217.69, 21.4696, 3.12413, 3520, 3520, 0, 0, 0, 0), -- Hive'Zara Sandstalker
(@CGUID+336, 15323, 509, -9344.64, 1208.04, 21.4770, 0.55358, 3520, 3520, 0, 0, 0, 0); -- Hive'Zara Sandstalker


-- ===========
-- GAMEOBJECTS
-- ===========

INSERT INTO `gameobject` (`guid`, `id`, `map`, `position_x`, `position_y`, `position_z`, `orientation`, `rotation0`, `rotation1`, `rotation2`, `rotation3`, `spawntimesecsmin`, `spawntimesecsmax`, `animprogress`, `state`) VALUES
-- (@OGUID+1
(@OGUID+2, 180691, 509, -8938.36, 1860.11, 3.23041, 3.75246, 0, 0, -0.953716, 0.300708, 21600, 21600, 100, 1), -- Scarab Coffer
(@OGUID+3, 180691, 509, -9344.26, 1191.31, 22.0217, 1.309, 0, 0, 0.608761, 0.793354, 21600, 21600, 100, 1), -- Scarab Coffer
(@OGUID+4, 180691, 509, -9541.15, 1585.01, 26.5581, 4.04917, 0, 0, -0.898793, 0.438373, 21600, 21600, 100, 1), -- Scarab Coffer
(@OGUID+5, 180691, 509, -9694.64, 1653.44, 22.4991, 5.86431, 0, 0, -0.207912, 0.978148, 21600, 21600, 100, 1), -- Scarab Coffer
(@OGUID+6, 180691, 509, -9090.66, 1500.96, 24.4341, 0.977383, 0, 0, 0.469471, 0.882948, 21600, 21600, 100, 1), -- Scarab Coffer
(@OGUID+7, 180691, 509, -9121.05, 2180.52, 24.8621, 0.90757, 0, 0, 0.438371, 0.898794, 21600, 21600, 100, 1), -- Scarab Coffer
(@OGUID+8, 180691, 509, -9519.04, 2003.01, 109.034, 2.42601, 0, 0, 0.936672, 0.350207, 21600, 21600, 100, 1), -- Scarab Coffer
(@OGUID+9, 180691, 509, -8713.44, 1543.34, 32.2034, 0.767944, 0, 0, 0.374606, 0.927184, 21600, 21600, 100, 1), -- Scarab Coffer
(@OGUID+10, 180691, 509, -9006.97, 1988.6, 32.2369, 6.16101, 0, 0, -0.0610485, 0.998135, 21600, 21600, 100, 1), -- Scarab Coffer
(@OGUID+11, 180691, 509, -8772.14, 2003.6, 21.907, 2.91469, 0, 0, 0.993571, 0.113208, 21600, 21600, 100, 1); -- Scarab Coffer

-- ======
-- EVENTS
-- ======

-- INSERT INTO `game_event_creature` (`guid`, `event`) VALUES
-- INSERT INTO `game_event_creature_data` (`guid`, `entry_id`, `modelid`, `equipment_id`, `spell_start`, `spell_end`, `event`) VALUES
-- INSERT INTO `game_event_gameobject` (`guid`, `event`) VALUES

-- =======
-- POOLING
-- =======

-- INSERT INTO `pool_pool` (`pool_id`, `mother_pool`, `chance`, `description`) VALUES

INSERT INTO `pool_template` (`entry`, `max_limit`, `description`) VALUES
(@PGUID+1, 1, 'AQ20 - Hive''Zara Stinger / Hive''Zara Wasp'),
(@PGUID+2, 1, 'AQ20 - Hive''Zara Stinger / Hive''Zara Wasp'),
(@PGUID+3, 1, 'AQ20 - Hive''Zara Stinger / Hive''Zara Wasp'),
(@PGUID+4, 1, 'AQ20 - Hive''Zara Stinger / Hive''Zara Wasp'),
(@PGUID+5, 1, 'AQ20 - Hive''Zara Stinger / Hive''Zara Wasp'),
(@PGUID+6, 1, 'AQ20 - Hive''Zara Stinger / Hive''Zara Wasp'),
(@PGUID+7, 1, 'AQ20 - Hive''Zara Stinger / Hive''Zara Wasp'),
(@PGUID+8, 1, 'AQ20 - Hive''Zara Stinger / Hive''Zara Wasp');

INSERT INTO `pool_creature` (`guid`, `pool_entry`, `chance`, `description`) VALUES
(@CGUID+59, @PGUID+1, 25, 'AQ20 - Hive''Zara Stinger / Hive''Zara Wasp'),
(@CGUID+76, @PGUID+1, 75, 'AQ20 - Hive''Zara Stinger / Hive''Zara Wasp'),
(@CGUID+60, @PGUID+2, 25, 'AQ20 - Hive''Zara Stinger / Hive''Zara Wasp'),
(@CGUID+77, @PGUID+2, 75, 'AQ20 - Hive''Zara Stinger / Hive''Zara Wasp'),
(@CGUID+63, @PGUID+3, 25, 'AQ20 - Hive''Zara Stinger / Hive''Zara Wasp'),
(@CGUID+79, @PGUID+3, 75, 'AQ20 - Hive''Zara Stinger / Hive''Zara Wasp'),
(@CGUID+64, @PGUID+4, 25, 'AQ20 - Hive''Zara Stinger / Hive''Zara Wasp'),
(@CGUID+80, @PGUID+4, 75, 'AQ20 - Hive''Zara Stinger / Hive''Zara Wasp'),
(@CGUID+67, @PGUID+5, 25, 'AQ20 - Hive''Zara Stinger / Hive''Zara Wasp'),
(@CGUID+82, @PGUID+5, 75, 'AQ20 - Hive''Zara Stinger / Hive''Zara Wasp'),
(@CGUID+68, @PGUID+6, 25, 'AQ20 - Hive''Zara Stinger / Hive''Zara Wasp'),
(@CGUID+83, @PGUID+6, 75, 'AQ20 - Hive''Zara Stinger / Hive''Zara Wasp'),
(@CGUID+71, @PGUID+7, 25, 'AQ20 - Hive''Zara Stinger / Hive''Zara Wasp'),
(@CGUID+85, @PGUID+7, 75, 'AQ20 - Hive''Zara Stinger / Hive''Zara Wasp'),
(@CGUID+72, @PGUID+8, 25, 'AQ20 - Hive''Zara Stinger / Hive''Zara Wasp'),
(@CGUID+86, @PGUID+8, 75, 'AQ20 - Hive''Zara Stinger / Hive''Zara Wasp');

-- INSERT INTO `pool_creature_template` (`id`, `pool_entry`, `chance`, `description`) VALUES
-- INSERT INTO `pool_gameobject` (`guid`, `pool_entry`, `chance`, `description`) VALUES
-- INSERT INTO `pool_gameobject_template` (`id`, `pool_entry`, `chance`, `description`) VALUES

-- =========
-- DBSCRIPTS
-- =========

DELETE FROM dbscripts_on_creature_movement WHERE id=1534301;
INSERT INTO `dbscripts_on_creature_movement` (`id`, `delay`, `command`, `datalong`, `datalong2`, `datalong3`, `buddy_entry`, `search_radius`, `data_flags`, `dataint`, `dataint2`, `dataint3`, `dataint4`, `x`, `y`, `z`, `o`, `comments`) VALUES
(1534301, 0, 25, 1, 0, 0, 0, 0, 0, 0, 0, 0, 0, 0, 0, 0, 0, 'AQ20 - Qiraji Swarmguard');

INSERT INTO `dbscripts_on_creature_death` (`id`, `delay`, `command`, `datalong`, `datalong2`, `datalong3`, `buddy_entry`, `search_radius`, `data_flags`, `dataint`, `dataint2`, `dataint3`, `dataint4`, `x`, `y`, `z`, `o`, `comments`) VALUES
(15338, 1000, 15, 27627, 1, 0, 0, 0, 0, 0, 0, 0, 0, 0, 0, 0, 0, 'drops small obsidian chunk'), -- Obsidian Destroyer
(15340, 1000, 15, 27630, 1, 0, 0, 0, 0, 0, 0, 0, 0, 0, 0, 0, 0, 'drops large obsidian chunk'), -- Moam
(15355, 1000, 15, 27627, 1, 0, 0, 0, 0, 0, 0, 0, 0, 0, 0, 0, 0, 'drops small obsidian chunk'); -- Anubisath Guardian

-- INSERT INTO `dbscripts_on_go_use` (`id`, `delay`, `command`, `datalong`, `datalong2`, `datalong3`, `buddy_entry`, `search_radius`, `data_flags`, `dataint`, `dataint2`, `dataint3`, `dataint4`, `x`, `y`, `z`, `o`, `comments`) VALUES
-- INSERT INTO `dbscripts_on_go_template_use` (`id`, `delay`, `command`, `datalong`, `datalong2`, `datalong3`, `buddy_entry`, `search_radius`, `data_flags`, `dataint`, `dataint2`, `dataint3`, `dataint4`, `x`, `y`, `z`, `o`, `comments`) VALUES
-- INSERT INTO `dbscripts_on_relay` (`id`, `delay`, `command`, `datalong`, `datalong2`, `datalong3`, `buddy_entry`, `search_radius`, `data_flags`, `dataint`, `dataint2`, `dataint3`, `dataint4`, `x`, `y`, `z`, `o`, `comments`) VALUES
-- INSERT INTO `dbscripts_on_event` (`id`, `delay`, `command`, `datalong`, `datalong2`, `datalong3`, `buddy_entry`, `search_radius`, `data_flags`, `dataint`, `dataint2`, `dataint3`, `dataint4`, `x`, `y`, `z`, `o`, `comments`) VALUES
-- INSERT INTO `dbscripts_on_spell` (`id`, `delay`, `command`, `datalong`, `datalong2`, `datalong3`, `buddy_entry`, `search_radius`, `data_flags`, `dataint`, `dataint2`, `dataint3`, `dataint4`, `x`, `y`, `z`, `o`, `comments`) VALUES
-- INSERT INTO `dbscripts_on_gossip` (`id`, `delay`, `command`, `datalong`, `datalong2`, `datalong3`, `buddy_entry`, `search_radius`, `data_flags`, `dataint`, `dataint2`, `dataint3`, `dataint4`, `x`, `y`, `z`, `o`, `comments`) VALUES
-- INSERT INTO `dbscripts_on_quest_start` (`id`, `delay`, `command`, `datalong`, `datalong2`, `datalong3`, `buddy_entry`, `search_radius`, `data_flags`, `dataint`, `dataint2`, `dataint3`, `dataint4`, `x`, `y`, `z`, `o`, `comments`) VALUES
-- INSERT INTO `dbscripts_on_quest_end` (`id`, `delay`, `command`, `datalong`, `datalong2`, `datalong3`, `buddy_entry`, `search_radius`, `data_flags`, `dataint`, `dataint2`, `dataint3`, `dataint4`, `x`, `y`, `z`, `o`, `comments`) VALUES
-- INSERT INTO `dbscript_string` (`entry`, `content_default`, `sound`, `type`, `language`, `emote`, `comment`) VALUES
-- INSERT INTO `dbscript_random_templates` (`id`, `type`, `target_id`, `chance`, `comments`) VALUES


