/* DBScriptData
DBName: Arathi Basin
DBScriptName: -
DB%Complete: 50
DBComment:
EndDBScriptData */

SET @CGUID := 5290000; -- creatures
SET @OGUID := 5290000; -- gameobjects
SET @PGUID := 47500; -- pools

-- =========
-- CREATURES
-- =========

INSERT INTO `creature_movement` (`id`, `point`, `position_x`, `position_y`, `position_z`, `orientation`, `waittime`, `script_id`) VALUES
(@CGUID+13, 1, 808.426, 793.589, -58.0535, 3.22879, 3004, 0),
(@CGUID+13, 2, 808.394, 798.17, -57.9756, 1.21817, 3533, 0),
(@CGUID+13, 3, 814.635, 793.59, -57.8651, 0.018859, 8379, 0),
(@CGUID+13, 4, 815.008, 790.493, -57.8593, 0.112316, 1654, 0),
(@CGUID+13, 5, 800.198, 811.324, -56.8584, 2.56668, 7872, 0),
(@CGUID+13, 6, 795.391, 815.464, -56.8783, 3.46989, 5667, 0),
(@CGUID+13, 7, 792.893, 823.584, -56.5689, 2.53605, 2671, 0),
(@CGUID+13, 8, 813.987, 820.72, -57.7645, 5.83001, 1392, 0),
(@CGUID+13, 9, 827.665, 821.556, -57.83, 0.230122, 8696, 0),
(@CGUID+13, 10, 827.657, 814.864, -57.7975, 4.90717, 3947, 0),
(@CGUID+13, 11, 850.714, 823.462, -57.6773, 0.413906, 2561, 0),
(@CGUID+13, 12, 846.036, 838.136, -58.051, 1.94622, 11901, 0),
(@CGUID+13, 13, 841.583, 830.8, -57.6973, 4.42258, 2964, 0),
(@CGUID+13, 14, 830.843, 813.734, -57.9343, 4.09271, 3139, 0),
(@CGUID+13, 15, 820.159, 794.371, -57.9789, 4.1257, 5694, 0),
(@CGUID+13, 16, 815.228, 796.714, -57.9394, 2.69156, 2804, 0),
(@CGUID+14, 1, 842.644, 866.055, -57.4533, 1.18439, 3795, 0),
(@CGUID+14, 2, 852.173, 848.883, -57.9313, 5.21349, 8931, 0),
(@CGUID+14, 3, 836.294, 849.474, -57.9301, 4.8522, 4873, 0),
(@CGUID+14, 4, 815.194, 861.154, -57.7196, 2.81017, 4217, 0),
(@CGUID+14, 5, 825.47, 864.003, -57.8441, 5.43811, 8260, 0),
(@CGUID+15, 1, 825.01, 872.257, -58.0294, 0.505021, 2345, 0),
(@CGUID+15, 2, 837.483, 857.659, -57.9177, 5.35093, 5283, 0),
(@CGUID+15, 3, 839.355, 858.285, -57.8775, 0.304743, 3849, 0),
(@CGUID+15, 4, 840.442, 869.134, -57.6836, 1.51818, 1087, 0),
(@CGUID+15, 5, 847.261, 875.99, -58.1707, 2.14258, 8837, 0),
(@CGUID+16, 1, 786.967, 827.043, -56.3262, 1.17103, 3086, 0),
(@CGUID+16, 2, 788.653, 825.506, -56.3613, 6.08448, 2957, 0),
(@CGUID+16, 3, 789.357, 818.569, -56.7158, 4.85455, 5799, 0),
(@CGUID+16, 4, 791.285, 819.559, -56.6291, 5.00378, 1604, 0),
(@CGUID+16, 5, 795.04, 813.851, -56.9177, 3.69609, 2863, 0),
(@CGUID+16, 6, 795.626, 812.455, -56.9097, 5.10981, 7461, 0),
(@CGUID+17, 1, 815.934, 831.093, -57.1858, 4.79721, 2716, 0),
(@CGUID+17, 2, 816.621, 823.044, -57.6485, 4.80114, 2629, 0),
(@CGUID+17, 3, 827.287, 822.643, -57.8605, 0.025912, 3999, 0),
(@CGUID+17, 4, 841.879, 838.065, -57.9406, 0.921266, 9683, 0),
(@CGUID+17, 5, 837.265, 829.35, -57.6588, 5.75932, 2108, 0),
(@CGUID+17, 6, 820.095, 820.47, -57.5677, 3.67409, 3543, 0),
(@CGUID+18, 1, 806.716, 840.924, -57.1893, 0.126464, 3765, 0),
(@CGUID+18, 2, 819.861, 842.423, -56.5404, 6.26985, 1010, 0),
(@CGUID+18, 3, 806.528, 846.554, -57.3853, 0.253697, 7005, 0),
(@CGUID+18, 4, 809.777, 858.267, -57.6747, 1.12156, 3027, 0),
(@CGUID+18, 5, 818.128, 863.298, -57.7158, 0.779914, 1758, 0),
(@CGUID+18, 6, 818.62, 872.881, -58.3548, 1.48677, 7855, 0),
(@CGUID+18, 7, 812.964, 858.931, -57.6869, 4.31421, 1761, 0),
(@CGUID+18, 8, 794.782, 835.811, -57.2515, 4.24352, 2713, 0),
(@CGUID+19, 1, 852.31, 829.634, -57.6896, 5.10039, 2069, 0),
(@CGUID+19, 2, 835.28, 820.912, -57.9793, 3.50603, 3961, 0),
(@CGUID+19, 3, 830.433, 811.139, -57.9504, 2.5879, 3601, 0),
(@CGUID+19, 4, 818.193, 792.89, -58.0447, 4.22938, 5369, 0),
(@CGUID+19, 5, 818.594, 794.609, -58.0788, 3.9702, 9481, 0),
(@CGUID+19, 6, 809.64, 801.128, -58.3399, 4.55139, 2122, 0),
(@CGUID+19, 7, 796.84, 831.903, -57.3397, 3.26334, 10543, 0),
(@CGUID+19, 8, 812.405, 860.097, -57.7292, 2.05775, 1807, 0),
(@CGUID+21, 1, 847.688, 826.182, -58.0001, 4.62051, 2532, 0),
(@CGUID+21, 2, 851.26, 822.972, -57.6852, 5.55513, 10966, 0),
(@CGUID+21, 3, 856.455, 830.741, -57.7849, 5.4334, 4768, 0),
(@CGUID+21, 4, 856.592, 839.699, -57.6939, 1.56531, 3377, 0),
(@CGUID+21, 5, 844.073, 845.907, -58.1808, 3.22643, 7387, 0),
(@CGUID+21, 6, 838.74, 831.469, -57.7209, 4.53804, 11991, 0),
(@CGUID+23, 1, 811.165, 791.479, -57.9454, 5.43261, 3602, 0),
(@CGUID+23, 2, 809.834, 795.483, -57.9583, 1.96509, 2600, 0),
(@CGUID+23, 3, 827.271, 792.153, -57.1461, 5.41691, 1195, 0),
(@CGUID+23, 4, 823.529, 810.991, -58.1888, 1.8669, 10945, 0),
(@CGUID+23, 5, 824.54, 816.311, -57.7849, 1.21895, 3174, 0),
(@CGUID+23, 6, 826.184, 820.989, -57.7354, 1.3132, 5667, 0),
(@CGUID+23, 7, 835.182, 819.947, -57.9508, 1.2221, 2565, 0),
(@CGUID+23, 8, 814.764, 792.736, -57.8604, 4.08487, 9742, 0),
(@CGUID+24, 1, 825.51, 864.762, -57.8652, 3.12197, 3480, 0),
(@CGUID+24, 2, 824.887, 873.029, -58.0319, 1.7004, 1669, 0),
(@CGUID+24, 3, 836.632, 868.466, -57.8605, 0.455543, 9795, 0),
(@CGUID+24, 4, 850.482, 849.839, -57.9177, 5.20328, 11016, 0),
(@CGUID+24, 5, 846.737, 837.594, -57.9777, 5.85123, 3152, 0),
(@CGUID+24, 6, 837.982, 847.81, -58.0682, 5.57242, 2749, 0),
(@CGUID+24, 7, 820.119, 851.974, -57.5024, 3.20052, 1927, 0),
(@CGUID+24, 8, 827.431, 849.04, -57.9639, 4.45323, 3655, 0),
(@CGUID+25, 1, 844.104, 855.348, -57.8722, 5.67529, 1888, 0),
(@CGUID+25, 2, 842.121, 847.965, -58.1176, 4.45007, 2179, 0),
(@CGUID+25, 3, 851.108, 837.967, -57.7789, 3.9859, 1232, 0),
(@CGUID+25, 4, 857.274, 830.664, -57.825, 5.20012, 1625, 0),
(@CGUID+25, 5, 853.641, 841.776, -57.7655, 0.579626, 3430, 0),
(@CGUID+25, 6, 845.857, 852.125, -57.9457, 1.92894, 2275, 0),
(@CGUID+26, 1, 814.181, 832.797, -57.1717, 1.85982, 1394, 0),
(@CGUID+26, 2, 816.722, 823.185, -57.6435, 4.64014, 1340, 0),
(@CGUID+26, 3, 820.519, 816.323, -57.9861, 5.15458, 1518, 0),
(@CGUID+26, 4, 824.942, 821.424, -57.6946, 0.952692, 2571, 0),
(@CGUID+26, 5, 825.333, 819.935, -57.7012, 5.00535, 6510, 0),
(@CGUID+26, 6, 828.781, 813.864, -57.7975, 5.22526, 1301, 0),
(@CGUID+27, 1, 824.218, 819.821, -57.6688, 5.42004, 4021, 0),
(@CGUID+27, 2, 807.554, 825.622, -57.6242, 2.83216, 10731, 0),
(@CGUID+27, 3, 795.87, 825.488, -56.5525, 3.6097, 9700, 0),
(@CGUID+27, 4, 802.211, 839.872, -57.4637, 1.15533, 2288, 0),
(@CGUID+27, 5, 810.982, 859.285, -57.7836, 0.829391, 3917, 0),
(@CGUID+27, 6, 828.482, 858.138, -57.9306, 5.84023, 9599, 0),
(@CGUID+27, 7, 838.589, 848.8, -58.0172, 5.53471, 2720, 0),
(@CGUID+27, 8, 846.65, 824.878, -58.0107, 5.03127, 3475, 0),
(@CGUID+28, 1, 801.355, 844.601, -57.3065, 5.27238, 2289, 0),
(@CGUID+28, 2, 803.996, 828.678, -57.5163, 4.93466, 9917, 0),
(@CGUID+28, 3, 796.498, 825.123, -56.5821, 3.53665, 3317, 0),
(@CGUID+28, 4, 795.273, 848, -56.2417, 1.68311, 5640, 0),
(@CGUID+29, 1, 812.093, 1161.07, 11.6124, 2.3911, 28019, 0),
(@CGUID+29, 2, 815.943, 1163.97, 11.5277, 1.014, 0, 0),
(@CGUID+29, 3, 813.262, 1170.93, 11.529, 2.34132, 0, 0),
(@CGUID+29, 4, 802.771, 1181.09, 11.9217, 2.93822, 0, 0),
(@CGUID+29, 5, 814.673, 1168.52, 11.529, 5.25122, 0, 0),
(@CGUID+29, 6, 816.251, 1161.14, 11.529, 4.49174, 0, 0),
(@CGUID+30, 1, 838.966, 1241.34, 16.6564, 3.75246, 27024, 0),
(@CGUID+30, 2, 871.397, 1226.97, 13.6868, 4.60656, 0, 0),
(@CGUID+30, 3, 869.321, 1210.09, 11.6024, 4.42278, 0, 0),
(@CGUID+30, 4, 851.229, 1189.97, 11.2942, 3.93976, 0, 0),
(@CGUID+30, 5, 839.346, 1178.4, 11.5808, 3.88086, 0, 0),
(@CGUID+30, 6, 869.654, 1213.85, 12.115, 1.0652, 0, 0),
(@CGUID+30, 7, 867.655, 1231.93, 13.7126, 2.34148, 0, 0),
(@CGUID+31, 1, 830.316, 1136.88, 11.3574, 5.14872, 34034, 0),
(@CGUID+31, 2, 825.755, 1144.56, 10.7164, 3.57674, 0, 0),
(@CGUID+31, 3, 818.221, 1162.47, 11.5277, 2.0138, 0, 0),
(@CGUID+31, 4, 811.817, 1171.99, 11.9258, 2.35937, 0, 0),
(@CGUID+31, 5, 806.543, 1177.23, 11.9217, 2.35937, 0, 0),
(@CGUID+31, 6, 807.454, 1189.27, 11.9217, 1.67608, 0, 0),
(@CGUID+31, 7, 808.21, 1176.15, 11.9217, 5.26849, 0, 0),
(@CGUID+31, 8, 815.415, 1168.42, 11.5289, 5.30462, 0, 0),
(@CGUID+32, 1, 815.829, 1088.29, 9.53132, 0.0523599, 29383, 0),
(@CGUID+32, 2, 811.046, 1098.45, 10.3829, 2.03267, 0, 0),
(@CGUID+32, 3, 806.918, 1109.26, 9.73662, 1.92428, 0, 0),
(@CGUID+32, 4, 802.232, 1121.96, 8.96341, 1.92428, 0, 0),
(@CGUID+32, 5, 810.308, 1132.28, 10.3239, 0.906405, 0, 0),
(@CGUID+32, 6, 823.42, 1141.72, 10.6818, 0.623662, 0, 0),
(@CGUID+32, 7, 821.359, 1152.21, 11.415, 1.93528, 0, 0),
(@CGUID+32, 8, 815.307, 1167.9, 11.5276, 2.22902, 0, 0),
(@CGUID+32, 9, 804.945, 1179.01, 11.9217, 1.96984, 0, 0),
(@CGUID+32, 10, 802.614, 1183.86, 11.9217, 2.84633, 0, 0),
(@CGUID+32, 11, 808.908, 1184.48, 11.9217, 1.52136, 0, 0),
(@CGUID+32, 12, 836.18, 1157.77, 11.2569, 5.47034, 0, 0),
(@CGUID+32, 13, 834.318, 1150.36, 11.0257, 4.46425, 0, 0),
(@CGUID+32, 14, 808.268, 1125.49, 9.86842, 3.88541, 0, 0),
(@CGUID+32, 15, 804.744, 1116.83, 9.58028, 5.04858, 0, 0),
(@CGUID+32, 16, 811.779, 1097.18, 10.3661, 5.12398, 0, 0),
(@CGUID+33, 1, 909.461, 1232.72, 6.57686, 3.29867, 29293, 0),
(@CGUID+33, 2, 894.942, 1240.7, 11.5506, 4.0892, 0, 0),
(@CGUID+33, 3, 885.279, 1220.91, 12.3312, 4.12926, 0, 0),
(@CGUID+33, 4, 869.443, 1203.36, 10.4678, 4.18816, 0, 0),
(@CGUID+33, 5, 865.402, 1189.98, 9.63517, 3.99182, 0, 0),
(@CGUID+33, 6, 856.853, 1182.88, 9.89618, 3.73263, 0, 0),
(@CGUID+33, 7, 838.18, 1180.52, 11.7499, 3.40041, 0, 0),
(@CGUID+33, 8, 869.49, 1214.8, 12.347, 1.01201, 0, 0),
(@CGUID+33, 9, 874.487, 1228.13, 13.6989, 1.1958, 0, 0),
(@CGUID+33, 10, 886.98, 1236.78, 13.3288, 0.547842, 0, 0),
(@CGUID+34, 1, 908.642, 1183.09, 5.05999, 0.820305, 34028, 0),
(@CGUID+34, 2, 874.697, 1193.55, 8.85727, 3.03676, 0, 0),
(@CGUID+34, 3, 843.233, 1163.39, 10.9572, 3.65251, 0, 0),
(@CGUID+34, 4, 835.935, 1163.25, 11.405, 2.5129, 0, 0),
(@CGUID+34, 5, 814.928, 1180.01, 13.272, 2.36367, 0, 0),
(@CGUID+34, 6, 811.967, 1193.39, 11.9218, 2.13591, 0, 0),
(@CGUID+34, 7, 811.638, 1184.44, 11.9218, 5.39531, 0, 0),
(@CGUID+34, 8, 836.668, 1159.05, 11.2831, 5.68748, 0, 0),
(@CGUID+34, 9, 854.085, 1176.07, 10.029, 0.594957, 0, 0),
(@CGUID+34, 10, 881.044, 1183.72, 9.76558, 5.72361, 0, 0),
(@CGUID+35, 1, 873.048, 1264.44, 18.8553, 1.39626, 31949, 0),
(@CGUID+35, 2, 851.079, 1252.21, 18.8914, 3.77855, 0, 0),
(@CGUID+35, 3, 845.136, 1247.07, 17.334, 3.8296, 0, 0),
(@CGUID+35, 4, 862.299, 1233.21, 13.7602, 5.60539, 0, 0),
(@CGUID+35, 5, 871.286, 1231.39, 13.7082, 6.0837, 0, 0),
(@CGUID+35, 6, 872.171, 1221.39, 13.4875, 4.79721, 0, 0),
(@CGUID+35, 7, 868.037, 1210.58, 11.8656, 4.34404, 0, 0),
(@CGUID+35, 8, 852.683, 1189.16, 10.9555, 4.13434, 0, 0),
(@CGUID+35, 9, 843.711, 1186.4, 11.5708, 3.43612, 0, 0),
(@CGUID+35, 10, 836.231, 1184.02, 11.7787, 3.71729, 0, 0),
(@CGUID+35, 11, 847.509, 1198.22, 12.5195, 0.898496, 0, 0),
(@CGUID+35, 12, 870.899, 1208.26, 11.2677, 1.40036, 0, 0),
(@CGUID+35, 13, 872.405, 1229.68, 13.7038, 2.02711, 0, 0),
(@CGUID+35, 14, 847.104, 1243.91, 17.2914, 2.53055, 0, 0),
(@CGUID+36, 1, 884.481, 1176.69, 9.99647, 4.08407, 33573, 0),
(@CGUID+36, 2, 874.697, 1193.55, 8.85727, 3.03676, 0, 0),
(@CGUID+36, 3, 843.233, 1163.39, 10.9572, 3.65251, 0, 0),
(@CGUID+36, 4, 835.935, 1163.25, 11.405, 2.5129, 0, 0),
(@CGUID+36, 5, 814.928, 1180.01, 13.272, 2.36367, 0, 0),
(@CGUID+36, 6, 808.492, 1191.16, 11.9218, 2.4485, 0, 0),
(@CGUID+36, 7, 811.638, 1184.44, 11.9218, 5.39531, 0, 0),
(@CGUID+36, 8, 836.668, 1159.05, 11.2831, 5.68748, 0, 0),
(@CGUID+36, 9, 854.085, 1176.07, 10.029, 0.594957, 0, 0),
(@CGUID+36, 10, 881.044, 1183.72, 9.76558, 5.72361, 0, 0),
(@CGUID+37, 1, 751.68, 1198.45, 18.232, 3.35103, 30306, 0),
(@CGUID+37, 2, 761.273, 1200.36, 16.2111, 5.42952, 0, 0),
(@CGUID+37, 3, 779.311, 1184.15, 13.6695, 5.55126, 0, 0),
(@CGUID+37, 4, 781.117, 1171.4, 13.1886, 5.53633, 0, 0),
(@CGUID+37, 5, 813.15, 1137.83, 10.5433, 5.64472, 0, 0),
(@CGUID+37, 6, 824.886, 1145.8, 10.7187, 0.563979, 0, 0),
(@CGUID+37, 7, 839.078, 1156.38, 11.2101, 0.809024, 0, 0),
(@CGUID+37, 8, 821.956, 1173.88, 13.3448, 2.58167, 0, 0),
(@CGUID+37, 9, 810.042, 1184.06, 11.9217, 2.38296, 0, 0),
(@CGUID+37, 10, 803.446, 1179.88, 11.9217, 3.49037, 0, 0),
(@CGUID+37, 11, 808.689, 1185.85, 11.9218, 4.43992, 0, 0),
(@CGUID+37, 12, 806.965, 1177.79, 11.9218, 4.73444, 0, 0),
(@CGUID+37, 13, 816.723, 1165.23, 11.5289, 5.32192, 0, 0),
(@CGUID+37, 14, 816.309, 1156.34, 11.5289, 4.2687, 0, 0),
(@CGUID+37, 15, 806.723, 1150.74, 11.5379, 3.14165, 0, 0),
(@CGUID+37, 16, 791.43, 1164.1, 12.2332, 2.42301, 0, 0),
(@CGUID+37, 17, 780.429, 1181.68, 13.2637, 2.12692, 0, 0),
(@CGUID+37, 18, 759.163, 1203.68, 16.2194, 2.34604, 0, 0),
(@CGUID+38, 1, 760.732, 1083.22, 15.693, 4.03171, 27652, 0),
(@CGUID+38, 2, 773.909, 1117.07, 14.6674, 1.05168, 0, 0),
(@CGUID+38, 3, 784.217, 1123.61, 11.765, 0.562378, 0, 0),
(@CGUID+38, 4, 800.59, 1123.25, 8.9222, 6.2573, 0, 0),
(@CGUID+38, 5, 822.811, 1141.38, 10.677, 0.612644, 0, 0),
(@CGUID+38, 6, 838.891, 1155.38, 11.2005, 0.907168, 0, 0),
(@CGUID+38, 7, 809.057, 1184.9, 11.9216, 2.44105, 0, 0),
(@CGUID+38, 8, 811.502, 1194.44, 11.9216, 1.75776, 0, 0),
(@CGUID+38, 9, 807.832, 1185.81, 11.9218, 4.91505, 0, 0),
(@CGUID+38, 10, 807.555, 1175.36, 11.9218, 4.80667, 0, 0),
(@CGUID+38, 11, 815.563, 1167.34, 11.5289, 5.33367, 0, 0),
(@CGUID+38, 12, 820.857, 1155.35, 11.5201, 5.12554, 0, 0),
(@CGUID+38, 13, 824.762, 1145.64, 10.718, 4.9771, 0, 0),
(@CGUID+38, 14, 807.652, 1131.71, 10.1855, 3.82413, 0, 0),
(@CGUID+38, 15, 784.69, 1123.35, 11.6281, 3.50997, 0, 0),
(@CGUID+38, 16, 773.849, 1115.41, 14.5111, 3.83984, 0, 0),
(@CGUID+39, 1, 767.403, 1118.95, 17.3766, 2.33874, 30985, 0),
(@CGUID+39, 2, 773.909, 1117.07, 14.6674, 1.05168, 0, 0),
(@CGUID+39, 3, 784.217, 1123.61, 11.765, 0.562378, 0, 0),
(@CGUID+39, 4, 800.59, 1123.25, 8.9222, 6.2573, 0, 0),
(@CGUID+39, 5, 822.811, 1141.38, 10.677, 0.612644, 0, 0),
(@CGUID+39, 6, 838.891, 1155.38, 11.2005, 0.907168, 0, 0),
(@CGUID+39, 7, 809.057, 1184.9, 11.9216, 2.44105, 0, 0),
(@CGUID+39, 8, 811.502, 1194.44, 11.9216, 1.75776, 0, 0),
(@CGUID+39, 9, 807.832, 1185.81, 11.9218, 4.91505, 0, 0),
(@CGUID+39, 10, 807.555, 1175.36, 11.9218, 4.80667, 0, 0),
(@CGUID+39, 11, 815.563, 1167.34, 11.5289, 5.33367, 0, 0),
(@CGUID+39, 12, 820.857, 1155.35, 11.5201, 5.12554, 0, 0),
(@CGUID+39, 13, 824.762, 1145.64, 10.718, 4.9771, 0, 0),
(@CGUID+39, 14, 807.652, 1131.71, 10.1855, 3.82413, 0, 0),
(@CGUID+39, 15, 784.69, 1123.35, 11.6281, 3.50997, 0, 0),
(@CGUID+39, 16, 773.849, 1115.41, 14.5111, 3.83984, 0, 0),
(@CGUID+53, 1, 1017.04, 1013.41, -45.0611, 1.90518, 0, 0),
(@CGUID+53, 2, 1009.8, 1024.87, -43.8519, 2.33165, 0, 0),
(@CGUID+53, 3, 999.772, 1033.95, -42.7583, 2.8453, 0, 0),
(@CGUID+53, 4, 988.252, 1032.06, -43.0552, 3.40764, 0, 0),
(@CGUID+53, 5, 979.229, 1023.81, -43.9706, 4.58339, 0, 0),
(@CGUID+53, 6, 983.417, 1016.44, -42.6374, 5.4646, 0, 0),
(@CGUID+53, 7, 1001.54, 1004.34, -42.6469, 5.53923, 0, 0),
(@CGUID+53, 8, 1006.77, 999.533, -44.4177, 0.236218, 0, 0),
(@CGUID+54, 1, 973.262, 1025.45, -44.3328, 4.84336, 0, 0),
(@CGUID+54, 2, 969.569, 1012.43, -45.3708, 5.0515, 0, 0),
(@CGUID+54, 3, 973.858, 1002.42, -44.2193, 4.85515, 0, 0),
(@CGUID+54, 4, 974.71, 983.179, -43.9057, 4.68629, 0, 0),
(@CGUID+54, 5, 979.086, 968.333, -44.5641, 5.97433, 0, 0),
(@CGUID+54, 6, 985.726, 970.815, -44.5851, 0.543296, 0, 0),
(@CGUID+54, 7, 999.584, 977.778, -43.7124, 0.543296, 0, 0),
(@CGUID+54, 8, 1007.08, 985.372, -43.5771, 1.4465, 0, 0),
(@CGUID+54, 9, 1006.58, 992.856, -44.1652, 1.96015, 0, 0),
(@CGUID+54, 10, 1000.05, 1003.64, -42.6333, 2.43846, 0, 0),
(@CGUID+54, 11, 988.854, 1014.8, -42.6049, 2.89399, 0, 0),
(@CGUID+54, 12, 981.063, 1019.4, -43.8993, 2.02298, 0, 0),
(@CGUID+54, 13, 990.491, 1025.02, -43.597, 5.91699, 0, 0),
(@CGUID+54, 14, 1004.84, 1014.3, -43.7727, 5.47402, 0, 0),
(@CGUID+54, 15, 1012.8, 1019.61, -44.1589, 1.57687, 0, 0),
(@CGUID+54, 16, 998.177, 1028.92, -44.2396, 3.01651, 0, 0),
(@CGUID+66, 1, 1194.92, 849.832, -98.6928, 4.62055, 0, 0),
(@CGUID+66, 2, 1201.03, 855.045, -98.6262, 0.973166, 0, 0),
(@CGUID+66, 3, 1198.82, 860.246, -98.6877, 2.38139, 0, 0),
(@CGUID+66, 4, 1196.06, 866.91, -98.9944, 1.79234, 0, 0),
(@CGUID+66, 5, 1188.03, 877.865, -103.275, 2.38139, 0, 0),
(@CGUID+66, 6, 1180.26, 873.34, -103.922, 3.75976, 0, 0),
(@CGUID+66, 7, 1177.42, 857.112, -105.176, 4.63941, 0, 0),
(@CGUID+66, 8, 1175.88, 846.757, -104.884, 4.52946, 0, 0),
(@CGUID+66, 9, 1171.88, 831.455, -103.145, 4.43914, 0, 0),
(@CGUID+66, 10, 1181.58, 821.03, -100.585, 5.56618, 0, 0),
(@CGUID+66, 11, 1196.58, 809.414, -103.468, 5.67613, 0, 0),
(@CGUID+66, 12, 1205.39, 806.496, -103.381, 6.1238, 0, 0),
(@CGUID+66, 13, 1216.9, 808.838, -102.933, 0.429665, 0, 0),
(@CGUID+66, 14, 1228.32, 813.82, -103.105, 6.1615, 0, 0),
(@CGUID+66, 15, 1238.89, 806.012, -103.417, 5.25437, 0, 0),
(@CGUID+66, 16, 1241.97, 788.796, -104.52, 5.64708, 0, 0),
(@CGUID+66, 17, 1249.8, 781.817, -103.843, 3.79747, 0, 0),
(@CGUID+66, 18, 1243.37, 779.066, -104.322, 3.01285, 0, 0),
(@CGUID+66, 19, 1239.47, 783.309, -104.825, 1.72873, 0, 0),
(@CGUID+66, 20, 1239.72, 794.567, -103.284, 1.72951, 0, 0),
(@CGUID+66, 21, 1234.57, 810.774, -103.561, 2.78116, 0, 0),
(@CGUID+66, 22, 1219.1, 810.36, -102.811, 3.51629, 0, 0),
(@CGUID+66, 23, 1204.16, 805.447, -103.361, 2.70576, 0, 0),
(@CGUID+66, 24, 1182.92, 819.793, -100.518, 2.44894, 0, 0),
(@CGUID+66, 25, 1172.57, 831.405, -103.093, 1.56536, 0, 0),
(@CGUID+66, 26, 1175.4, 845.231, -104.788, 1.30618, 0, 0),
(@CGUID+66, 27, 1178.02, 860.259, -104.841, 1.46326, 0, 0),
(@CGUID+66, 28, 1184.04, 872.95, -103.758, 0.591468, 0, 0),
(@CGUID+66, 29, 1194.32, 868.852, -99.7336, 5.27638, 0, 0),
(@CGUID+66, 30, 1201.56, 856.002, -98.6934, 4.25143, 0, 0),
(@CGUID+66, 31, 1195.47, 850.096, -98.6933, 3.79591, 0, 0),
(@CGUID+73, 1, 1194.92, 849.832, -98.6928, 4.62055, 0, 0),
(@CGUID+73, 2, 1201.03, 855.045, -98.6262, 0.973166, 0, 0),
(@CGUID+73, 3, 1198.82, 860.246, -98.6877, 2.38139, 0, 0),
(@CGUID+73, 4, 1196.06, 866.91, -98.9944, 1.79234, 0, 0),
(@CGUID+73, 5, 1188.03, 877.865, -103.275, 2.38139, 0, 0),
(@CGUID+73, 6, 1180.26, 873.34, -103.922, 3.75976, 0, 0),
(@CGUID+73, 7, 1177.42, 857.112, -105.176, 4.63941, 0, 0),
(@CGUID+73, 8, 1175.88, 846.757, -104.884, 4.52946, 0, 0),
(@CGUID+73, 9, 1171.88, 831.455, -103.145, 4.43914, 0, 0),
(@CGUID+73, 10, 1181.58, 821.03, -100.585, 5.56618, 0, 0),
(@CGUID+73, 11, 1196.58, 809.414, -103.468, 5.67613, 0, 0),
(@CGUID+73, 12, 1205.39, 806.496, -103.381, 6.1238, 0, 0),
(@CGUID+73, 13, 1216.9, 808.838, -102.933, 0.429665, 0, 0),
(@CGUID+73, 14, 1228.32, 813.82, -103.105, 6.1615, 0, 0),
(@CGUID+73, 15, 1238.89, 806.012, -103.417, 5.25437, 0, 0),
(@CGUID+73, 16, 1241.97, 788.796, -104.52, 5.64708, 0, 0),
(@CGUID+73, 17, 1249.8, 781.817, -103.843, 3.79747, 0, 0),
(@CGUID+73, 18, 1243.37, 779.066, -104.322, 3.01285, 0, 0),
(@CGUID+73, 19, 1239.47, 783.309, -104.825, 1.72873, 0, 0),
(@CGUID+73, 20, 1239.72, 794.567, -103.284, 1.72951, 0, 0),
(@CGUID+73, 21, 1234.57, 810.774, -103.561, 2.78116, 0, 0),
(@CGUID+73, 22, 1219.1, 810.36, -102.811, 3.51629, 0, 0),
(@CGUID+73, 23, 1204.16, 805.447, -103.361, 2.70576, 0, 0),
(@CGUID+73, 24, 1182.92, 819.793, -100.518, 2.44894, 0, 0),
(@CGUID+73, 25, 1172.57, 831.405, -103.093, 1.56536, 0, 0),
(@CGUID+73, 26, 1175.4, 845.231, -104.788, 1.30618, 0, 0),
(@CGUID+73, 27, 1178.02, 860.259, -104.841, 1.46326, 0, 0),
(@CGUID+73, 28, 1184.04, 872.95, -103.758, 0.591468, 0, 0),
(@CGUID+73, 29, 1194.32, 868.852, -99.7336, 5.27638, 0, 0),
(@CGUID+73, 30, 1201.56, 856.002, -98.6934, 4.25143, 0, 0),
(@CGUID+73, 31, 1195.47, 850.096, -98.6933, 3.79591, 0, 0),
(@CGUID+76, 1, 1157.65, 1161.1, -56.4053, 4.97166, 0, 0),
(@CGUID+76, 2, 1163.13, 1149.48, -56.5356, 5.15544, 0, 0),
(@CGUID+76, 3, 1170.39, 1151.09, -56.3372, 0.220786, 0, 0),
(@CGUID+76, 4, 1173.85, 1164.3, -56.5345, 1.27401, 0, 0),
(@CGUID+76, 5, 1181.39, 1177.51, -56.3626, 1.12557, 0, 0),
(@CGUID+76, 6, 1183.15, 1181.19, -56.3626, 1.12557, 0, 0),
(@CGUID+76, 7, 1182.28, 1187.15, -56.3632, 1.76252, 0, 0),
(@CGUID+76, 8, 1179.6, 1189.92, -56.3632, 2.34058, 0, 0),
(@CGUID+76, 9, 1176.27, 1189.49, -56.3632, 3.27049, 0, 0),
(@CGUID+76, 10, 1171.74, 1188.9, -56.3632, 3.27049, 0, 0),
(@CGUID+76, 11, 1166.63, 1186.05, -56.3633, 4.82636, 0, 0),
(@CGUID+76, 12, 1167.2, 1181.03, -56.43, 4.82636, 0, 0),
(@CGUID+76, 13, 1163.92, 1175.65, -56.5678, 4.10694, 0, 0),
(@CGUID+81, 1, 1167.28, 1182.01, -56.396, 4.81794, 0, 0),
(@CGUID+81, 2, 1166.55, 1176.88, -56.6081, 4.31137, 0, 0),
(@CGUID+81, 3, 1161.41, 1167, -56.3945, 4.11109, 0, 0),
(@CGUID+81, 4, 1159.2, 1162.9, -56.3625, 4.69621, 0, 0),
(@CGUID+81, 5, 1159.66, 1155.11, -56.9249, 4.95304, 0, 0),
(@CGUID+81, 6, 1161.36, 1150.92, -56.6171, 5.96934, 0, 0),
(@CGUID+81, 7, 1167.08, 1149.6, -56.3744, 6.26387, 0, 0),
(@CGUID+81, 8, 1171.3, 1150.51, -56.3159, 1.25696, 0, 0),
(@CGUID+81, 9, 1173.48, 1162.01, -56.5961, 1.29465, 0, 0),
(@CGUID+81, 10, 1180.53, 1176.4, -56.3632, 1.03626, 0, 0),
(@CGUID+81, 11, 1183.54, 1181.48, -56.3632, 1.03626, 0, 0),
(@CGUID+81, 12, 1183.88, 1185.88, -56.3632, 2.16252, 0, 0),
(@CGUID+81, 13, 1181.32, 1189.28, -56.3632, 2.41934, 0, 0),
(@CGUID+81, 14, 1177.85, 1189.75, -56.3632, 3.49691, 0, 0),
(@CGUID+81, 15, 1171.66, 1187.66, -56.3632, 3.35083, 0, 0),
(@CGUID+82, 1, 812.393, 1160.85, 11.6123, 2.33874, 33615, 0),
(@CGUID+82, 2, 815.943, 1163.97, 11.5277, 1.014, 0, 0),
(@CGUID+82, 3, 813.262, 1170.93, 11.529, 2.34132, 0, 0),
(@CGUID+82, 4, 802.771, 1181.09, 11.9217, 2.93822, 0, 0),
(@CGUID+82, 5, 814.673, 1168.52, 11.529, 5.25122, 0, 0),
(@CGUID+82, 6, 816.251, 1161.14, 11.529, 4.49174, 0, 0),
(@CGUID+83, 1, 913.165, 1311.43, 24.9025, 0.558505, 26464, 0),
(@CGUID+83, 2, 900.433, 1311.38, 25.2906, 3.54807, 0, 0),
(@CGUID+83, 3, 890.311, 1303.8, 25.6298, 4.07429, 0, 0),
(@CGUID+83, 4, 885.142, 1295.97, 27.7767, 3.38314, 0, 0),
(@CGUID+83, 5, 877.823, 1294.96, 30.9301, 3.08861, 0, 0),
(@CGUID+83, 6, 866.485, 1295.57, 28.2681, 4.66962, 0, 0),
(@CGUID+83, 7, 865.468, 1280.38, 19.6787, 4.70732, 0, 0),
(@CGUID+83, 8, 855.232, 1255.12, 19.1804, 3.98869, 0, 0),
(@CGUID+83, 9, 831.836, 1243.67, 16.8427, 3.54887, 0, 0),
(@CGUID+83, 10, 813.286, 1235.93, 19.3936, 3.21507, 0, 0),
(@CGUID+83, 11, 799.026, 1220.97, 16.5007, 5.37884, 0, 0),
(@CGUID+83, 12, 808.387, 1208.88, 11.8565, 5.37098, 0, 0),
(@CGUID+84, 1, 872.633, 1264.29, 18.8666, 1.44862, 34568, 0),
(@CGUID+84, 2, 842.051, 1247.99, 16.8271, 3.68509, 0, 0),
(@CGUID+84, 3, 857.498, 1231.36, 13.7619, 5.48365, 0, 0),
(@CGUID+84, 4, 870.811, 1231.46, 13.7072, 0.008638, 0, 0),
(@CGUID+84, 5, 873.4, 1224.27, 13.6396, 5.05325, 0, 0),
(@CGUID+84, 6, 871.16, 1204.08, 10.4392, 4.60007, 0, 0),
(@CGUID+84, 7, 865.485, 1190.18, 9.62461, 3.85081, 0, 0),
(@CGUID+84, 8, 852.95, 1177.76, 10.0245, 3.99925, 0, 0),
(@CGUID+84, 9, 838.946, 1161.57, 11.2186, 3.99925, 0, 0),
(@CGUID+84, 10, 826.555, 1167.85, 13.3687, 3.24134, 0, 0),
(@CGUID+84, 11, 842.182, 1164.3, 11.0258, 6.207, 0, 0),
(@CGUID+84, 12, 865.464, 1192.41, 9.58392, 0.879645, 0, 0),
(@CGUID+84, 13, 871.648, 1214.48, 12.0004, 1.29826, 0, 0),
(@CGUID+84, 14, 869.297, 1229.84, 13.7024, 1.92265, 0, 0),
(@CGUID+84, 15, 847.723, 1248.64, 18.0028, 2.4261, 0, 0),
(@CGUID+85, 1, 742.763, 1243.59, 22.7741, 1.3439, 30459, 0),
(@CGUID+85, 2, 744.509, 1225.89, 21.4329, 5.09966, 0, 0),
(@CGUID+85, 3, 761.273, 1200.36, 16.2111, 5.42952, 0, 0),
(@CGUID+85, 4, 779.311, 1184.15, 13.6695, 5.55126, 0, 0),
(@CGUID+85, 5, 781.117, 1171.4, 13.1886, 5.53633, 0, 0),
(@CGUID+85, 6, 813.15, 1137.83, 10.5433, 5.64472, 0, 0),
(@CGUID+85, 7, 824.886, 1145.8, 10.7187, 0.563979, 0, 0),
(@CGUID+85, 8, 839.078, 1156.38, 11.2101, 0.809024, 0, 0),
(@CGUID+85, 9, 821.956, 1173.88, 13.3448, 2.58167, 0, 0),
(@CGUID+85, 10, 810.042, 1184.06, 11.9217, 2.38296, 0, 0),
(@CGUID+85, 11, 810.88, 1194.94, 11.9217, 1.54259, 0, 0),
(@CGUID+85, 12, 808.689, 1185.85, 11.9218, 4.43992, 0, 0),
(@CGUID+85, 13, 806.965, 1177.79, 11.9218, 4.73444, 0, 0),
(@CGUID+85, 14, 816.723, 1165.23, 11.5289, 5.32192, 0, 0),
(@CGUID+85, 15, 816.309, 1156.34, 11.5289, 4.2687, 0, 0),
(@CGUID+85, 16, 806.723, 1150.74, 11.5379, 3.14165, 0, 0),
(@CGUID+85, 17, 791.43, 1164.1, 12.2332, 2.42301, 0, 0),
(@CGUID+85, 18, 780.429, 1181.68, 13.2637, 2.12692, 0, 0),
(@CGUID+85, 19, 759.163, 1203.68, 16.2194, 2.34604, 0, 0),
(@CGUID+85, 20, 743.412, 1232.45, 22.8665, 1.80648, 0, 0),
(@CGUID+86, 1, 831.255, 1236.06, 17.2953, 0.506145, 30909, 0),
(@CGUID+86, 2, 818.144, 1229, 18.1367, 4.02223, 0, 0),
(@CGUID+86, 3, 804.43, 1226.19, 18.0572, 3.34286, 0, 0),
(@CGUID+86, 4, 802.01, 1221.05, 16.0424, 4.27277, 0, 0),
(@CGUID+86, 5, 804.995, 1215.18, 12.5939, 0.047332, 0, 0),
(@CGUID+86, 6, 815.864, 1215.37, 11.8596, 6.15695, 0, 0),
(@CGUID+86, 7, 816.014, 1211.45, 11.8577, 4.74872, 0, 0),
(@CGUID+86, 8, 799.499, 1222.55, 16.9968, 2.39646, 0, 0),
(@CGUID+86, 9, 809.089, 1226.75, 17.7254, 0.410184, 0, 0),
(@CGUID+87, 1, 761.081, 1082.74, 15.5728, 3.80482, 26362, 0),
(@CGUID+87, 2, 773.909, 1117.07, 14.6674, 1.05168, 0, 0),
(@CGUID+87, 3, 784.217, 1123.61, 11.765, 0.562378, 0, 0),
(@CGUID+87, 4, 800.59, 1123.25, 8.9222, 6.2573, 0, 0),
(@CGUID+87, 5, 822.811, 1141.38, 10.677, 0.612644, 0, 0),
(@CGUID+87, 6, 838.891, 1155.38, 11.2005, 0.907168, 0, 0),
(@CGUID+87, 7, 809.057, 1184.9, 11.9216, 2.44105, 0, 0),
(@CGUID+87, 8, 808.114, 1191.83, 11.9216, 2.53137, 0, 0),
(@CGUID+87, 9, 807.832, 1185.81, 11.9218, 4.91505, 0, 0),
(@CGUID+87, 10, 807.555, 1175.36, 11.9218, 4.80667, 0, 0),
(@CGUID+87, 11, 815.563, 1167.34, 11.5289, 5.33367, 0, 0),
(@CGUID+87, 12, 820.857, 1155.35, 11.5201, 5.12554, 0, 0),
(@CGUID+87, 13, 824.762, 1145.64, 10.718, 4.9771, 0, 0),
(@CGUID+87, 14, 807.652, 1131.71, 10.1855, 3.82413, 0, 0),
(@CGUID+87, 15, 784.69, 1123.35, 11.6281, 3.50997, 0, 0),
(@CGUID+87, 16, 773.849, 1115.41, 14.5111, 3.83984, 0, 0),
(@CGUID+88, 1, 787.803, 1230.45, 18.6236, 3.89208, 31967, 0),
(@CGUID+88, 2, 795.367, 1223.47, 17.195, 4.87124, 0, 0),
(@CGUID+88, 3, 798.668, 1211.83, 13.7686, 5.67863, 0, 0),
(@CGUID+88, 4, 815.625, 1215.16, 11.8602, 0.363055, 0, 0),
(@CGUID+88, 5, 857.905, 1182.96, 9.88241, 5.44537, 0, 0),
(@CGUID+88, 6, 842.32, 1161.92, 11.0667, 4.00025, 0, 0),
(@CGUID+88, 7, 817.833, 1179.68, 13.3626, 2.4805, 0, 0),
(@CGUID+88, 8, 809.744, 1185.97, 11.9218, 2.4805, 0, 0),
(@CGUID+88, 9, 813.41, 1185.42, 11.9218, 6.11689, 0, 0),
(@CGUID+88, 10, 827.327, 1205.38, 11.8563, 0.96468, 0, 0),
(@CGUID+88, 11, 815.061, 1214.43, 11.8636, 0.140012, 0, 0),
(@CGUID+88, 12, 800.667, 1206.97, 12.823, 3.38449, 0, 0),
(@CGUID+89, 1, 884.648, 1176.52, 9.96061, 3.94444, 32825, 0),
(@CGUID+89, 2, 874.697, 1193.55, 8.85727, 3.03676, 0, 0),
(@CGUID+89, 3, 843.233, 1163.39, 10.9572, 3.65251, 0, 0),
(@CGUID+89, 4, 835.935, 1163.25, 11.405, 2.5129, 0, 0),
(@CGUID+89, 5, 814.928, 1180.01, 13.272, 2.36367, 0, 0),
(@CGUID+89, 6, 802.384, 1182.77, 11.9218, 2.96293, 0, 0),
(@CGUID+89, 7, 811.638, 1184.44, 11.9218, 5.39531, 0, 0),
(@CGUID+89, 8, 836.668, 1159.05, 11.2831, 5.68748, 0, 0),
(@CGUID+89, 9, 854.085, 1176.07, 10.029, 0.594957, 0, 0),
(@CGUID+89, 10, 881.044, 1183.72, 9.76558, 5.72361, 0, 0),
(@CGUID+90, 1, 909.529, 1232.81, 6.55989, 3.47321, 32386, 0),
(@CGUID+90, 2, 894.942, 1240.7, 11.5506, 4.0892, 0, 0),
(@CGUID+90, 3, 885.279, 1220.91, 12.3312, 4.12926, 0, 0),
(@CGUID+90, 4, 869.443, 1203.36, 10.4678, 4.18816, 0, 0),
(@CGUID+90, 5, 865.402, 1189.98, 9.63517, 3.99182, 0, 0),
(@CGUID+90, 6, 856.853, 1182.88, 9.89618, 3.73263, 0, 0),
(@CGUID+90, 7, 838.18, 1180.52, 11.7499, 3.40041, 0, 0),
(@CGUID+90, 8, 869.49, 1214.8, 12.347, 1.01201, 0, 0),
(@CGUID+90, 9, 874.487, 1228.13, 13.6989, 1.1958, 0, 0),
(@CGUID+90, 10, 886.98, 1236.78, 13.3288, 0.547842, 0, 0),
(@CGUID+91, 1, 908.431, 1248.12, 9.23548, 0.890118, 28035, 0),
(@CGUID+91, 2, 894.942, 1240.7, 11.5506, 4.0892, 0, 0),
(@CGUID+91, 3, 885.279, 1220.91, 12.3312, 4.12926, 0, 0),
(@CGUID+91, 4, 869.443, 1203.36, 10.4678, 4.18816, 0, 0),
(@CGUID+91, 5, 865.402, 1189.98, 9.63517, 3.99182, 0, 0),
(@CGUID+91, 6, 856.853, 1182.88, 9.89618, 3.73263, 0, 0),
(@CGUID+91, 7, 838.18, 1180.52, 11.7499, 3.40041, 0, 0),
(@CGUID+91, 8, 869.49, 1214.8, 12.347, 1.01201, 0, 0),
(@CGUID+91, 9, 874.487, 1228.13, 13.6989, 1.1958, 0, 0),
(@CGUID+91, 10, 886.98, 1236.78, 13.3288, 0.547842, 0, 0),
(@CGUID+92, 1, 908.765, 1183.24, 5.00921, 0.331613, 34264, 0),
(@CGUID+92, 2, 874.697, 1193.55, 8.85727, 3.03676, 0, 0),
(@CGUID+92, 3, 843.233, 1163.39, 10.9572, 3.65251, 0, 0),
(@CGUID+92, 4, 835.935, 1163.25, 11.405, 2.5129, 0, 0),
(@CGUID+92, 5, 814.928, 1180.01, 13.272, 2.36367, 0, 0),
(@CGUID+92, 6, 803.22, 1180.25, 11.9218, 3.43653, 0, 0),
(@CGUID+92, 7, 811.638, 1184.44, 11.9218, 5.39531, 0, 0),
(@CGUID+92, 8, 836.668, 1159.05, 11.2831, 5.68748, 0, 0),
(@CGUID+92, 9, 854.085, 1176.07, 10.029, 0.594957, 0, 0),
(@CGUID+92, 10, 881.044, 1183.72, 9.76558, 5.72361, 0, 0),
(@CGUID+93, 1, 764.691, 1147.38, 18.9711, 1.74533, 32762, 0),
(@CGUID+93, 2, 772.042, 1145.47, 17.1542, 4.13438, 0, 0),
(@CGUID+93, 3, 780.859, 1152.97, 15.7324, 0.717888, 0, 0),
(@CGUID+93, 4, 812.908, 1143.38, 10.7885, 5.07685, 0, 0),
(@CGUID+93, 5, 827.216, 1145.95, 10.7504, 0.287488, 0, 0),
(@CGUID+93, 6, 836.524, 1155.72, 11.2214, 0.887532, 0, 0),
(@CGUID+93, 7, 828.359, 1167.19, 13.3523, 2.57457, 0, 0),
(@CGUID+93, 8, 825.032, 1166.1, 13.3742, 3.45736, 0, 0),
(@CGUID+93, 9, 830.869, 1165.51, 13.3441, 5.80727, 0, 0),
(@CGUID+93, 10, 837.181, 1154.27, 11.1939, 5.21901, 0, 0),
(@CGUID+93, 11, 813.555, 1140.06, 10.5802, 3.00104, 0, 0),
(@CGUID+93, 12, 776.66, 1131.42, 15.5066, 3.41337, 0, 0),
(@CGUID+93, 13, 767.75, 1137.68, 17.5053, 2.40414, 0, 0),
(@CGUID+94, 1, 920.323, 1251.82, 8.46854, 3.40339, 28181, 0),
(@CGUID+94, 2, 894.942, 1240.7, 11.5506, 4.0892, 0, 0),
(@CGUID+94, 3, 885.279, 1220.91, 12.3312, 4.12926, 0, 0),
(@CGUID+94, 4, 869.443, 1203.36, 10.4678, 4.18816, 0, 0),
(@CGUID+94, 5, 865.402, 1189.98, 9.63517, 3.99182, 0, 0),
(@CGUID+94, 6, 856.853, 1182.88, 9.89618, 3.73263, 0, 0),
(@CGUID+94, 7, 838.18, 1180.52, 11.7499, 3.40041, 0, 0),
(@CGUID+94, 8, 869.49, 1214.8, 12.347, 1.01201, 0, 0),
(@CGUID+94, 9, 874.487, 1228.13, 13.6989, 1.1958, 0, 0),
(@CGUID+94, 10, 886.98, 1236.78, 13.3288, 0.547842, 0, 0),
(@CGUID+95, 1, 815.915, 1088.65, 9.58834, 6.23082, 31049, 0),
(@CGUID+95, 2, 811.046, 1098.45, 10.3829, 2.03267, 0, 0),
(@CGUID+95, 3, 806.918, 1109.26, 9.73662, 1.92428, 0, 0),
(@CGUID+95, 4, 802.232, 1121.96, 8.96341, 1.92428, 0, 0),
(@CGUID+95, 5, 810.308, 1132.28, 10.3239, 0.906405, 0, 0),
(@CGUID+95, 6, 823.42, 1141.72, 10.6818, 0.623662, 0, 0),
(@CGUID+95, 7, 821.359, 1152.21, 11.415, 1.93528, 0, 0),
(@CGUID+95, 8, 815.307, 1167.9, 11.5276, 2.22902, 0, 0),
(@CGUID+95, 9, 804.945, 1179.01, 11.9217, 1.96984, 0, 0),
(@CGUID+95, 10, 803.206, 1179.68, 11.9217, 3.95532, 0, 0),
(@CGUID+95, 11, 808.908, 1184.48, 11.9217, 1.52136, 0, 0),
(@CGUID+95, 12, 836.18, 1157.77, 11.2569, 5.47034, 0, 0),
(@CGUID+95, 13, 834.318, 1150.36, 11.0257, 4.46425, 0, 0),
(@CGUID+95, 14, 808.268, 1125.49, 9.86842, 3.88541, 0, 0),
(@CGUID+95, 15, 804.744, 1116.83, 9.58028, 5.04858, 0, 0),
(@CGUID+95, 16, 811.779, 1097.18, 10.3661, 5.12398, 0, 0),
(@CGUID+96, 1, 751.929, 1198.46, 18.1631, 3.38594, 34021, 0),
(@CGUID+96, 2, 761.273, 1200.36, 16.2111, 5.42952, 0, 0),
(@CGUID+96, 3, 779.311, 1184.15, 13.6695, 5.55126, 0, 0),
(@CGUID+96, 4, 781.117, 1171.4, 13.1886, 5.53633, 0, 0),
(@CGUID+96, 5, 813.15, 1137.83, 10.5433, 5.64472, 0, 0),
(@CGUID+96, 6, 824.886, 1145.8, 10.7187, 0.563979, 0, 0),
(@CGUID+96, 7, 839.078, 1156.38, 11.2101, 0.809024, 0, 0),
(@CGUID+96, 8, 821.956, 1173.88, 13.3448, 2.58167, 0, 0),
(@CGUID+96, 9, 810.042, 1184.06, 11.9217, 2.38296, 0, 0),
(@CGUID+96, 10, 808.262, 1174.82, 11.9217, 4.53495, 0, 0),
(@CGUID+96, 11, 808.689, 1185.85, 11.9218, 4.43992, 0, 0),
(@CGUID+96, 12, 806.965, 1177.79, 11.9218, 4.73444, 0, 0),
(@CGUID+96, 13, 816.723, 1165.23, 11.5289, 5.32192, 0, 0),
(@CGUID+96, 14, 816.309, 1156.34, 11.5289, 4.2687, 0, 0),
(@CGUID+96, 15, 806.723, 1150.74, 11.5379, 3.14165, 0, 0),
(@CGUID+96, 16, 791.43, 1164.1, 12.2332, 2.42301, 0, 0),
(@CGUID+96, 17, 780.429, 1181.68, 13.2637, 2.12692, 0, 0),
(@CGUID+96, 18, 759.163, 1203.68, 16.2194, 2.34604, 0, 0);

-- INSERT INTO `creature_movement_template` (`entry`, `pathId`, `point`, `position_x`, `position_y`, `position_z`, `orientation`, `waittime`, `script_id`) VALUES

INSERT INTO `creature_addon` (`guid`, `mount`, `bytes1`, `b2_0_sheath`, `b2_1_flags`, `emote`, `moveflags`, `auras`) VALUES
(@CGUID+13, 0, 0, 1, 0, 0, 0, ''), -- Arathi Farmer
(@CGUID+14, 0, 0, 1, 0, 0, 0, ''), -- Arathi Farmer
(@CGUID+15, 0, 0, 1, 0, 0, 0, ''), -- Arathi Farmer
(@CGUID+16, 0, 0, 1, 0, 0, 0, ''), -- Arathi Farmer
(@CGUID+17, 0, 0, 1, 0, 0, 0, ''), -- Arathi Farmer
(@CGUID+18, 0, 0, 1, 0, 0, 0, ''), -- Arathi Farmer
(@CGUID+19, 0, 0, 1, 0, 0, 0, ''), -- Arathi Farmer
(@CGUID+20, 0, 0, 1, 0, 69, 0, ''), -- Arathi Farmer
(@CGUID+21, 0, 0, 1, 0, 0, 0, ''), -- Forsaken Farmer
(@CGUID+22, 0, 0, 1, 0, 69, 0, ''), -- Forsaken Farmer
(@CGUID+23, 0, 0, 1, 0, 0, 0, ''), -- Forsaken Farmer
(@CGUID+24, 0, 0, 1, 0, 0, 0, ''), -- Forsaken Farmer
(@CGUID+25, 0, 0, 1, 0, 0, 0, ''), -- Forsaken Farmer
(@CGUID+26, 0, 0, 1, 0, 0, 0, ''), -- Forsaken Farmer
(@CGUID+27, 0, 0, 1, 0, 0, 0, ''), -- Forsaken Farmer
(@CGUID+28, 0, 0, 1, 0, 0, 0, ''), -- Forsaken Farmer
(@CGUID+29, 0, 0, 1, 0, 233, 0, ''), -- Arathi Lumberjack
(@CGUID+30, 0, 0, 1, 0, 234, 0, ''), -- Arathi Lumberjack
(@CGUID+31, 0, 0, 1, 0, 234, 0, ''), -- Arathi Lumberjack
(@CGUID+32, 0, 0, 1, 0, 234, 0, ''), -- Arathi Lumberjack
(@CGUID+33, 0, 0, 1, 0, 234, 0, ''), -- Arathi Lumberjack
(@CGUID+34, 0, 0, 1, 0, 234, 0, ''), -- Arathi Lumberjack
(@CGUID+35, 0, 0, 1, 0, 234, 0, ''), -- Arathi Lumberjack
(@CGUID+36, 0, 0, 1, 0, 234, 0, ''), -- Arathi Lumberjack
(@CGUID+37, 0, 0, 1, 0, 234, 0, ''), -- Arathi Lumberjack
(@CGUID+38, 0, 0, 1, 0, 234, 0, ''), -- Arathi Lumberjack
(@CGUID+39, 0, 0, 1, 0, 234, 0, ''), -- Arathi Lumberjack
(@CGUID+40, 0, 0, 1, 0, 233, 0, ''), -- Arathi Blacksmith
(@CGUID+41, 0, 0, 1, 0, 233, 0, ''), -- Arathi Blacksmith
(@CGUID+42, 0, 0, 1, 0, 233, 0, ''), -- Arathi Blacksmith
(@CGUID+43, 0, 0, 1, 0, 233, 0, ''), -- Arathi Blacksmith
(@CGUID+44, 0, 0, 1, 0, 69, 0, ''), -- Arathi Blacksmith
(@CGUID+45, 0, 0, 1, 0, 69, 0, ''), -- Arathi Blacksmith
(@CGUID+46, 0, 0, 1, 0, 233, 0, ''), -- Arathi Blacksmith
(@CGUID+47, 0, 0, 1, 0, 233, 0, ''), -- Forsaken Blacksmith
(@CGUID+48, 0, 0, 1, 0, 233, 0, ''), -- Forsaken Blacksmith
(@CGUID+49, 0, 0, 1, 0, 233, 0, ''), -- Forsaken Blacksmith
(@CGUID+50, 0, 0, 1, 0, 233, 0, ''), -- Forsaken Blacksmith
(@CGUID+51, 0, 0, 1, 0, 69, 0, ''), -- Forsaken Blacksmith
(@CGUID+52, 0, 1, 1, 0, 0, 0, ''), -- Lady
(@CGUID+53, 0, 0, 1, 0, 0, 0, ''), -- Cleo
(@CGUID+54, 0, 0, 1, 0, 0, 0, '24244'), -- Underfoot
(@CGUID+55, 0, 0, 1, 0, 0, 0, ''), -- Spike
(@CGUID+56, 0, 0, 1, 0, 233, 0, ''), -- Arathi Miner
(@CGUID+57, 0, 0, 1, 0, 0, 0, ''), -- Arathi Miner
(@CGUID+58, 0, 0, 1, 0, 233, 0, ''), -- Arathi Miner
(@CGUID+59, 0, 0, 1, 0, 233, 0, ''), -- Arathi Miner
(@CGUID+60, 0, 0, 1, 0, 0, 0, ''), -- Arathi Miner
(@CGUID+61, 0, 0, 1, 0, 233, 0, ''), -- Arathi Miner
(@CGUID+62, 0, 0, 1, 0, 233, 0, ''), -- Arathi Miner
(@CGUID+63, 0, 0, 1, 0, 233, 0, ''), -- Arathi Miner
(@CGUID+64, 0, 0, 1, 0, 233, 0, ''), -- Arathi Miner
(@CGUID+65, 0, 0, 1, 0, 233, 0, ''), -- Arathi Miner
(@CGUID+66, 0, 0, 1, 0, 0, 0, ''), -- Arathi Miner
(@CGUID+67, 0, 0, 1, 0, 233, 0, ''), -- Forsaken Miner
(@CGUID+68, 0, 0, 1, 0, 233, 0, ''), -- Forsaken Miner
(@CGUID+69, 0, 0, 1, 0, 233, 0, ''), -- Forsaken Miner
(@CGUID+70, 0, 0, 1, 0, 233, 0, ''), -- Forsaken Miner
(@CGUID+71, 0, 0, 1, 0, 233, 0, ''), -- Forsaken Miner
(@CGUID+72, 0, 0, 1, 0, 233, 0, ''), -- Forsaken Miner
(@CGUID+73, 0, 0, 1, 0, 0, 0, ''), -- Forsaken Miner
(@CGUID+74, 0, 0, 1, 0, 233, 0, ''), -- Forsaken Miner
(@CGUID+75, 0, 0, 1, 0, 133, 0, ''), -- Forsaken Miner
(@CGUID+76, 0, 0, 1, 0, 0, 0, ''), -- Arathi Stablehand
(@CGUID+77, 0, 0, 1, 0, 69, 0, ''), -- Arathi Stablehand
(@CGUID+78, 0, 0, 1, 0, 0, 0, ''), -- Arathi Stablehand
(@CGUID+79, 0, 0, 1, 0, 0, 0, ''), -- Forsaken Stablehand
(@CGUID+80, 0, 0, 1, 0, 233, 0, ''), -- Forsaken Stablehand
(@CGUID+81, 0, 0, 1, 0, 0, 0, ''), -- Forsaken Stablehand
(@CGUID+82, 0, 0, 1, 0, 233, 0, ''), -- Forsaken Lumberjack
(@CGUID+83, 0, 0, 1, 0, 234, 0, ''), -- Forsaken Lumberjack
(@CGUID+84, 0, 0, 1, 0, 234, 0, ''), -- Forsaken Lumberjack
(@CGUID+85, 0, 0, 1, 0, 234, 0, ''), -- Forsaken Lumberjack
(@CGUID+86, 0, 0, 1, 0, 234, 0, ''), -- Forsaken Lumberjack
(@CGUID+87, 0, 0, 1, 0, 234, 0, ''), -- Forsaken Lumberjack
(@CGUID+88, 0, 0, 1, 0, 234, 0, ''), -- Forsaken Lumberjack
(@CGUID+89, 0, 0, 1, 0, 234, 0, ''), -- Forsaken Lumberjack
(@CGUID+90, 0, 0, 1, 0, 234, 0, ''), -- Forsaken Lumberjack
(@CGUID+91, 0, 0, 1, 0, 234, 0, ''), -- Forsaken Lumberjack
(@CGUID+92, 0, 0, 1, 0, 234, 0, ''), -- Forsaken Lumberjack
(@CGUID+93, 0, 0, 1, 0, 234, 0, ''), -- Forsaken Lumberjack
(@CGUID+94, 0, 0, 1, 0, 234, 0, ''), -- Forsaken Lumberjack
(@CGUID+95, 0, 0, 1, 0, 234, 0, ''), -- Forsaken Lumberjack
(@CGUID+96, 0, 0, 1, 0, 234, 0, ''), -- Forsaken Lumberjack
(@CGUID+97, 0, 0, 1, 0, 0, 0, ''), -- Arathi Horse
(@CGUID+98, 0, 0, 1, 0, 0, 0, ''), -- Arathi Horse
(@CGUID+99, 0, 0, 1, 0, 0, 0, ''), -- Arathi Horse
(@CGUID+100, 0, 0, 1, 0, 0, 0, ''), -- Arathi Horse
(@CGUID+101, 0, 0, 1, 0, 0, 0, ''), -- Arathi Horse
(@CGUID+102, 0, 0, 1, 0, 0, 0, ''), -- Arathi Horse
(@CGUID+103, 0, 0, 1, 0, 0, 0, ''), -- Arathi Horse
(@CGUID+104, 0, 0, 1, 0, 0, 0, ''), -- Forsaken Horse
(@CGUID+105, 0, 0, 1, 0, 0, 0, ''), -- Forsaken Horse
(@CGUID+106, 0, 0, 1, 0, 0, 0, ''), -- Forsaken Horse
(@CGUID+107, 0, 0, 1, 0, 0, 0, ''), -- Forsaken Horse
(@CGUID+108, 0, 0, 1, 0, 0, 0, ''), -- Forsaken Horse
(@CGUID+109, 0, 0, 1, 0, 0, 0, ''), -- Forsaken Horse
(@CGUID+110, 0, 0, 1, 0, 0, 0, ''); -- Forsaken Horse

-- INSERT INTO `creature_template_addon` (`entry`, `mount`, `bytes1`, `b2_0_sheath`, `b2_1_flags`, `emote`, `moveflags`, `auras`) VALUES
-- INSERT INTO `creature_linking` (`guid`, `master_guid`, `flag`) VALUES
-- INSERT INTO `creature_linking_template` (`entry`, `map`, `master_entry`, `flag`, `search_range`) VALUES

INSERT INTO `creature_battleground` (`guid`, `event1`, `event2`) VALUES
(@CGUID+1, 0, 3), -- Stables - Alliance Owned
(@CGUID+2, 1, 3), -- Blacksmith - Alliance Owned
(@CGUID+3, 2, 3), -- Farm - Alliance Owned
(@CGUID+4, 3, 3), -- Lumber Mill - Alliance Owned
(@CGUID+5, 4, 3), -- Gold Mine - Alliance Owned
(@CGUID+7, 0, 4), -- Stables - Horde Owned
(@CGUID+8, 1, 4), -- Blacksmith - Horde Owned
(@CGUID+9, 2, 4), -- Farm - Horde Owned
(@CGUID+10, 3, 4), -- Lumber Mill - Horde Owned
(@CGUID+11, 4, 4), -- Gold Mine - Horde Owned
(@CGUID+13, 2, 3), -- Farm - Alliance Owned
(@CGUID+14, 2, 3), -- Farm - Alliance Owned
(@CGUID+15, 2, 3), -- Farm - Alliance Owned
(@CGUID+16, 2, 3), -- Farm - Alliance Owned
(@CGUID+17, 2, 3), -- Farm - Alliance Owned
(@CGUID+18, 2, 3), -- Farm - Alliance Owned
(@CGUID+19, 2, 3), -- Farm - Alliance Owned
(@CGUID+20, 2, 3), -- Farm - Alliance Owned
(@CGUID+21, 2, 4), -- Farm - Horde Owned
(@CGUID+22, 2, 4), -- Farm - Horde Owned
(@CGUID+23, 2, 4), -- Farm - Horde Owned
(@CGUID+24, 2, 4), -- Farm - Horde Owned
(@CGUID+25, 2, 4), -- Farm - Horde Owned
(@CGUID+26, 2, 4), -- Farm - Horde Owned
(@CGUID+27, 2, 4), -- Farm - Horde Owned
(@CGUID+28, 2, 4), -- Farm - Horde Owned
(@CGUID+29, 3, 3), -- Lumber Mill - Alliance Owned
(@CGUID+30, 3, 3), -- Lumber Mill - Alliance Owned
(@CGUID+31, 3, 3), -- Lumber Mill - Alliance Owned
(@CGUID+32, 3, 3), -- Lumber Mill - Alliance Owned
(@CGUID+33, 3, 3), -- Lumber Mill - Alliance Owned
(@CGUID+34, 3, 3), -- Lumber Mill - Alliance Owned
(@CGUID+35, 3, 3), -- Lumber Mill - Alliance Owned
(@CGUID+36, 3, 3), -- Lumber Mill - Alliance Owned
(@CGUID+37, 3, 3), -- Lumber Mill - Alliance Owned
(@CGUID+38, 3, 3), -- Lumber Mill - Alliance Owned
(@CGUID+39, 3, 3), -- Lumber Mill - Alliance Owned
(@CGUID+40, 1, 3), -- Blacksmith - Alliance Owned
(@CGUID+41, 1, 3), -- Blacksmith - Alliance Owned
(@CGUID+42, 1, 3), -- Blacksmith - Alliance Owned
(@CGUID+43, 1, 3), -- Blacksmith - Alliance Owned
(@CGUID+44, 1, 3), -- Blacksmith - Alliance Owned
(@CGUID+45, 1, 3), -- Blacksmith - Alliance Owned
(@CGUID+46, 1, 3), -- Blacksmith - Alliance Owned
(@CGUID+47, 1, 4), -- Blacksmith - Horde Owned
(@CGUID+48, 1, 4), -- Blacksmith - Horde Owned
(@CGUID+49, 1, 4), -- Blacksmith - Horde Owned
(@CGUID+50, 1, 4), -- Blacksmith - Horde Owned
(@CGUID+51, 1, 4), -- Blacksmith - Horde Owned
(@CGUID+52, 1, 3), -- Blacksmith - Alliance Owned
(@CGUID+53, 1, 3), -- Blacksmith - Alliance Owned
(@CGUID+54, 1, 4), -- Blacksmith - Horde Owned
(@CGUID+55, 1, 4), -- Blacksmith - Horde Owned
(@CGUID+56, 4, 3), -- Gold Mine - Alliance Owned
(@CGUID+57, 4, 3), -- Gold Mine - Alliance Owned
(@CGUID+58, 4, 3), -- Gold Mine - Alliance Owned
(@CGUID+59, 4, 3), -- Gold Mine - Alliance Owned
(@CGUID+60, 4, 3), -- Gold Mine - Alliance Owned
(@CGUID+61, 4, 3), -- Gold Mine - Alliance Owned
(@CGUID+62, 4, 3), -- Gold Mine - Alliance Owned
(@CGUID+63, 4, 3), -- Gold Mine - Alliance Owned
(@CGUID+64, 4, 3), -- Gold Mine - Alliance Owned
(@CGUID+65, 4, 3), -- Gold Mine - Alliance Owned
(@CGUID+66, 4, 3), -- Gold Mine - Alliance Owned
(@CGUID+67, 3, 4), -- Lumber Mill - Horde Owned
(@CGUID+68, 3, 4), -- Lumber Mill - Horde Owned
(@CGUID+69, 3, 4), -- Lumber Mill - Horde Owned
(@CGUID+70, 3, 4), -- Lumber Mill - Horde Owned
(@CGUID+71, 3, 4), -- Lumber Mill - Horde Owned
(@CGUID+72, 3, 4), -- Lumber Mill - Horde Owned
(@CGUID+73, 3, 4), -- Lumber Mill - Horde Owned
(@CGUID+74, 3, 4), -- Lumber Mill - Horde Owned
(@CGUID+75, 3, 4), -- Lumber Mill - Horde Owned
(@CGUID+76, 0, 3), -- Stables - Alliance Owned
(@CGUID+77, 0, 3), -- Stables - Alliance Owned
(@CGUID+78, 0, 3), -- Stables - Alliance Owned
(@CGUID+79, 0, 4), -- Stables - Horde Owned
(@CGUID+80, 0, 4), -- Stables - Horde Owned
(@CGUID+81, 0, 4), -- Stables - Horde Owned
(@CGUID+82, 3, 4), -- Lumber Mill - Horde Owned
(@CGUID+83, 3, 4), -- Lumber Mill - Horde Owned
(@CGUID+84, 3, 4), -- Lumber Mill - Horde Owned
(@CGUID+85, 3, 4), -- Lumber Mill - Horde Owned
(@CGUID+86, 3, 4), -- Lumber Mill - Horde Owned
(@CGUID+87, 3, 4), -- Lumber Mill - Horde Owned
(@CGUID+88, 3, 4), -- Lumber Mill - Horde Owned
(@CGUID+89, 3, 4), -- Lumber Mill - Horde Owned
(@CGUID+90, 3, 4), -- Lumber Mill - Horde Owned
(@CGUID+91, 3, 4), -- Lumber Mill - Horde Owned
(@CGUID+92, 3, 4), -- Lumber Mill - Horde Owned
(@CGUID+93, 3, 4), -- Lumber Mill - Horde Owned
(@CGUID+94, 3, 4), -- Lumber Mill - Horde Owned
(@CGUID+95, 3, 4), -- Lumber Mill - Horde Owned
(@CGUID+96, 3, 4), -- Lumber Mill - Horde Owned
(@CGUID+97, 0, 3), -- Stables - Alliance Owned
(@CGUID+98, 0, 3), -- Stables - Alliance Owned
(@CGUID+99, 0, 3), -- Stables - Alliance Owned
(@CGUID+100, 0, 3), -- Stables - Alliance Owned
(@CGUID+101, 0, 3), -- Stables - Alliance Owned
(@CGUID+102, 0, 3), -- Stables - Alliance Owned
(@CGUID+103, 0, 3), -- Stables - Alliance Owned
(@CGUID+104, 0, 4), -- Stables - Horde Owned
(@CGUID+105, 0, 4), -- Stables - Horde Owned
(@CGUID+106, 0, 4), -- Stables - Horde Owned
(@CGUID+107, 0, 4), -- Stables - Horde Owned
(@CGUID+108, 0, 4), -- Stables - Horde Owned
(@CGUID+109, 0, 4), -- Stables - Horde Owned
(@CGUID+110, 0, 4); -- Stables - Horde Owned

INSERT INTO `creature` (`guid`, `id`, `map`, `position_x`, `position_y`, `position_z`, `orientation`, `spawntimesecsmin`, `spawntimesecsmax`, `spawndist`, `currentwaypoint`, `DeathState`, `MovementType`) VALUES
(@CGUID+1, 13116, 529, 1200.03, 1171.09, -56.47, 5.15, 86400, 86400, 0, 0, 0, 0), -- Alliance Spirit Guide
(@CGUID+2, 13116, 529, 1017.43, 960.61, -42.95, 4.88, 86400, 86400, 0, 0, 0, 0), -- Alliance Spirit Guide
(@CGUID+3, 13116, 529, 833, 793, -57.25, 5.27, 86400, 86400, 0, 0, 0, 0), -- Alliance Spirit Guide
(@CGUID+4, 13116, 529, 775.17, 1206.4, 15.79, 1.9, 86400, 86400, 0, 0, 0, 0), -- Alliance Spirit Guide
(@CGUID+5, 13116, 529, 1207.48, 787, -83.36, 5.51, 86400, 86400, 0, 0, 0, 0), -- Alliance Spirit Guide
(@CGUID+6, 13116, 529, 1357.17, 1280.23, -11.2124, 4.22231, 25, 25, 0, 0, 0, 0), -- Alliance Spirit Guide
(@CGUID+7, 13117, 529, 1200.03, 1171.09, -56.47, 5.15, 86400, 86400, 0, 0, 0, 0), -- Horde Spirit Guide
(@CGUID+8, 13117, 529, 1017.43, 960.61, -42.95, 4.88, 86400, 86400, 0, 0, 0, 0), -- Horde Spirit Guide
(@CGUID+9, 13117, 529, 833, 793, -57.25, 5.27, 86400, 86400, 0, 0, 0, 0), -- Horde Spirit Guide
(@CGUID+10, 13117, 529, 775.17, 1206.4, 15.79, 1.9, 86400, 86400, 0, 0, 0, 0), -- Horde Spirit Guide
(@CGUID+11, 13117, 529, 1207.48, 787, -83.36, 5.51, 86400, 86400, 0, 0, 0, 0), -- Horde Spirit Guide
(@CGUID+12, 13117, 529, 714.61, 646.15, -10.87, 4.34, 86400, 86400, 0, 0, 0, 0), -- Horde Spirit Guide
(@CGUID+13, 15045, 529, 811.552, 792.473, -57.8178, 0.471185, 345600, 345600, 0, 0, 0, 2), -- Arathi Farmer
(@CGUID+14, 15045, 529, 841.648, 864.919, -57.4323, 1.26686, 345600, 345600, 0, 0, 0, 2), -- Arathi Farmer
(@CGUID+15, 15045, 529, 822.796, 869.174, -57.843, 4.24193, 345600, 345600, 0, 0, 0, 2), -- Arathi Farmer
(@CGUID+16, 15045, 529, 786.069, 824.469, -55.9782, 5.05953, 345600, 345600, 0, 0, 0, 2), -- Arathi Farmer
(@CGUID+17, 15045, 529, 815.798, 831.478, -57.1758, 4.94565, 345600, 345600, 0, 0, 0, 2), -- Arathi Farmer
(@CGUID+18, 15045, 529, 799.065, 846.511, -56.8651, 2.39458, 345600, 345600, 0, 0, 0, 2), -- Arathi Farmer
(@CGUID+19, 15045, 529, 847.3, 836.659, -57.8924, 5.89317, 345600, 345600, 0, 0, 0, 2), -- Arathi Farmer
(@CGUID+20, 15045, 529, 792.457, 823.458, -56.5414, 2.52741, 7200, 7200, 0, 0, 0, 0), -- Arathi Farmer
(@CGUID+21, 15046, 529, 849.179, 833.499, -57.7416, 5.61996, 345600, 345600, 0, 0, 0, 2), -- Forsaken Farmer
(@CGUID+22, 15046, 529, 791.34, 822.852, -56.4006, 1.8326, 7200, 7200, 0, 0, 0, 0), -- Forsaken Farmer
(@CGUID+23, 15046, 529, 812.433, 791.921, -57.7863, 2.91346, 345600, 345600, 0, 0, 0, 2), -- Forsaken Farmer
(@CGUID+24, 15046, 529, 822.677, 867.832, -57.7916, 4.67619, 345600, 345600, 0, 0, 0, 2), -- Forsaken Farmer
(@CGUID+25, 15046, 529, 843.426, 857.894, -57.6725, 2.27435, 345600, 345600, 5, 0, 0, 2), -- Forsaken Farmer
(@CGUID+26, 15046, 529, 815.514, 831.668, -57.1119, 4.46503, 345600, 345600, 5, 0, 0, 2), -- Forsaken Farmer
(@CGUID+27, 15046, 529, 823.35, 817.641, -57.6701, 1.54966, 345600, 345600, 0, 0, 0, 2), -- Forsaken Farmer
(@CGUID+28, 15046, 529, 798.336, 847.737, -56.7132, 5.14592, 345600, 345600, 0, 0, 0, 2), -- Forsaken Farmer
(@CGUID+29, 15062, 529, 812.093, 1161.07, 11.6124, 2.3911, 345600, 345600, 0, 0, 0, 2), -- Arathi Lumberjack
(@CGUID+30, 15062, 529, 838.966, 1241.34, 16.6564, 3.75246, 345600, 345600, 0, 0, 0, 2), -- Arathi Lumberjack
(@CGUID+31, 15062, 529, 830.316, 1136.88, 11.3574, 5.14872, 345600, 345600, 0, 0, 0, 2), -- Arathi Lumberjack
(@CGUID+32, 15062, 529, 815.829, 1088.29, 9.53132, 0.0523599, 345600, 345600, 0, 0, 0, 2), -- Arathi Lumberjack
(@CGUID+33, 15062, 529, 909.461, 1232.72, 6.57686, 3.29867, 345600, 345600, 0, 0, 0, 2), -- Arathi Lumberjack
(@CGUID+34, 15062, 529, 908.642, 1183.09, 5.05999, 0.820305, 345600, 345600, 0, 0, 0, 2), -- Arathi Lumberjack
(@CGUID+35, 15062, 529, 873.048, 1264.44, 18.8553, 1.39626, 345600, 345600, 0, 0, 0, 2), -- Arathi Lumberjack
(@CGUID+36, 15062, 529, 884.481, 1176.69, 9.99647, 4.08407, 345600, 345600, 0, 0, 0, 2), -- Arathi Lumberjack
(@CGUID+37, 15062, 529, 751.68, 1198.45, 18.232, 3.35103, 345600, 345600, 0, 0, 0, 2), -- Arathi Lumberjack
(@CGUID+38, 15062, 529, 760.732, 1083.22, 15.693, 4.03171, 345600, 345600, 0, 0, 0, 2), -- Arathi Lumberjack
(@CGUID+39, 15062, 529, 767.403, 1118.95, 17.3766, 2.33874, 345600, 345600, 0, 0, 0, 2), -- Arathi Lumberjack
(@CGUID+40, 15063, 529, 991.74, 1000.92, -42.5199, 2.67035, 7200, 7200, 0, 0, 0, 0), -- Arathi Blacksmith
(@CGUID+41, 15063, 529, 969.127, 999.597, -43.9439, 2.3911, 7200, 7200, 5, 0, 0, 1), -- Arathi Blacksmith
(@CGUID+42, 15063, 529, 983.693, 1008.41, -42.5199, 5.35816, 7200, 7200, 0, 0, 0, 0), -- Arathi Blacksmith
(@CGUID+43, 15063, 529, 996.188, 1003.25, -42.5221, 4.72984, 7200, 7200, 0, 0, 0, 0), -- Arathi Blacksmith
(@CGUID+44, 15063, 529, 979.588, 997.244, -43.9798, 0.575959, 7200, 7200, 0, 0, 0, 0), -- Arathi Blacksmith
(@CGUID+45, 15063, 529, 980.162, 989.083, -43.9306, 0.191986, 7200, 7200, 5, 0, 0, 1), -- Arathi Blacksmith
(@CGUID+46, 15063, 529, 990.042, 1014.51, -42.5199, 6.16101, 7200, 7200, 0, 0, 0, 0), -- Arathi Blacksmith
(@CGUID+47, 15064, 529, 968.975, 999.732, -43.9377, 2.53073, 7200, 7200, 0, 0, 0, 0), -- Forsaken Blacksmith
(@CGUID+48, 15064, 529, 996.413, 1002.88, -42.52, 4.7822, 7200, 7200, 0, 0, 0, 0), -- Forsaken Blacksmith
(@CGUID+49, 15064, 529, 990.38, 1014.8, -42.5199, 6.12611, 7200, 7200, 0, 0, 0, 0), -- Forsaken Blacksmith
(@CGUID+50, 15064, 529, 983.581, 1008.55, -42.5199, 5.34071, 7200, 7200, 0, 0, 0, 0), -- Forsaken Blacksmith
(@CGUID+51, 15064, 529, 979.603, 997.367, -43.9784, 1.01229, 7200, 7200, 0, 0, 0, 0), -- Forsaken Blacksmith
(@CGUID+52, 15065, 529, 1008.77, 1005.8, -44.0248, 6.21337, 7200, 7200, 5, 0, 0, 1), -- Lady
(@CGUID+53, 15066, 529, 1017.91, 1008.77, -44.3462, 1.27155, 345600, 345600, 5, 0, 0, 2), -- Cleo
(@CGUID+54, 15071, 529, 977.54, 1032.11, -43.8551, 3.96525, 345600, 345600, 5, 0, 0, 2), -- Underfoot
(@CGUID+55, 15072, 529, 1008.8, 1005.81, -44.0267, 6.24828, 7200, 7200, 0, 0, 0, 0), -- Spike
(@CGUID+56, 15074, 529, 1214.26, 803.153, -102.681, 5.25344, 7200, 7200, 0, 0, 0, 0), -- Arathi Miner
(@CGUID+57, 15074, 529, 1138.93, 811.071, -99.5951, 5.16617, 7200, 7200, 0, 0, 0, 0), -- Arathi Miner
(@CGUID+58, 15074, 529, 1202.03, 810.835, -103.166, 1.46608, 7200, 7200, 0, 0, 0, 0), -- Arathi Miner
(@CGUID+59, 15074, 529, 1235.97, 802.637, -103.035, 3.64774, 7200, 7200, 0, 0, 0, 0), -- Arathi Miner
(@CGUID+60, 15074, 529, 1139.79, 809.247, -99.5951, 2.02458, 7200, 7200, 0, 0, 0, 0), -- Arathi Miner
(@CGUID+61, 15074, 529, 1258.31, 775.819, -105.636, 6.23082, 7200, 7200, 0, 0, 0, 0), -- Arathi Miner
(@CGUID+62, 15074, 529, 1226.12, 816.11, -102.404, 1.01229, 7200, 7200, 0, 0, 0, 0), -- Arathi Miner
(@CGUID+63, 15074, 529, 1231.03, 786.665, -102.642, 3.63029, 7200, 7200, 0, 0, 0, 0), -- Arathi Miner
(@CGUID+64, 15074, 529, 1184.03, 834.479, -102.975, 4.90438, 7200, 7200, 0, 0, 0, 0), -- Arathi Miner
(@CGUID+65, 15074, 529, 1249.79, 794.31, -102.989, 0.750492, 7200, 7200, 0, 0, 0, 0), -- Arathi Miner
(@CGUID+66, 15074, 529, 1197.5, 860.736, -98.6642, 1.60941, 345600, 345600, 5, 0, 0, 2), -- Arathi Miner
(@CGUID+67, 15075, 529, 1200.75, 802.971, -103.325, 5.0091, 7200, 7200, 0, 0, 0, 0), -- Forsaken Miner
(@CGUID+68, 15075, 529, 1242.1, 808.662, -102.936, 0.663225, 7200, 7200, 0, 0, 0, 0), -- Forsaken Miner
(@CGUID+69, 15075, 529, 1211.4, 810.13, -102.83, 1.3439, 7200, 7200, 0, 0, 0, 0), -- Forsaken Miner
(@CGUID+70, 15075, 529, 1229.6, 807.341, -103.111, 4.17134, 7200, 7200, 0, 0, 0, 0), -- Forsaken Miner
(@CGUID+71, 15075, 529, 1250.52, 793.177, -103.23, 0.471239, 7200, 7200, 0, 0, 0, 0), -- Forsaken Miner
(@CGUID+72, 15075, 529, 1258.08, 775.87, -105.596, 6.0912, 7200, 7200, 0, 0, 0, 0), -- Forsaken Miner
(@CGUID+73, 15075, 529, 1195.33, 849.472, -98.6098, 4.39823, 345600, 345600, 0, 0, 0, 2), -- Forsaken Miner
(@CGUID+74, 15075, 529, 1232.78, 788.376, -102.684, 2.6529, 7200, 7200, 0, 0, 0, 0), -- Forsaken Miner
(@CGUID+75, 15075, 529, 1186.86, 884.933, -103.591, 1.41372, 7200, 7200, 0, 0, 0, 0), -- Forsaken Miner
(@CGUID+76, 15086, 529, 1157.72, 1162.02, -56.3494, 4.68379, 345600, 345600, 0, 0, 0, 2), -- Arathi Stablehand
(@CGUID+77, 15086, 529, 1207.82, 1198.78, -56.1779, 2.86234, 7200, 7200, 0, 0, 0, 0), -- Arathi Stablehand
(@CGUID+78, 15086, 529, 1184.96, 1200.12, -56.3163, 0.733038, 345600, 345600, 0, 0, 0, 0), -- Arathi Stablehand
(@CGUID+79, 15087, 529, 1187.37, 1199.46, -56.3711, 5.2709, 345600, 345600, 0, 0, 0, 0), -- Forsaken Stablehand
(@CGUID+80, 15087, 529, 1201.63, 1174.92, -56.3803, 5.14872, 7200, 7200, 0, 0, 0, 0), -- Forsaken Stablehand
(@CGUID+81, 15087, 529, 1167.45, 1182.16, -56.3106, 5.17983, 7200, 7200, 0, 0, 0, 2), -- Forsaken Stablehand
(@CGUID+82, 15089, 529, 812.393, 1160.85, 11.6123, 2.33874, 345600, 345600, 0, 0, 0, 2), -- Forsaken Lumberjack
(@CGUID+83, 15089, 529, 913.165, 1311.43, 24.9025, 0.558505, 345600, 345600, 0, 0, 0, 2), -- Forsaken Lumberjack
(@CGUID+84, 15089, 529, 872.633, 1264.29, 18.8666, 1.44862, 345600, 345600, 0, 0, 0, 2), -- Forsaken Lumberjack
(@CGUID+85, 15089, 529, 742.763, 1243.59, 22.7741, 1.3439, 345600, 345600, 0, 0, 0, 2), -- Forsaken Lumberjack
(@CGUID+86, 15089, 529, 831.255, 1236.06, 17.2953, 0.506145, 345600, 345600, 0, 0, 0, 2), -- Forsaken Lumberjack
(@CGUID+87, 15089, 529, 761.081, 1082.74, 15.5728, 3.80482, 345600, 345600, 0, 0, 0, 2), -- Forsaken Lumberjack
(@CGUID+88, 15089, 529, 787.803, 1230.45, 18.6236, 3.89208, 345600, 345600, 0, 0, 0, 2), -- Forsaken Lumberjack
(@CGUID+89, 15089, 529, 884.648, 1176.52, 9.96061, 3.94444, 345600, 345600, 0, 0, 0, 2), -- Forsaken Lumberjack
(@CGUID+90, 15089, 529, 909.529, 1232.81, 6.55989, 3.47321, 345600, 345600, 0, 0, 0, 2), -- Forsaken Lumberjack
(@CGUID+91, 15089, 529, 908.431, 1248.12, 9.23548, 0.890118, 345600, 345600, 0, 0, 0, 2), -- Forsaken Lumberjack
(@CGUID+92, 15089, 529, 908.765, 1183.24, 5.00921, 0.331613, 345600, 345600, 0, 0, 0, 2), -- Forsaken Lumberjack
(@CGUID+93, 15089, 529, 764.691, 1147.38, 18.9711, 1.74533, 345600, 345600, 0, 0, 0, 2), -- Forsaken Lumberjack
(@CGUID+94, 15089, 529, 920.323, 1251.82, 8.46854, 3.40339, 345600, 345600, 0, 0, 0, 2), -- Forsaken Lumberjack
(@CGUID+95, 15089, 529, 815.915, 1088.65, 9.58834, 6.23082, 345600, 345600, 0, 0, 0, 2), -- Forsaken Lumberjack
(@CGUID+96, 15089, 529, 751.929, 1198.46, 18.1631, 3.38594, 345600, 345600, 0, 0, 0, 2), -- Forsaken Lumberjack
(@CGUID+97, 15107, 529, 1153.16, 1154.29, -56.4169, 2.5387, 7200, 7200, 0, 0, 0, 0), -- Arathi Horse
(@CGUID+98, 15107, 529, 1157.58, 1172.96, -56.2799, 2.84489, 7200, 7200, 0, 0, 0, 0), -- Arathi Horse
(@CGUID+99, 15107, 529, 1187.5, 1181.29, -55.9973, 2.40855, 7200, 7200, 0, 0, 0, 0), -- Arathi Horse
(@CGUID+100, 15107, 529, 1158.07, 1165.48, -56.2712, 4.56288, 7200, 7200, 0, 0, 0, 0), -- Arathi Horse
(@CGUID+101, 15107, 529, 1186.39, 1190.51, -56.009, 2.35619, 7200, 7200, 0, 0, 0, 0), -- Arathi Horse
(@CGUID+102, 15107, 529, 1169.2, 1163.53, -56.4816, 1.07924, 7200, 7200, 0, 0, 0, 0), -- Arathi Horse
(@CGUID+103, 15107, 529, 1189.31, 1183.63, -56.0443, 2.44346, 7200, 7200, 0, 0, 0, 0), -- Arathi Horse
(@CGUID+104, 15108, 529, 1160.12, 1169.93, -56.3168, 2.04316, 7200, 7200, 0, 0, 0, 0), -- Forsaken Horse
(@CGUID+105, 15108, 529, 1184.85, 1179.24, -55.9334, 2.21657, 7200, 7200, 0, 0, 0, 0), -- Forsaken Horse
(@CGUID+106, 15108, 529, 1171.04, 1144.41, -56.0605, 3.24631, 7200, 7200, 0, 0, 0, 0), -- Forsaken Horse
(@CGUID+107, 15108, 529, 1175.07, 1155.1, -56.4464, 0.728899, 7200, 7200, 0, 0, 0, 0), -- Forsaken Horse
(@CGUID+108, 15108, 529, 1167.13, 1186.34, -56.2799, 4.59022, 7200, 7200, 0, 0, 0, 0), -- Forsaken Horse
(@CGUID+109, 15108, 529, 1191.47, 1185.54, -56.0253, 2.30383, 7200, 7200, 0, 0, 0, 0), -- Forsaken Horse
(@CGUID+110, 15108, 529, 1186.12, 1190.79, -56.0364, 2.35619, 7200, 7200, 0, 0, 0, 0); -- Forsaken Horse

-- ===========
-- GAMEOBJECTS
-- ===========

INSERT INTO `gameobject_battleground` (`guid`, `event1`, `event2`) VALUES
(@OGUID+5, 0, 3), -- Stables - alliance owned
(@OGUID+6, 1, 3), -- Blacksmith - alliance owned
(@OGUID+7, 2, 3), -- Farm - alliance owned
(@OGUID+8, 3, 3), -- Lumber Mill - alliance owned
(@OGUID+9, 4, 3), -- Gold Mine - alliance owned
(@OGUID+10, 0, 1), -- Stables - alliance contested
(@OGUID+11, 1, 1), -- Blacksmith - alliance contested
(@OGUID+12, 2, 1), -- Farm - alliance contested
(@OGUID+13, 3, 1), -- Lumber Mill - alliance contested
(@OGUID+14, 4, 1), -- Gold Mine - alliance contested
(@OGUID+15, 0, 4), -- Stables - horde owned
(@OGUID+16, 1, 4), -- Blacksmith - horde owned
(@OGUID+17, 2, 4), -- Farm - horde owned
(@OGUID+18, 3, 4), -- Lumber Mill - horde owned
(@OGUID+19, 4, 4), -- Gold Mine - horde owned
(@OGUID+20, 0, 2), -- Stables - horde contested
(@OGUID+21, 1, 2), -- Blacksmith - horde contested
(@OGUID+22, 2, 2), -- Farm - horde contested
(@OGUID+23, 3, 2), -- Lumber Mill - horde contested
(@OGUID+24, 4, 2), -- Gold Mine - horde contested
(@OGUID+25, 0, 0), -- Stables - neutral
(@OGUID+26, 1, 0), -- Blacksmith - neutral
(@OGUID+27, 2, 0), -- Farm - neutral
(@OGUID+28, 3, 0), -- Lumber Mill - neutral
(@OGUID+29, 4, 0), -- Gold Mine - neutral
(@OGUID+45, 2, 3), -- Farm - alliance owned
(@OGUID+46, 2, 3), -- Farm - alliance owned
(@OGUID+47, 2, 3), -- Farm - alliance owned
(@OGUID+48, 2, 3), -- Farm - alliance owned
(@OGUID+49, 2, 3), -- Farm - alliance owned
(@OGUID+50, 2, 3), -- Farm - alliance owned
(@OGUID+51, 2, 3), -- Farm - alliance owned
(@OGUID+52, 2, 3), -- Farm - alliance owned
(@OGUID+53, 2, 3), -- Farm - alliance owned
(@OGUID+54, 2, 3), -- Farm - alliance owned
(@OGUID+55, 2, 3), -- Farm - alliance owned
(@OGUID+56, 2, 3), -- Farm - alliance owned
(@OGUID+57, 2, 3), -- Farm - alliance owned
(@OGUID+58, 2, 3), -- Farm - alliance owned
(@OGUID+59, 2, 3), -- Farm - alliance owned
(@OGUID+60, 2, 3), -- Farm - alliance owned
(@OGUID+61, 2, 3), -- Farm - alliance owned
(@OGUID+62, 2, 3), -- Farm - alliance owned
(@OGUID+63, 2, 3), -- Farm - alliance owned
(@OGUID+64, 2, 3), -- Farm - alliance owned
(@OGUID+65, 2, 3), -- Farm - alliance owned
(@OGUID+66, 2, 3), -- Farm - alliance owned
(@OGUID+67, 2, 3), -- Farm - alliance owned
(@OGUID+68, 2, 3), -- Farm - alliance owned
(@OGUID+69, 2, 3), -- Farm - alliance owned
(@OGUID+70, 2, 3), -- Farm - alliance owned
(@OGUID+71, 2, 3), -- Farm - alliance owned
(@OGUID+72, 2, 3), -- Farm - alliance owned
(@OGUID+73, 2, 3), -- Farm - alliance owned
(@OGUID+74, 2, 3), -- Farm - alliance owned
(@OGUID+75, 2, 3), -- Farm - alliance owned
(@OGUID+76, 2, 3), -- Farm - alliance owned
(@OGUID+77, 2, 4), -- Farm - horde owned
(@OGUID+78, 2, 4), -- Farm - horde owned
(@OGUID+79, 2, 4), -- Farm - horde owned
(@OGUID+80, 2, 4), -- Farm - horde owned
(@OGUID+81, 2, 4), -- Farm - horde owned
(@OGUID+82, 2, 4), -- Farm - horde owned
(@OGUID+83, 2, 4), -- Farm - horde owned
(@OGUID+84, 2, 4), -- Farm - horde owned
(@OGUID+85, 2, 4), -- Farm - horde owned
(@OGUID+86, 2, 4), -- Farm - horde owned
(@OGUID+87, 2, 4), -- Farm - horde owned
(@OGUID+88, 2, 4), -- Farm - horde owned
(@OGUID+89, 2, 4), -- Farm - horde owned
(@OGUID+90, 2, 4), -- Farm - horde owned
(@OGUID+91, 2, 4), -- Farm - horde owned
(@OGUID+92, 2, 4), -- Farm - horde owned
(@OGUID+93, 2, 4), -- Farm - horde owned
(@OGUID+94, 2, 4), -- Farm - horde owned
(@OGUID+95, 2, 4), -- Farm - horde owned
(@OGUID+96, 2, 4), -- Farm - horde owned
(@OGUID+97, 2, 4), -- Farm - horde owned
(@OGUID+98, 2, 4), -- Farm - horde owned
(@OGUID+99, 2, 4), -- Farm - horde owned
(@OGUID+100, 2, 4), -- Farm - horde owned
(@OGUID+101, 2, 4), -- Farm - horde owned
(@OGUID+102, 2, 4), -- Farm - horde owned
(@OGUID+103, 2, 4), -- Farm - horde owned
(@OGUID+104, 2, 4), -- Farm - horde owned
(@OGUID+105, 2, 4), -- Farm - horde owned
(@OGUID+106, 2, 4), -- Farm - horde owned
(@OGUID+107, 2, 4), -- Farm - horde owned
(@OGUID+108, 2, 4), -- Farm - horde owned
(@OGUID+109, 2, 4), -- Farm - horde owned
(@OGUID+110, 2, 4), -- Farm - horde owned
(@OGUID+111, 2, 4), -- Farm - horde owned
(@OGUID+112, 2, 4), -- Farm - horde owned
(@OGUID+113, 2, 4), -- Farm - horde owned
(@OGUID+114, 2, 4), -- Farm - horde owned
(@OGUID+115, 2, 4), -- Farm - horde owned
(@OGUID+116, 2, 4), -- Farm - horde owned
(@OGUID+117, 2, 4), -- Farm - horde owned
(@OGUID+118, 2, 4), -- Farm - horde owned
(@OGUID+119, 2, 4), -- Farm - horde owned
(@OGUID+120, 2, 4), -- Farm - horde owned
(@OGUID+121, 2, 4), -- Farm - horde owned
(@OGUID+122, 2, 4), -- Farm - horde owned
(@OGUID+123, 2, 4), -- Farm - horde owned
(@OGUID+124, 2, 4), -- Farm - horde owned
(@OGUID+125, 2, 4), -- Farm - horde owned
(@OGUID+126, 2, 4), -- Farm - horde owned
(@OGUID+127, 2, 4), -- Farm - horde owned
(@OGUID+128, 2, 4), -- Farm - horde owned
(@OGUID+129, 2, 4), -- Farm - horde owned
(@OGUID+130, 2, 4), -- Farm - horde owned
(@OGUID+131, 2, 4), -- Farm - horde owned
(@OGUID+132, 2, 4), -- Farm - horde owned
(@OGUID+133, 2, 4), -- Farm - horde owned
(@OGUID+134, 2, 4), -- Farm - horde owned
(@OGUID+135, 2, 4), -- Farm - horde owned
(@OGUID+136, 2, 4), -- Farm - horde owned
(@OGUID+137, 2, 4), -- Farm - horde owned
(@OGUID+138, 2, 4), -- Farm - horde owned
(@OGUID+139, 2, 4), -- Farm - horde owned
(@OGUID+140, 2, 4), -- Farm - horde owned
(@OGUID+141, 2, 4), -- Farm - horde owned
(@OGUID+142, 2, 4), -- Farm - horde owned
(@OGUID+143, 2, 4), -- Farm - horde owned
(@OGUID+144, 2, 4), -- Farm - horde owned
(@OGUID+145, 2, 4), -- Farm - horde owned
(@OGUID+146, 2, 4), -- Farm - horde owned
(@OGUID+147, 2, 4), -- Farm - horde owned
(@OGUID+148, 2, 4), -- Farm - horde owned
(@OGUID+149, 2, 4), -- Farm - horde owned
(@OGUID+150, 2, 4), -- Farm - horde owned
(@OGUID+151, 2, 4), -- Farm - horde owned
(@OGUID+152, 2, 4), -- Farm - horde owned
(@OGUID+153, 2, 4), -- Farm - horde owned
(@OGUID+154, 2, 4), -- Farm - horde owned
(@OGUID+155, 2, 4), -- Farm - horde owned
(@OGUID+156, 2, 4), -- Farm - horde owned
(@OGUID+157, 2, 4), -- Farm - horde owned
(@OGUID+158, 2, 4), -- Farm - horde owned
(@OGUID+159, 2, 4), -- Farm - horde owned
(@OGUID+160, 2, 4), -- Farm - horde owned
(@OGUID+161, 2, 4), -- Farm - horde owned
(@OGUID+162, 2, 4), -- Farm - horde owned
(@OGUID+163, 2, 4), -- Farm - horde owned
(@OGUID+164, 2, 4), -- Farm - horde owned
(@OGUID+165, 2, 4), -- Farm - horde owned
(@OGUID+166, 2, 4), -- Farm - horde owned
(@OGUID+167, 2, 4), -- Farm - horde owned
(@OGUID+168, 2, 4), -- Farm - horde owned
(@OGUID+169, 2, 4), -- Farm - horde owned
(@OGUID+170, 2, 4), -- Farm - horde owned
(@OGUID+171, 2, 4), -- Farm - horde owned
(@OGUID+172, 2, 4), -- Farm - horde owned
(@OGUID+173, 2, 4), -- Farm - horde owned
(@OGUID+174, 2, 4), -- Farm - horde owned
(@OGUID+175, 2, 4), -- Farm - horde owned
(@OGUID+176, 2, 4), -- Farm - horde owned
(@OGUID+177, 2, 4), -- Farm - horde owned
(@OGUID+178, 2, 4), -- Farm - horde owned
(@OGUID+179, 2, 4), -- Farm - horde owned
(@OGUID+180, 2, 4), -- Farm - horde owned
(@OGUID+181, 2, 4), -- Farm - horde owned
(@OGUID+182, 2, 4), -- Farm - horde owned
(@OGUID+183, 2, 4), -- Farm - horde owned
(@OGUID+184, 2, 4), -- Farm - horde owned
(@OGUID+185, 2, 4), -- Farm - horde owned
(@OGUID+186, 2, 4), -- Farm - horde owned
(@OGUID+187, 2, 4), -- Farm - horde owned
(@OGUID+188, 2, 4), -- Farm - horde owned
(@OGUID+189, 2, 4), -- Farm - horde owned
(@OGUID+190, 2, 4), -- Farm - horde owned
(@OGUID+191, 2, 4), -- Farm - horde owned
(@OGUID+192, 2, 4), -- Farm - horde owned
(@OGUID+193, 2, 4), -- Farm - horde owned
(@OGUID+194, 2, 4), -- Farm - horde owned
(@OGUID+195, 2, 4), -- Farm - horde owned
(@OGUID+196, 2, 4), -- Farm - horde owned
(@OGUID+197, 2, 4), -- Farm - horde owned
(@OGUID+198, 2, 4), -- Farm - horde owned
(@OGUID+199, 2, 4), -- Farm - horde owned
(@OGUID+200, 2, 4), -- Farm - horde owned
(@OGUID+201, 2, 4), -- Farm - horde owned
(@OGUID+202, 2, 4), -- Farm - horde owned
(@OGUID+203, 2, 4), -- Farm - horde owned
(@OGUID+204, 2, 4), -- Farm - horde owned
(@OGUID+205, 2, 4), -- Farm - horde owned
(@OGUID+206, 2, 4), -- Farm - horde owned
(@OGUID+207, 2, 4), -- Farm - horde owned
(@OGUID+208, 2, 4), -- Farm - horde owned
(@OGUID+209, 2, 4), -- Farm - horde owned
(@OGUID+210, 2, 4), -- Farm - horde owned
(@OGUID+211, 2, 4), -- Farm - horde owned
(@OGUID+212, 2, 4), -- Farm - horde owned
(@OGUID+213, 2, 4), -- Farm - horde owned
(@OGUID+214, 2, 4), -- Farm - horde owned
(@OGUID+215, 2, 4), -- Farm - horde owned
(@OGUID+216, 2, 4), -- Farm - horde owned
(@OGUID+217, 2, 4), -- Farm - horde owned
(@OGUID+218, 2, 4), -- Farm - horde owned
(@OGUID+219, 2, 4), -- Farm - horde owned
(@OGUID+220, 2, 4), -- Farm - horde owned
(@OGUID+221, 2, 4), -- Farm - horde owned
(@OGUID+222, 2, 4), -- Farm - horde owned
(@OGUID+223, 2, 4), -- Farm - horde owned
(@OGUID+224, 2, 4), -- Farm - horde owned
(@OGUID+225, 2, 3), -- Farm - alliance owned
(@OGUID+226, 2, 3), -- Farm - alliance owned
(@OGUID+227, 2, 3), -- Farm - alliance owned
(@OGUID+228, 2, 3), -- Farm - alliance owned
(@OGUID+229, 2, 3), -- Farm - alliance owned
(@OGUID+230, 2, 3), -- Farm - alliance owned
(@OGUID+231, 2, 3), -- Farm - alliance owned
(@OGUID+232, 2, 3), -- Farm - alliance owned
(@OGUID+233, 2, 3), -- Farm - alliance owned
(@OGUID+234, 2, 3), -- Farm - alliance owned
(@OGUID+235, 2, 3), -- Farm - alliance owned
(@OGUID+236, 2, 3), -- Farm - alliance owned
(@OGUID+237, 2, 3), -- Farm - alliance owned
(@OGUID+238, 2, 3), -- Farm - alliance owned
(@OGUID+239, 2, 4), -- Farm - horde owned
(@OGUID+240, 2, 4), -- Farm - horde owned
(@OGUID+241, 2, 4), -- Farm - horde owned
(@OGUID+242, 2, 4), -- Farm - horde owned
(@OGUID+243, 2, 4), -- Farm - horde owned
(@OGUID+244, 2, 4), -- Farm - horde owned
(@OGUID+245, 2, 4), -- Farm - horde owned
(@OGUID+246, 2, 4), -- Farm - horde owned
(@OGUID+247, 2, 4), -- Farm - horde owned
(@OGUID+248, 2, 4), -- Farm - horde owned
(@OGUID+249, 2, 4), -- Farm - horde owned
(@OGUID+250, 2, 4), -- Farm - horde owned
(@OGUID+251, 2, 4), -- Farm - horde owned
(@OGUID+252, 2, 4), -- Farm - horde owned
(@OGUID+253, 254, 0), -- doors
(@OGUID+254, 254, 0); -- doors

INSERT INTO `gameobject` (`guid`, `id`, `map`, `position_x`, `position_y`, `position_z`, `orientation`, `rotation0`, `rotation1`, `rotation2`, `rotation3`, `spawntimesecsmin`, `spawntimesecsmax`, `animprogress`, `state`) VALUES
(@OGUID+1, 1744, 529, 991.352, 1014.72, -42.604, 1.22993, 0, 0, 0.576931, 0.816793, 25, 25, 100, 1), -- Anvil
(@OGUID+2, 1744, 529, 996.232, 1001.88, -42.6043, 6.17009, 0, 0, 0.0565189, -0.998402, 25, 25, 100, 1), -- Anvil
(@OGUID+3, 1744, 529, 991.053, 1001.65, -42.6028, 4.10843, 0, 0, 0.885412, -0.464807, 25, 25, 100, 1), -- Anvil
(@OGUID+4, 1744, 529, 984.525, 1007.21, -42.6032, 2.23917, 0, 0, 0.899921, 0.436054, 25, 25, 100, 1), -- Anvil
(@OGUID+5, 180058, 529, 1166.79, 1200.13, -56.7086, 0.907571, 0, 0, 0, 0, 86400, 86400, 100, 1), -- Alliance Banner
(@OGUID+6, 180058, 529, 977.016, 1046.62, -44.8092, -2.60054, 0, 0, 0, 0, 86400, 86400, 100, 1), -- Alliance Banner
(@OGUID+7, 180058, 529, 806.182, 874.272, -55.9937, -2.30383, 0, 0, 0, 0, 86400, 86400, 100, 1), -- Alliance Banner
(@OGUID+8, 180058, 529, 856.142, 1148.9, 11.1847, -2.30383, 0, 0, 0, 0, 86400, 86400, 100, 1), -- Alliance Banner
(@OGUID+9, 180058, 529, 1146.92, 848.178, -110.917, -0.733038, 0, 0, 0, 0, 86400, 86400, 100, 1), -- Alliance Banner
(@OGUID+10, 180059, 529, 1166.79, 1200.13, -56.7086, 0.907571, 0, 0, 0, 0, 86400, 86400, 100, 1), -- Contested Banner
(@OGUID+11, 180059, 529, 977.016, 1046.62, -44.8092, -2.60054, 0, 0, 0, 0, 86400, 86400, 100, 1), -- Contested Banner
(@OGUID+12, 180059, 529, 806.182, 874.272, -55.9937, -2.30383, 0, 0, 0, 0, 86400, 86400, 100, 1), -- Contested Banner
(@OGUID+13, 180059, 529, 856.142, 1148.9, 11.1847, -2.30383, 0, 0, 0, 0, 86400, 86400, 100, 1), -- Contested Banner
(@OGUID+14, 180059, 529, 1146.92, 848.178, -110.917, -0.733038, 0, 0, 0, 0, 86400, 86400, 100, 1), -- Contested Banner
(@OGUID+15, 180060, 529, 1166.79, 1200.13, -56.7086, 0.907571, 0, 0, 0, 0, 86400, 86400, 100, 1), -- Horde Banner
(@OGUID+16, 180060, 529, 977.016, 1046.62, -44.8092, -2.60054, 0, 0, 0, 0, 86400, 86400, 100, 1), -- Horde Banner
(@OGUID+17, 180060, 529, 806.182, 874.272, -55.9937, -2.30383, 0, 0, 0, 0, 86400, 86400, 100, 1), -- Horde Banner
(@OGUID+18, 180060, 529, 856.142, 1148.9, 11.1847, -2.30383, 0, 0, 0, 0, 86400, 86400, 100, 1), -- Horde Banner
(@OGUID+19, 180060, 529, 1146.92, 848.178, -110.917, -0.733038, 0, 0, 0, 0, 86400, 86400, 100, 1), -- Horde Banner
(@OGUID+20, 180061, 529, 1166.79, 1200.13, -56.7086, 0.907571, 0, 0, 0, 0, 86400, 86400, 100, 1), -- Contested Banner
(@OGUID+21, 180061, 529, 977.016, 1046.62, -44.8092, -2.60054, 0, 0, 0, 0, 86400, 86400, 100, 1), -- Contested Banner
(@OGUID+22, 180061, 529, 806.182, 874.272, -55.9937, -2.30383, 0, 0, 0, 0, 86400, 86400, 100, 1), -- Contested Banner
(@OGUID+23, 180061, 529, 856.142, 1148.9, 11.1847, -2.30383, 0, 0, 0, 0, 86400, 86400, 100, 1), -- Contested Banner
(@OGUID+24, 180061, 529, 1146.92, 848.178, -110.917, -0.733038, 0, 0, 0, 0, 86400, 86400, 100, 1), -- Contested Banner
(@OGUID+25, 180087, 529, 1166.79, 1200.13, -56.7086, 0.907571, 0, 0, 0, 0, 86400, 86400, 100, 1), -- Stable Banner
(@OGUID+26, 180088, 529, 977.016, 1046.62, -44.8092, -2.60054, 0, 0, 0, 0, 86400, 86400, 100, 1), -- Blacksmith Banner
(@OGUID+27, 180089, 529, 806.182, 874.272, -55.9937, -2.30383, 0, 0, 0, 0, 86400, 86400, 100, 1), -- Farm Banner
(@OGUID+28, 180090, 529, 856.142, 1148.9, 11.1847, -2.30383, 0, 0, 0, 0, 86400, 86400, 100, 1), -- Lumber Mill Banner
(@OGUID+29, 180091, 529, 1146.92, 848.178, -110.917, -0.733038, 0, 0, 0, 0, 86400, 86400, 100, 1), -- Mine Banner
(@OGUID+45, 180218, 529, 812.468, 863.412, -57.8908, 2.61799, 0, 0, 0, 1, 7200, 7200, 255, 1), -- Arathi Basin Pumpkin
(@OGUID+46, 180218, 529, 836.963, 843.832, -58.2549, 3.87463, 0, 0, 0, 1, 7200, 7200, 255, 1), -- Arathi Basin Pumpkin
(@OGUID+47, 180218, 529, 830.999, 821.705, -57.9708, 1.06465, 0, 0, 0, 1, 7200, 7200, 255, 1), -- Arathi Basin Pumpkin
(@OGUID+48, 180218, 529, 840.427, 872.116, -58.0577, 2.91469, 0, 0, 0, 1, 7200, 7200, 255, 1), -- Arathi Basin Pumpkin
(@OGUID+49, 180218, 529, 817.27, 819.281, -57.7797, 3.17653, 0, 0, 0, 1, 7200, 7200, 255, 1), -- Arathi Basin Pumpkin
(@OGUID+50, 180218, 529, 826.195, 860.879, -57.8156, 5.32326, 0, 0, 0, 1, 7200, 7200, 255, 1), -- Arathi Basin Pumpkin
(@OGUID+51, 180218, 529, 811.218, 861.737, -57.8359, 5.46288, 0, 0, 0, 1, 7200, 7200, 255, 1), -- Arathi Basin Pumpkin
(@OGUID+52, 180218, 529, 809.455, 800.194, -58.0184, 1.01229, 0, 0, 0, 1, 7200, 7200, 255, 1), -- Arathi Basin Pumpkin
(@OGUID+53, 180218, 529, 819.136, 876.383, -58.4074, 5.55015, 0, 0, 0, 1, 7200, 7200, 255, 1), -- Arathi Basin Pumpkin
(@OGUID+54, 180218, 529, 854.632, 857.68, -58.5175, 4.29351, 0, 0, 0, 1, 7200, 7200, 255, 1), -- Arathi Basin Pumpkin
(@OGUID+55, 180218, 529, 858.298, 849.064, -58.4833, 3.3685, 0, 0, 0, 1, 7200, 7200, 255, 1), -- Arathi Basin Pumpkin
(@OGUID+56, 180218, 529, 839.221, 828.745, -57.591, 0.366518, 0, 0, 0, 1, 7200, 7200, 255, 1), -- Arathi Basin Pumpkin
(@OGUID+57, 180218, 529, 816.931, 793.236, -57.9357, 4.39823, 0, 0, 0, 1, 7200, 7200, 255, 1), -- Arathi Basin Pumpkin
(@OGUID+58, 180218, 529, 845.042, 879.826, -58.4152, 1.83259, 0, 0, 0, 1, 7200, 7200, 255, 1), -- Arathi Basin Pumpkin
(@OGUID+59, 180218, 529, 826.672, 873.83, -58.1679, 3.42085, 0, 0, 0, 1, 7200, 7200, 255, 1), -- Arathi Basin Pumpkin
(@OGUID+60, 180218, 529, 806.112, 793.431, -58.1486, 6.24828, 0, 0, 0, 1, 7200, 7200, 255, 1), -- Arathi Basin Pumpkin
(@OGUID+61, 180218, 529, 817.42, 790.555, -57.9141, 0.139625, 0, 0, 0, 1, 7200, 7200, 255, 1), -- Arathi Basin Pumpkin
(@OGUID+62, 180218, 529, 828.236, 812.372, -57.8446, 5.61996, 0, 0, 0, 1, 7200, 7200, 255, 1), -- Arathi Basin Pumpkin
(@OGUID+63, 180218, 529, 839.577, 855.204, -57.8964, 6.07375, 0, 0, 0, 1, 7200, 7200, 255, 1), -- Arathi Basin Pumpkin
(@OGUID+64, 180218, 529, 819.957, 865.327, -57.5317, 4.64258, 0, 0, 0, 1, 7200, 7200, 255, 1), -- Arathi Basin Pumpkin
(@OGUID+65, 180218, 529, 836.371, 845.542, -58.2662, 1.02974, 0, 0, 0, 1, 7200, 7200, 255, 1), -- Arathi Basin Pumpkin
(@OGUID+66, 180218, 529, 838.38, 845.352, -58.1822, 0.715585, 0, 0, 0, 1, 7200, 7200, 255, 1), -- Arathi Basin Pumpkin
(@OGUID+67, 180218, 529, 841.295, 858.492, -57.8125, 4.34587, 0, 0, 0, 1, 7200, 7200, 255, 1), -- Arathi Basin Pumpkin
(@OGUID+68, 180218, 529, 854.695, 861.679, -58.5732, 5.39307, 0, 0, 0, 1, 7200, 7200, 255, 1), -- Arathi Basin Pumpkin
(@OGUID+69, 180218, 529, 842.301, 827.672, -57.747, 0.191985, 0, 0, 0, 1, 7200, 7200, 255, 1), -- Arathi Basin Pumpkin
(@OGUID+70, 180219, 529, 856.244, 859.265, -58.5607, 5.49779, 0, 0, 0, 1, 7200, 7200, 255, 1), -- Arathi Basin Pumpkin Patch
(@OGUID+71, 180219, 529, 846.167, 841.721, -58.3017, 1.25664, 0, 0, 0, 1, 7200, 7200, 255, 1), -- Arathi Basin Pumpkin Patch
(@OGUID+72, 180219, 529, 833.724, 823.595, -58.031, 1.309, 0, 0, 0, 1, 7200, 7200, 255, 1), -- Arathi Basin Pumpkin Patch
(@OGUID+73, 180219, 529, 827.689, 862.08, -57.8395, 5.44543, 0, 0, 0, 1, 7200, 7200, 255, 1), -- Arathi Basin Pumpkin Patch
(@OGUID+74, 180219, 529, 854.962, 825.815, -57.5597, 0.349065, 0, 0, 0, 1, 7200, 7200, 255, 1), -- Arathi Basin Pumpkin Patch
(@OGUID+75, 180219, 529, 833.548, 820.18, -57.9918, 2.63544, 0, 0, 0, 1, 7200, 7200, 255, 1), -- Arathi Basin Pumpkin Patch
(@OGUID+76, 180219, 529, 846.689, 878.15, -58.3168, 0.680677, 0, 0, 0, 1, 7200, 7200, 255, 1), -- Arathi Basin Pumpkin Patch
(@OGUID+77, 180220, 529, 802.771, 841.938, -57.4145, 4.86947, 0, 0, 0, 1, 7200, 7200, 255, 1), -- Arathi Basin Bone01
(@OGUID+78, 180220, 529, 840.211, 844.91, -58.1869, 1.09956, 0, 0, 0, 1, 7200, 7200, 255, 1), -- Arathi Basin Bone01
(@OGUID+79, 180220, 529, 823.58, 875.868, -58.1679, 5.81195, 0, 0, 0, 1, 7200, 7200, 255, 1), -- Arathi Basin Bone01
(@OGUID+80, 180220, 529, 857.871, 828.833, -57.8815, 1.79769, 0, 0, 0, 1, 7200, 7200, 255, 1), -- Arathi Basin Bone01
(@OGUID+81, 180220, 529, 811.678, 790.265, -57.9249, 0.349065, 0, 0, 0, 1, 7200, 7200, 255, 1), -- Arathi Basin Bone01
(@OGUID+82, 180220, 529, 828.632, 812.08, -57.8347, 1.23918, 0, 0, 0, 1, 7200, 7200, 255, 1), -- Arathi Basin Bone01
(@OGUID+83, 180220, 529, 854.253, 861.604, -58.5657, 2.54818, 0, 0, 0, 1, 7200, 7200, 255, 1), -- Arathi Basin Bone01
(@OGUID+84, 180220, 529, 837.829, 828.637, -57.5969, 5.96903, 0, 0, 0, 1, 7200, 7200, 255, 1), -- Arathi Basin Bone01
(@OGUID+85, 180220, 529, 822.15, 864.645, -57.7939, 0.261798, 0, 0, 0, 1, 7200, 7200, 255, 1), -- Arathi Basin Bone01
(@OGUID+86, 180220, 529, 845.539, 854.315, -57.6762, 6.12611, 0, 0, 0, 1, 7200, 7200, 255, 1), -- Arathi Basin Bone01
(@OGUID+87, 180220, 529, 821.977, 813.516, -58.0313, 3.54302, 0, 0, 0, 1, 7200, 7200, 255, 1), -- Arathi Basin Bone01
(@OGUID+88, 180220, 529, 846.704, 822.094, -58.052, 0.139625, 0, 0, 0, 1, 7200, 7200, 255, 1), -- Arathi Basin Bone01
(@OGUID+89, 180220, 529, 845.916, 880.218, -58.4203, 5.58505, 0, 0, 0, 1, 7200, 7200, 255, 1), -- Arathi Basin Bone01
(@OGUID+90, 180220, 529, 838.469, 869.584, -57.8706, 1.46608, 0, 0, 0, 1, 7200, 7200, 255, 1), -- Arathi Basin Bone01
(@OGUID+91, 180220, 529, 809.782, 833.842, -57.0651, 4.64258, 0, 0, 0, 1, 7200, 7200, 255, 1), -- Arathi Basin Bone01
(@OGUID+92, 180220, 529, 825.452, 875.528, -58.1246, 3.94445, 0, 0, 0, 1, 7200, 7200, 255, 1), -- Arathi Basin Bone01
(@OGUID+93, 180220, 529, 852.552, 820.99, -57.8172, 2.82743, 0, 0, 0, 1, 7200, 7200, 255, 1), -- Arathi Basin Bone01
(@OGUID+94, 180220, 529, 808.805, 797.434, -57.973, 2.63544, 0, 0, 0, 1, 7200, 7200, 255, 1), -- Arathi Basin Bone01
(@OGUID+95, 180220, 529, 811.643, 800.111, -57.959, 2.72271, 0, 0, 0, 1, 7200, 7200, 255, 1), -- Arathi Basin Bone01
(@OGUID+96, 180220, 529, 848.585, 836.068, -57.8643, 5.44543, 0, 0, 0, 1, 7200, 7200, 255, 1), -- Arathi Basin Bone01
(@OGUID+97, 180220, 529, 825.954, 823.076, -57.8157, 5.60251, 0, 0, 0, 1, 7200, 7200, 255, 1), -- Arathi Basin Bone01
(@OGUID+98, 180220, 529, 793.252, 824.083, -56.5513, 3.42085, 0, 0, 0, 1, 7200, 7200, 255, 1), -- Arathi Basin Bone01
(@OGUID+99, 180220, 529, 825.284, 818.208, -57.7442, 6.24828, 0, 0, 0, 1, 7200, 7200, 255, 1), -- Arathi Basin Bone01
(@OGUID+100, 180220, 529, 839.844, 846.052, -58.1728, 2.75761, 0, 0, 0, 1, 7200, 7200, 255, 1), -- Arathi Basin Bone01
(@OGUID+101, 180220, 529, 845.461, 882.717, -58.5138, 3.03684, 0, 0, 0, 1, 7200, 7200, 255, 1), -- Arathi Basin Bone01
(@OGUID+102, 180220, 529, 826.045, 846.452, -57.7163, 0.785397, 0, 0, 0, 1, 7200, 7200, 255, 1), -- Arathi Basin Bone01
(@OGUID+103, 180220, 529, 855.921, 843.101, -57.8557, 5.55015, 0, 0, 0, 1, 7200, 7200, 255, 1), -- Arathi Basin Bone01
(@OGUID+104, 180220, 529, 816.18, 820.578, -57.735, 4.34587, 0, 0, 0, 1, 7200, 7200, 255, 1), -- Arathi Basin Bone01
(@OGUID+105, 180222, 529, 825.452, 875.528, -58.1246, 3.94445, 0, 0, 0, 1, 7200, 7200, 255, 1), -- Arathi Basin Bone02
(@OGUID+106, 180222, 529, 816.998, 851.552, -57.3722, 2.33874, 0, 0, 0, 1, 7200, 7200, 255, 1), -- Arathi Basin Bone02
(@OGUID+107, 180222, 529, 821.977, 813.516, -58.0313, 3.54302, 0, 0, 0, 1, 7200, 7200, 255, 1), -- Arathi Basin Bone02
(@OGUID+108, 180222, 529, 851.503, 847.161, -57.9231, 2.91469, 0, 0, 0, 1, 7200, 7200, 255, 1), -- Arathi Basin Bone02
(@OGUID+109, 180222, 529, 809.782, 833.842, -57.0651, 4.64258, 0, 0, 0, 1, 7200, 7200, 255, 1), -- Arathi Basin Bone02
(@OGUID+110, 180222, 529, 822.15, 864.645, -57.7939, 0.261798, 0, 0, 0, 1, 7200, 7200, 255, 1), -- Arathi Basin Bone02
(@OGUID+111, 180222, 529, 846.704, 822.094, -58.052, 0.139625, 0, 0, 0, 1, 7200, 7200, 255, 1), -- Arathi Basin Bone02
(@OGUID+112, 180222, 529, 831.149, 856.946, -57.9999, 5.5676, 0, 0, 0, 1, 7200, 7200, 255, 1), -- Arathi Basin Bone02
(@OGUID+113, 180222, 529, 803.941, 826.62, -57.4124, 2.05949, 0, 0, 0, 1, 7200, 7200, 255, 1), -- Arathi Basin Bone02
(@OGUID+114, 180222, 529, 825.954, 823.076, -57.8157, 5.60251, 0, 0, 0, 1, 7200, 7200, 255, 1), -- Arathi Basin Bone02
(@OGUID+115, 180222, 529, 835.381, 821.814, -57.9953, 0.296705, 0, 0, 0, 1, 7200, 7200, 255, 1), -- Arathi Basin Bone02
(@OGUID+116, 180222, 529, 848.585, 836.068, -57.8643, 5.44543, 0, 0, 0, 1, 7200, 7200, 255, 1), -- Arathi Basin Bone02
(@OGUID+117, 180222, 529, 826.045, 846.452, -57.7163, 0.785397, 0, 0, 0, 1, 7200, 7200, 255, 1), -- Arathi Basin Bone02
(@OGUID+118, 180222, 529, 811.987, 861.662, -57.8103, 1.309, 0, 0, 0, 1, 7200, 7200, 255, 1), -- Arathi Basin Bone02
(@OGUID+119, 180222, 529, 855.921, 843.101, -57.8557, 5.55015, 0, 0, 0, 1, 7200, 7200, 255, 1), -- Arathi Basin Bone02
(@OGUID+120, 180222, 529, 825.284, 818.208, -57.7442, 6.24828, 0, 0, 0, 1, 7200, 7200, 255, 1), -- Arathi Basin Bone02
(@OGUID+121, 180222, 529, 823.58, 875.868, -58.1679, 5.81195, 0, 0, 0, 1, 7200, 7200, 255, 1), -- Arathi Basin Bone02
(@OGUID+122, 180222, 529, 845.461, 882.717, -58.5138, 3.03684, 0, 0, 0, 1, 7200, 7200, 255, 1), -- Arathi Basin Bone02
(@OGUID+123, 180222, 529, 811.678, 790.265, -57.9249, 0.349065, 0, 0, 0, 1, 7200, 7200, 255, 1), -- Arathi Basin Bone02
(@OGUID+124, 180222, 529, 828.632, 812.08, -57.8347, 1.23918, 0, 0, 0, 1, 7200, 7200, 255, 1), -- Arathi Basin Bone02
(@OGUID+125, 180222, 529, 794.964, 850.482, -56.0751, 0.157079, 0, 0, 0, 1, 7200, 7200, 255, 1), -- Arathi Basin Bone02
(@OGUID+126, 180222, 529, 793.252, 824.083, -56.5513, 3.42085, 0, 0, 0, 1, 7200, 7200, 255, 1), -- Arathi Basin Bone02
(@OGUID+127, 180222, 529, 808.805, 797.434, -57.973, 2.63544, 0, 0, 0, 1, 7200, 7200, 255, 1), -- Arathi Basin Bone02
(@OGUID+128, 180222, 529, 845.916, 880.218, -58.4203, 5.58505, 0, 0, 0, 1, 7200, 7200, 255, 1), -- Arathi Basin Bone02
(@OGUID+129, 180222, 529, 816.18, 820.578, -57.735, 4.34587, 0, 0, 0, 1, 7200, 7200, 255, 1), -- Arathi Basin Bone02
(@OGUID+130, 180222, 529, 838.469, 869.584, -57.8706, 1.46608, 0, 0, 0, 1, 7200, 7200, 255, 1), -- Arathi Basin Bone02
(@OGUID+131, 180222, 529, 839.844, 846.052, -58.1728, 2.75761, 0, 0, 0, 1, 7200, 7200, 255, 1), -- Arathi Basin Bone02
(@OGUID+132, 180222, 529, 845.539, 854.315, -57.6762, 6.12611, 0, 0, 0, 1, 7200, 7200, 255, 1), -- Arathi Basin Bone02
(@OGUID+133, 180222, 529, 854.253, 861.604, -58.5657, 2.54818, 0, 0, 0, 1, 7200, 7200, 255, 1), -- Arathi Basin Bone02
(@OGUID+134, 180222, 529, 857.871, 828.833, -57.8815, 1.79769, 0, 0, 0, 1, 7200, 7200, 255, 1), -- Arathi Basin Bone02
(@OGUID+135, 180223, 529, 811.987, 861.662, -57.8103, 1.309, 0, 0, 0, 1, 7200, 7200, 255, 1), -- Arathi Basin BlastedLandsSkull01
(@OGUID+136, 180223, 529, 845.916, 880.218, -58.4203, 5.58505, 0, 0, 0, 1, 7200, 7200, 255, 1), -- Arathi Basin BlastedLandsSkull01
(@OGUID+137, 180223, 529, 808.805, 797.434, -57.973, 2.63544, 0, 0, 0, 1, 7200, 7200, 255, 1), -- Arathi Basin BlastedLandsSkull01
(@OGUID+138, 180223, 529, 835.381, 821.814, -57.9953, 0.296705, 0, 0, 0, 1, 7200, 7200, 255, 1), -- Arathi Basin BlastedLandsSkull01
(@OGUID+139, 180223, 529, 845.461, 882.717, -58.5138, 3.03684, 0, 0, 0, 1, 7200, 7200, 255, 1), -- Arathi Basin BlastedLandsSkull01
(@OGUID+140, 180223, 529, 794.964, 850.482, -56.0751, 0.157079, 0, 0, 0, 1, 7200, 7200, 255, 1), -- Arathi Basin BlastedLandsSkull01
(@OGUID+141, 180223, 529, 816.18, 820.578, -57.735, 4.34587, 0, 0, 0, 1, 7200, 7200, 255, 1), -- Arathi Basin BlastedLandsSkull01
(@OGUID+142, 180223, 529, 803.941, 826.62, -57.4124, 2.05949, 0, 0, 0, 1, 7200, 7200, 255, 1), -- Arathi Basin BlastedLandsSkull01
(@OGUID+143, 180223, 529, 823.58, 875.868, -58.1679, 5.81195, 0, 0, 0, 1, 7200, 7200, 255, 1), -- Arathi Basin BlastedLandsSkull01
(@OGUID+144, 180223, 529, 851.503, 847.161, -57.9231, 2.91469, 0, 0, 0, 1, 7200, 7200, 255, 1), -- Arathi Basin BlastedLandsSkull01
(@OGUID+145, 180223, 529, 811.643, 800.111, -57.959, 2.72271, 0, 0, 0, 1, 7200, 7200, 255, 1), -- Arathi Basin BlastedLandsSkull01
(@OGUID+146, 180223, 529, 828.632, 812.08, -57.8347, 1.23918, 0, 0, 0, 1, 7200, 7200, 255, 1), -- Arathi Basin BlastedLandsSkull01
(@OGUID+147, 180223, 529, 840.211, 844.91, -58.1869, 1.09956, 0, 0, 0, 1, 7200, 7200, 255, 1), -- Arathi Basin BlastedLandsSkull01
(@OGUID+148, 180223, 529, 852.552, 820.99, -57.8172, 2.82743, 0, 0, 0, 1, 7200, 7200, 255, 1), -- Arathi Basin BlastedLandsSkull01
(@OGUID+149, 180223, 529, 811.678, 790.265, -57.9249, 0.349065, 0, 0, 0, 1, 7200, 7200, 255, 1), -- Arathi Basin BlastedLandsSkull01
(@OGUID+150, 180223, 529, 802.771, 841.938, -57.4145, 4.86947, 0, 0, 0, 1, 7200, 7200, 255, 1), -- Arathi Basin BlastedLandsSkull01
(@OGUID+151, 180223, 529, 854.253, 861.604, -58.5657, 2.54818, 0, 0, 0, 1, 7200, 7200, 255, 1), -- Arathi Basin BlastedLandsSkull01
(@OGUID+152, 180223, 529, 837.829, 828.637, -57.5969, 5.96903, 0, 0, 0, 1, 7200, 7200, 255, 1), -- Arathi Basin BlastedLandsSkull01
(@OGUID+153, 180223, 529, 826.045, 846.452, -57.7163, 0.785397, 0, 0, 0, 1, 7200, 7200, 255, 1), -- Arathi Basin BlastedLandsSkull01
(@OGUID+154, 180223, 529, 825.954, 823.076, -57.8157, 5.60251, 0, 0, 0, 1, 7200, 7200, 255, 1), -- Arathi Basin BlastedLandsSkull01
(@OGUID+155, 180223, 529, 848.585, 836.068, -57.8643, 5.44543, 0, 0, 0, 1, 7200, 7200, 255, 1), -- Arathi Basin BlastedLandsSkull01
(@OGUID+156, 180223, 529, 839.844, 846.052, -58.1728, 2.75761, 0, 0, 0, 1, 7200, 7200, 255, 1), -- Arathi Basin BlastedLandsSkull01
(@OGUID+157, 180223, 529, 838.469, 869.584, -57.8706, 1.46608, 0, 0, 0, 1, 7200, 7200, 255, 1), -- Arathi Basin BlastedLandsSkull01
(@OGUID+158, 180223, 529, 793.252, 824.083, -56.5513, 3.42085, 0, 0, 0, 1, 7200, 7200, 255, 1), -- Arathi Basin BlastedLandsSkull01
(@OGUID+159, 180223, 529, 831.149, 856.946, -57.9999, 5.5676, 0, 0, 0, 1, 7200, 7200, 255, 1), -- Arathi Basin BlastedLandsSkull01
(@OGUID+160, 180223, 529, 822.15, 864.645, -57.7939, 0.261798, 0, 0, 0, 1, 7200, 7200, 255, 1), -- Arathi Basin BlastedLandsSkull01
(@OGUID+161, 180223, 529, 845.539, 854.315, -57.6762, 6.12611, 0, 0, 0, 1, 7200, 7200, 255, 1), -- Arathi Basin BlastedLandsSkull01
(@OGUID+162, 180223, 529, 825.452, 875.528, -58.1246, 3.94445, 0, 0, 0, 1, 7200, 7200, 255, 1), -- Arathi Basin BlastedLandsSkull01
(@OGUID+163, 180223, 529, 855.921, 843.101, -57.8557, 5.55015, 0, 0, 0, 1, 7200, 7200, 255, 1), -- Arathi Basin BlastedLandsSkull01
(@OGUID+164, 180223, 529, 809.782, 833.842, -57.0651, 4.64258, 0, 0, 0, 1, 7200, 7200, 255, 1), -- Arathi Basin BlastedLandsSkull01
(@OGUID+165, 180223, 529, 821.977, 813.516, -58.0313, 3.54302, 0, 0, 0, 1, 7200, 7200, 255, 1), -- Arathi Basin BlastedLandsSkull01
(@OGUID+166, 180224, 529, 857.871, 828.833, -57.8815, 1.79769, 0, 0, 0, 1, 7200, 7200, 255, 1), -- Arathi Basin BlastedLandsBonePile02
(@OGUID+167, 180224, 529, 823.58, 875.868, -58.1679, 5.81195, 0, 0, 0, 1, 7200, 7200, 255, 1), -- Arathi Basin BlastedLandsBonePile02
(@OGUID+168, 180224, 529, 825.954, 823.076, -57.8157, 5.60251, 0, 0, 0, 1, 7200, 7200, 255, 1), -- Arathi Basin BlastedLandsBonePile02
(@OGUID+169, 180224, 529, 854.253, 861.604, -58.5657, 2.54818, 0, 0, 0, 1, 7200, 7200, 255, 1), -- Arathi Basin BlastedLandsBonePile02
(@OGUID+170, 180224, 529, 809.782, 833.842, -57.0651, 4.64258, 0, 0, 0, 1, 7200, 7200, 255, 1), -- Arathi Basin BlastedLandsBonePile02
(@OGUID+171, 180224, 529, 851.503, 847.161, -57.9231, 2.91469, 0, 0, 0, 1, 7200, 7200, 255, 1), -- Arathi Basin BlastedLandsBonePile02
(@OGUID+172, 180224, 529, 821.977, 813.516, -58.0313, 3.54302, 0, 0, 0, 1, 7200, 7200, 255, 1), -- Arathi Basin BlastedLandsBonePile02
(@OGUID+173, 180224, 529, 840.211, 844.91, -58.1869, 1.09956, 0, 0, 0, 1, 7200, 7200, 255, 1), -- Arathi Basin BlastedLandsBonePile02
(@OGUID+174, 180224, 529, 825.284, 818.208, -57.7442, 6.24828, 0, 0, 0, 1, 7200, 7200, 255, 1), -- Arathi Basin BlastedLandsBonePile02
(@OGUID+175, 180224, 529, 803.941, 826.62, -57.4124, 2.05949, 0, 0, 0, 1, 7200, 7200, 255, 1), -- Arathi Basin BlastedLandsBonePile02
(@OGUID+176, 180224, 529, 808.805, 797.434, -57.973, 2.63544, 0, 0, 0, 1, 7200, 7200, 255, 1), -- Arathi Basin BlastedLandsBonePile02
(@OGUID+177, 180224, 529, 831.149, 856.946, -57.9999, 5.5676, 0, 0, 0, 1, 7200, 7200, 255, 1), -- Arathi Basin BlastedLandsBonePile02
(@OGUID+178, 180224, 529, 816.998, 851.552, -57.3722, 2.33874, 0, 0, 0, 1, 7200, 7200, 255, 1), -- Arathi Basin BlastedLandsBonePile02
(@OGUID+179, 180224, 529, 839.844, 846.052, -58.1728, 2.75761, 0, 0, 0, 1, 7200, 7200, 255, 1), -- Arathi Basin BlastedLandsBonePile02
(@OGUID+180, 180224, 529, 811.643, 800.111, -57.959, 2.72271, 0, 0, 0, 1, 7200, 7200, 255, 1), -- Arathi Basin BlastedLandsBonePile02
(@OGUID+181, 180224, 529, 838.469, 869.584, -57.8706, 1.46608, 0, 0, 0, 1, 7200, 7200, 255, 1), -- Arathi Basin BlastedLandsBonePile02
(@OGUID+182, 180224, 529, 855.921, 843.101, -57.8557, 5.55015, 0, 0, 0, 1, 7200, 7200, 255, 1), -- Arathi Basin BlastedLandsBonePile02
(@OGUID+183, 180224, 529, 826.045, 846.452, -57.7163, 0.785397, 0, 0, 0, 1, 7200, 7200, 255, 1), -- Arathi Basin BlastedLandsBonePile02
(@OGUID+184, 180224, 529, 793.252, 824.083, -56.5513, 3.42085, 0, 0, 0, 1, 7200, 7200, 255, 1), -- Arathi Basin BlastedLandsBonePile02
(@OGUID+185, 180224, 529, 848.585, 836.068, -57.8643, 5.44543, 0, 0, 0, 1, 7200, 7200, 255, 1), -- Arathi Basin BlastedLandsBonePile02
(@OGUID+186, 180224, 529, 811.678, 790.265, -57.9249, 0.349065, 0, 0, 0, 1, 7200, 7200, 255, 1), -- Arathi Basin BlastedLandsBonePile02
(@OGUID+187, 180224, 529, 802.771, 841.938, -57.4145, 4.86947, 0, 0, 0, 1, 7200, 7200, 255, 1), -- Arathi Basin BlastedLandsBonePile02
(@OGUID+188, 180224, 529, 794.964, 850.482, -56.0751, 0.157079, 0, 0, 0, 1, 7200, 7200, 255, 1), -- Arathi Basin BlastedLandsBonePile02
(@OGUID+189, 180224, 529, 845.916, 880.218, -58.4203, 5.58505, 0, 0, 0, 1, 7200, 7200, 255, 1), -- Arathi Basin BlastedLandsBonePile02
(@OGUID+190, 180224, 529, 837.829, 828.637, -57.5969, 5.96903, 0, 0, 0, 1, 7200, 7200, 255, 1), -- Arathi Basin BlastedLandsBonePile02
(@OGUID+191, 180224, 529, 825.452, 875.528, -58.1246, 3.94445, 0, 0, 0, 1, 7200, 7200, 255, 1), -- Arathi Basin BlastedLandsBonePile02
(@OGUID+192, 180224, 529, 828.632, 812.08, -57.8347, 1.23918, 0, 0, 0, 1, 7200, 7200, 255, 1), -- Arathi Basin BlastedLandsBonePile02
(@OGUID+193, 180224, 529, 852.552, 820.99, -57.8172, 2.82743, 0, 0, 0, 1, 7200, 7200, 255, 1), -- Arathi Basin BlastedLandsBonePile02
(@OGUID+194, 180224, 529, 846.704, 822.094, -58.052, 0.139625, 0, 0, 0, 1, 7200, 7200, 255, 1), -- Arathi Basin BlastedLandsBonePile02
(@OGUID+195, 180224, 529, 811.987, 861.662, -57.8103, 1.309, 0, 0, 0, 1, 7200, 7200, 255, 1), -- Arathi Basin BlastedLandsBonePile02
(@OGUID+196, 180225, 529, 816.18, 820.578, -57.735, 4.34587, 0, 0, 0, 1, 7200, 7200, 255, 1), -- Arathi Basin BlastedLandsBonePile03
(@OGUID+197, 180225, 529, 837.829, 828.637, -57.5969, 5.96903, 0, 0, 0, 1, 7200, 7200, 255, 1), -- Arathi Basin BlastedLandsBonePile03
(@OGUID+198, 180225, 529, 845.916, 880.218, -58.4203, 5.58505, 0, 0, 0, 1, 7200, 7200, 255, 1), -- Arathi Basin BlastedLandsBonePile03
(@OGUID+199, 180225, 529, 855.921, 843.101, -57.8557, 5.55015, 0, 0, 0, 1, 7200, 7200, 255, 1), -- Arathi Basin BlastedLandsBonePile03
(@OGUID+200, 180225, 529, 826.045, 846.452, -57.7163, 0.785397, 0, 0, 0, 1, 7200, 7200, 255, 1), -- Arathi Basin BlastedLandsBonePile03
(@OGUID+201, 180225, 529, 845.539, 854.315, -57.6762, 6.12611, 0, 0, 0, 1, 7200, 7200, 255, 1), -- Arathi Basin BlastedLandsBonePile03
(@OGUID+202, 180225, 529, 839.844, 846.052, -58.1728, 2.75761, 0, 0, 0, 1, 7200, 7200, 255, 1), -- Arathi Basin BlastedLandsBonePile03
(@OGUID+203, 180225, 529, 852.552, 820.99, -57.8172, 2.82743, 0, 0, 0, 1, 7200, 7200, 255, 1), -- Arathi Basin BlastedLandsBonePile03
(@OGUID+204, 180225, 529, 802.771, 841.938, -57.4145, 4.86947, 0, 0, 0, 1, 7200, 7200, 255, 1), -- Arathi Basin BlastedLandsBonePile03
(@OGUID+205, 180225, 529, 816.998, 851.552, -57.3722, 2.33874, 0, 0, 0, 1, 7200, 7200, 255, 1), -- Arathi Basin BlastedLandsBonePile03
(@OGUID+206, 180225, 529, 793.252, 824.083, -56.5513, 3.42085, 0, 0, 0, 1, 7200, 7200, 255, 1), -- Arathi Basin BlastedLandsBonePile03
(@OGUID+207, 180225, 529, 840.211, 844.91, -58.1869, 1.09956, 0, 0, 0, 1, 7200, 7200, 255, 1), -- Arathi Basin BlastedLandsBonePile03
(@OGUID+208, 180225, 529, 811.643, 800.111, -57.959, 2.72271, 0, 0, 0, 1, 7200, 7200, 255, 1), -- Arathi Basin BlastedLandsBonePile03
(@OGUID+209, 180225, 529, 825.452, 875.528, -58.1246, 3.94445, 0, 0, 0, 1, 7200, 7200, 255, 1), -- Arathi Basin BlastedLandsBonePile03
(@OGUID+210, 180225, 529, 825.284, 818.208, -57.7442, 6.24828, 0, 0, 0, 1, 7200, 7200, 255, 1), -- Arathi Basin BlastedLandsBonePile03
(@OGUID+211, 180225, 529, 857.871, 828.833, -57.8815, 1.79769, 0, 0, 0, 1, 7200, 7200, 255, 1), -- Arathi Basin BlastedLandsBonePile03
(@OGUID+212, 180225, 529, 825.954, 823.076, -57.8157, 5.60251, 0, 0, 0, 1, 7200, 7200, 255, 1), -- Arathi Basin BlastedLandsBonePile03
(@OGUID+213, 180225, 529, 831.149, 856.946, -57.9999, 5.5676, 0, 0, 0, 1, 7200, 7200, 255, 1), -- Arathi Basin BlastedLandsBonePile03
(@OGUID+214, 180225, 529, 794.964, 850.482, -56.0751, 0.157079, 0, 0, 0, 1, 7200, 7200, 255, 1), -- Arathi Basin BlastedLandsBonePile03
(@OGUID+215, 180225, 529, 808.805, 797.434, -57.973, 2.63544, 0, 0, 0, 1, 7200, 7200, 255, 1), -- Arathi Basin BlastedLandsBonePile03
(@OGUID+216, 180225, 529, 851.503, 847.161, -57.9231, 2.91469, 0, 0, 0, 1, 7200, 7200, 255, 1), -- Arathi Basin BlastedLandsBonePile03
(@OGUID+217, 180225, 529, 823.58, 875.868, -58.1679, 5.81195, 0, 0, 0, 1, 7200, 7200, 255, 1), -- Arathi Basin BlastedLandsBonePile03
(@OGUID+218, 180225, 529, 822.15, 864.645, -57.7939, 0.261798, 0, 0, 0, 1, 7200, 7200, 255, 1), -- Arathi Basin BlastedLandsBonePile03
(@OGUID+219, 180225, 529, 846.704, 822.094, -58.052, 0.139625, 0, 0, 0, 1, 7200, 7200, 255, 1), -- Arathi Basin BlastedLandsBonePile03
(@OGUID+220, 180225, 529, 811.987, 861.662, -57.8103, 1.309, 0, 0, 0, 1, 7200, 7200, 255, 1), -- Arathi Basin BlastedLandsBonePile03
(@OGUID+221, 180225, 529, 854.253, 861.604, -58.5657, 2.54818, 0, 0, 0, 1, 7200, 7200, 255, 1), -- Arathi Basin BlastedLandsBonePile03
(@OGUID+222, 180225, 529, 835.381, 821.814, -57.9953, 0.296705, 0, 0, 0, 1, 7200, 7200, 255, 1), -- Arathi Basin BlastedLandsBonePile03
(@OGUID+223, 180225, 529, 811.678, 790.265, -57.9249, 0.349065, 0, 0, 0, 1, 7200, 7200, 255, 1), -- Arathi Basin BlastedLandsBonePile03
(@OGUID+224, 180225, 529, 821.977, 813.516, -58.0313, 3.54302, 0, 0, 0, 1, 7200, 7200, 255, 1), -- Arathi Basin BlastedLandsBonePile03
(@OGUID+225, 180226, 529, 846.775, 842.62, -58.2415, 2.94959, 0, 0, 0, 1, 7200, 7200, 255, 1), -- Arathi Basin Doomweed01
(@OGUID+226, 180226, 529, 837.201, 862.352, -57.461, 2.18166, 0, 0, 0, 1, 7200, 7200, 255, 1), -- Arathi Basin Doomweed01
(@OGUID+227, 180226, 529, 814.638, 859.498, -57.709, 4.50295, 0, 0, 0, 1, 7200, 7200, 255, 1), -- Arathi Basin Doomweed01
(@OGUID+228, 180226, 529, 805.43, 792.625, -58.1898, 4.85202, 0, 0, 0, 1, 7200, 7200, 255, 1), -- Arathi Basin Doomweed01
(@OGUID+229, 180226, 529, 844.047, 827.609, -57.8357, 2.16421, 0, 0, 0, 1, 7200, 7200, 255, 1), -- Arathi Basin Doomweed01
(@OGUID+230, 180226, 529, 817.102, 794.594, -58.0055, 5.48033, 0, 0, 0, 1, 7200, 7200, 255, 1), -- Arathi Basin Doomweed01
(@OGUID+231, 180226, 529, 826.021, 814.397, -57.8523, 0.59341, 0, 0, 0, 1, 7200, 7200, 255, 1), -- Arathi Basin Doomweed01
(@OGUID+232, 180226, 529, 830.495, 826.901, -58.0094, 5.21854, 0, 0, 0, 1, 7200, 7200, 255, 1), -- Arathi Basin Doomweed01
(@OGUID+233, 180226, 529, 857.92, 853.466, -58.5591, 4.79966, 0, 0, 0, 1, 7200, 7200, 255, 1), -- Arathi Basin Doomweed01
(@OGUID+234, 180226, 529, 860.246, 831.615, -57.9775, 0.59341, 0, 0, 0, 1, 7200, 7200, 255, 1), -- Arathi Basin Doomweed01
(@OGUID+235, 180226, 529, 819.573, 873.308, -58.2632, 6.02139, 0, 0, 0, 1, 7200, 7200, 255, 1), -- Arathi Basin Doomweed01
(@OGUID+236, 180226, 529, 844.153, 874.653, -58.1478, 5.34071, 0, 0, 0, 1, 7200, 7200, 255, 1), -- Arathi Basin Doomweed01
(@OGUID+237, 180226, 529, 844.229, 873.405, -58.0143, 0.733038, 0, 0, 0, 1, 7200, 7200, 255, 1), -- Arathi Basin Doomweed01
(@OGUID+238, 180226, 529, 834.017, 839.465, -58.286, 3.87463, 0, 0, 0, 1, 7200, 7200, 255, 1), -- Arathi Basin Doomweed01
(@OGUID+239, 180227, 529, 834.017, 839.465, -58.286, 3.87463, 0, 0, 0, 1, 7200, 7200, 255, 1), -- Arathi Basin Gloomweed01
(@OGUID+240, 180227, 529, 857.92, 853.466, -58.5591, 4.79966, 0, 0, 0, 1, 7200, 7200, 255, 1), -- Arathi Basin Gloomweed01
(@OGUID+241, 180227, 529, 819.573, 873.308, -58.2632, 6.02139, 0, 0, 0, 1, 7200, 7200, 255, 1), -- Arathi Basin Gloomweed01
(@OGUID+242, 180227, 529, 860.246, 831.615, -57.9775, 0.59341, 0, 0, 0, 1, 7200, 7200, 255, 1), -- Arathi Basin Gloomweed01
(@OGUID+243, 180227, 529, 844.153, 874.653, -58.1478, 5.34071, 0, 0, 0, 1, 7200, 7200, 255, 1), -- Arathi Basin Gloomweed01
(@OGUID+244, 180227, 529, 844.229, 873.405, -58.0143, 0.733038, 0, 0, 0, 1, 7200, 7200, 255, 1), -- Arathi Basin Gloomweed01
(@OGUID+245, 180227, 529, 805.43, 792.625, -58.1898, 4.85202, 0, 0, 0, 1, 7200, 7200, 255, 1), -- Arathi Basin Gloomweed01
(@OGUID+246, 180227, 529, 830.495, 826.901, -58.0094, 5.21854, 0, 0, 0, 1, 7200, 7200, 255, 1), -- Arathi Basin Gloomweed01
(@OGUID+247, 180227, 529, 817.102, 794.594, -58.0055, 5.48033, 0, 0, 0, 1, 7200, 7200, 255, 1), -- Arathi Basin Gloomweed01
(@OGUID+248, 180227, 529, 826.021, 814.397, -57.8523, 0.59341, 0, 0, 0, 1, 7200, 7200, 255, 1), -- Arathi Basin Gloomweed01
(@OGUID+249, 180227, 529, 814.638, 859.498, -57.709, 4.50295, 0, 0, 0, 1, 7200, 7200, 255, 1), -- Arathi Basin Gloomweed01
(@OGUID+250, 180227, 529, 846.775, 842.62, -58.2415, 2.94959, 0, 0, 0, 1, 7200, 7200, 255, 1), -- Arathi Basin Gloomweed01
(@OGUID+251, 180227, 529, 837.201, 862.352, -57.461, 2.18166, 0, 0, 0, 1, 7200, 7200, 255, 1), -- Arathi Basin Gloomweed01
(@OGUID+252, 180227, 529, 844.047, 827.609, -57.8357, 2.16421, 0, 0, 0, 1, 7200, 7200, 255, 1), -- Arathi Basin Gloomweed01
(@OGUID+253, 180255, 529, 1284.6, 1281.17, -15.9779, 0.706859, 0, 0, 0, 0, 86400, 86400, 100, 1), -- ALLIANCE DOOR
(@OGUID+254, 180256, 529, 708.09, 708.448, -17.8342, -2.3911, 0, 0, 0, 0, 86400, 86400, 100, 1), -- HORDE DOOR

-- TBC+ only?
(@OGUID+300, 179871, 529, 1185.71, 1185.24, -56.36, 2.56, 0, 0, 0.0223384, 0.99975, 180, 180, 100, 1), -- Speed Buff
(@OGUID+301, 179904, 529, 1185.71, 1185.24, -56.36, 2.56, 0, 0, 0.0223384, 0.99975, 180, 180, 100, 1), -- Food Buff
(@OGUID+302, 179905, 529, 1185.71, 1185.24, -56.36, 2.56, 0, 0, 0.0223384, 0.99975, 180, 180, 100, 1), -- Berserk Buff
(@OGUID+303, 179871, 529, 1146.62, 816.94, -98.49, 6, 0, 0, 0.053556, 0.998565, 180, 180, 100, 1), -- Speed Buff
(@OGUID+304, 179904, 529, 1146.62, 816.94, -98.49, 6, 0, 0, 0.053556, 0.998565, 180, 180, 100, 1), -- Food Buff
(@OGUID+305, 179905, 529, 1146.62, 816.94, -98.49, 6, 0, 0, 0.053556, 0.998565, 180, 180, 100, 1), -- Berserk Buff
(@OGUID+306, 179871, 529, 990.75, 1008.18, -42.6, 2.43, 0, 0, 0.0212042, 0.999775, 180, 180, 100, 1), -- Speed Buff
(@OGUID+307, 179904, 529, 990.75, 1008.18, -42.6, 2.43, 0, 0, 0.0212042, 0.999775, 180, 180, 100, 1), -- Food Buff
(@OGUID+308, 179905, 529, 990.75, 1008.18, -42.6, 2.43, 0, 0, 0.0212042, 0.999775, 180, 180, 100, 1), -- Berserk Buff
(@OGUID+309, 179871, 529, 807.46, 1189.16, 11.92, 5.44, 0, 0, 0.0474551, 0.998873, 180, 180, 100, 1), -- Speed Buff
(@OGUID+310, 179904, 529, 807.46, 1189.16, 11.92, 5.44, 0, 0, 0.0474551, 0.998873, 180, 180, 100, 1), -- Food Buff
(@OGUID+311, 179905, 529, 807.46, 1189.16, 11.92, 5.44, 0, 0, 0.0474551, 0.998873, 180, 180, 100, 1), -- Berserk Buff
(@OGUID+312, 179871, 529, 817.66, 843.34, -56.54, 3.01, 0, 0, 0.0262642, 0.999655, 180, 180, 100, 1), -- Speed Buff
(@OGUID+313, 179904, 529, 817.66, 843.34, -56.54, 3.01, 0, 0, 0.0262642, 0.999655, 180, 180, 100, 1), -- Food Buff
(@OGUID+314, 179905, 529, 817.66, 843.34, -56.54, 3.01, 0, 0, 0.0262642, 0.999655, 180, 180, 100, 1); -- Berserk Buff

-- ======
-- EVENTS
-- ======

-- INSERT INTO `game_event_creature` (`guid`, `event`) VALUES
-- INSERT INTO `game_event_creature_data` (`guid`, `entry_id`, `modelid`, `equipment_id`, `spell_start`, `spell_end`, `event`) VALUES
-- INSERT INTO `game_event_gameobject` (`guid`, `event`) VALUES

-- =======
-- POOLING
-- =======

-- INSERT INTO `pool_pool` (`pool_id`, `mother_pool`, `chance`, `description`) VALUES

INSERT INTO `pool_template` (`entry`, `max_limit`, `description`) VALUES
(@PGUID+1, 1, 'Arathi Basin - Speed/Food/Berserk Buff - Stables'),
(@PGUID+2, 1, 'Arathi Basin - Speed/Food/Berserk Buff - Gold Mine'),
(@PGUID+3, 1, 'Arathi Basin - Speed/Food/Berserk Buff - Blacksmith'),
(@PGUID+4, 1, 'Arathi Basin - Speed/Food/Berserk Buff - Lumber Mill'),
(@PGUID+5, 1, 'Arathi Basin - Speed/Food/Berserk Buff - Farm');

-- INSERT INTO `pool_creature` (`guid`, `pool_entry`, `chance`, `description`) VALUES
-- INSERT INTO `pool_creature_template` (`id`, `pool_entry`, `chance`, `description`) VALUES

INSERT INTO `pool_gameobject` (`guid`, `pool_entry`, `chance`, `description`) VALUES
(@OGUID+300, @PGUID+1, 0, 'Arathi Basin - Speed Buff - Stables'),
(@OGUID+301, @PGUID+1, 0, 'Arathi Basin - Food Buff - Stables'),
(@OGUID+302, @PGUID+1, 0, 'Arathi Basin - Berserk Buff - Stables'),
(@OGUID+303, @PGUID+2, 0, 'Arathi Basin - Speed Buff - Gold Mine'),
(@OGUID+304, @PGUID+2, 0, 'Arathi Basin - Food Buff - Gold Mine'),
(@OGUID+305, @PGUID+2, 0, 'Arathi Basin - Berserk Buff - Gold Mine'),
(@OGUID+306, @PGUID+3, 0, 'Arathi Basin - Speed Buff - Blacksmith'),
(@OGUID+307, @PGUID+3, 0, 'Arathi Basin - Food Buff - Blacksmith'),
(@OGUID+308, @PGUID+3, 0, 'Arathi Basin - Berserk Buff - Blacksmith'),
(@OGUID+309, @PGUID+4, 0, 'Arathi Basin - Speed Buff - Lumber Mill'),
(@OGUID+310, @PGUID+4, 0, 'Arathi Basin - Food Buff - Lumber Mill'),
(@OGUID+311, @PGUID+4, 0, 'Arathi Basin - Berserk Buff - Lumber Mill'),
(@OGUID+312, @PGUID+5, 0, 'Arathi Basin - Speed Buff - Farm'),
(@OGUID+313, @PGUID+5, 0, 'Arathi Basin - Food Buff - Farm'),
(@OGUID+314, @PGUID+5, 0, 'Arathi Basin - Berserk Buff - Farm');

-- INSERT INTO `pool_gameobject_template` (`id`, `pool_entry`, `chance`, `description`) VALUES

-- =========
-- DBSCRIPTS
-- =========

-- INSERT INTO `dbscripts_on_creature_movement` (`id`, `delay`, `command`, `datalong`, `datalong2`, `datalong3`, `buddy_entry`, `search_radius`, `data_flags`, `dataint`, `dataint2`, `dataint3`, `dataint4`, `x`, `y`, `z`, `o`, `comments`) VALUES
-- INSERT INTO `dbscripts_on_go_use` (`id`, `delay`, `command`, `datalong`, `datalong2`, `datalong3`, `buddy_entry`, `search_radius`, `data_flags`, `dataint`, `dataint2`, `dataint3`, `dataint4`, `x`, `y`, `z`, `o`, `comments`) VALUES
-- INSERT INTO `dbscripts_on_go_template_use` (`id`, `delay`, `command`, `datalong`, `datalong2`, `datalong3`, `buddy_entry`, `search_radius`, `data_flags`, `dataint`, `dataint2`, `dataint3`, `dataint4`, `x`, `y`, `z`, `o`, `comments`) VALUES
-- INSERT INTO `dbscripts_on_creature_death` (`id`, `delay`, `command`, `datalong`, `datalong2`, `datalong3`, `buddy_entry`, `search_radius`, `data_flags`, `dataint`, `dataint2`, `dataint3`, `dataint4`, `x`, `y`, `z`, `o`, `comments`) VALUES
-- INSERT INTO `dbscripts_on_relay` (`id`, `delay`, `command`, `datalong`, `datalong2`, `datalong3`, `buddy_entry`, `search_radius`, `data_flags`, `dataint`, `dataint2`, `dataint3`, `dataint4`, `x`, `y`, `z`, `o`, `comments`) VALUES
-- INSERT INTO `dbscripts_on_event` (`id`, `delay`, `command`, `datalong`, `datalong2`, `datalong3`, `buddy_entry`, `search_radius`, `data_flags`, `dataint`, `dataint2`, `dataint3`, `dataint4`, `x`, `y`, `z`, `o`, `comments`) VALUES
-- INSERT INTO `dbscripts_on_spell` (`id`, `delay`, `command`, `datalong`, `datalong2`, `datalong3`, `buddy_entry`, `search_radius`, `data_flags`, `dataint`, `dataint2`, `dataint3`, `dataint4`, `x`, `y`, `z`, `o`, `comments`) VALUES
-- INSERT INTO `dbscripts_on_gossip` (`id`, `delay`, `command`, `datalong`, `datalong2`, `datalong3`, `buddy_entry`, `search_radius`, `data_flags`, `dataint`, `dataint2`, `dataint3`, `dataint4`, `x`, `y`, `z`, `o`, `comments`) VALUES
-- INSERT INTO `dbscripts_on_quest_start` (`id`, `delay`, `command`, `datalong`, `datalong2`, `datalong3`, `buddy_entry`, `search_radius`, `data_flags`, `dataint`, `dataint2`, `dataint3`, `dataint4`, `x`, `y`, `z`, `o`, `comments`) VALUES
-- INSERT INTO `dbscripts_on_quest_end` (`id`, `delay`, `command`, `datalong`, `datalong2`, `datalong3`, `buddy_entry`, `search_radius`, `data_flags`, `dataint`, `dataint2`, `dataint3`, `dataint4`, `x`, `y`, `z`, `o`, `comments`) VALUES
-- INSERT INTO `dbscript_string` (`entry`, `content_default`, `sound`, `type`, `language`, `emote`, `comment`) VALUES
-- INSERT INTO `dbscript_random_templates` (`id`, `type`, `target_id`, `chance`, `comments`) VALUES


