/* DBScriptData
DBName: Coilfang Reservoir - The Steamvault
DBScriptName: instance_steam_vault
DB%Complete: 90
DBComment:
* Dreghood Slave Post RP Event - Movement
@CGUID+177 stops at point 2 instead of 3 due to unknown reasons
EndDBScriptData */

SET @CGUID := 5450000; -- creatures
SET @OGUID := 5450000; -- gameobjects
SET @PGUID := 48400; -- pools

-- =========
-- CREATURES
-- =========

INSERT INTO `creature_movement` (`id`, `point`, `position_x`, `position_y`, `position_z`, `orientation`, `waittime`, `script_id`) VALUES
(@CGUID+32, 1, -78.2618, -233.397, -19.0738, 100, 0, 0),
(@CGUID+32, 2, -62.7014, -220.65, -18.573, 100, 0, 0),
(@CGUID+32, 3, -46.1952, -214.954, -18.5513, 100, 5000, 0),
(@CGUID+32, 4, -62.7014, -220.65, -18.573, 100, 0, 0),
(@CGUID+32, 5, -78.2618, -233.397, -19.0738, 100, 0, 0),
(@CGUID+32, 6, -90.451, -257.779, -11.7885, 100, 0, 0),
(@CGUID+32, 7, -90.472, -265.172, -9.5625, 100, 0, 0),
(@CGUID+32, 8, -91.9829, -255.49, -12.5682, 100, 0, 0),
(@CGUID+34, 1, -91.3785, -333.891, -7.7673, 100, 0, 0),
(@CGUID+34, 2, -89.9023, -288.181, -7.7673, 100, 0, 0),
(@CGUID+34, 3, -91.3785, -333.891, -7.7673, 100, 0, 0),
(@CGUID+34, 4, -92.2922, -377.931, -7.7673, 100, 0, 0),
(@CGUID+75, 1, 13.542, -115.249, -22.0705, 100, 0, 0),
(@CGUID+75, 2, -32.8072, -95.2656, -21.5533, 100, 0, 0),
(@CGUID+93, 1, -26.5788, -191.547, -20.4898, 0, 0, 0),
(@CGUID+93, 2, -14.5423, -189.544, -22.9543, 0, 0, 0),
(@CGUID+93, 3, -11.0754, -181.289, -23.6932, 0, 0, 0),
(@CGUID+93, 4, -14.5423, -189.544, -22.9543, 0, 0, 0),
(@CGUID+94, 1, 4.9713, -246.324, -22.8522, 0, 0, 0),
(@CGUID+94, 2, 6.2693, -251.796, -22.8475, 0, 0, 0),
(@CGUID+94, 3, 10.129, -253.121, -22.3659, 0, 0, 0),
(@CGUID+96, 1, 35.5512, -299.639, -10.2368, 100, 0, 0),
(@CGUID+96, 2, 30.4756, -287.165, -16.2907, 100, 0, 0),
(@CGUID+96, 3, 28.2474, -270.832, -22.7606, 100, 0, 0),
(@CGUID+96, 4, 30.4756, -287.165, -16.2907, 100, 0, 0),
(@CGUID+96, 5, 35.5512, -299.639, -10.2368, 100, 0, 0),
(@CGUID+96, 6, 50.7598, -307.041, -8.267, 100, 0, 0),
(@CGUID+98, 1, 27.5185, -255.129, -23.4133, 0, 0, 0),
(@CGUID+98, 2, 21.1476, -258.761, -22.2891, 0, 0, 0),
(@CGUID+98, 3, 19.7411, -264.349, -22.0319, 0, 0, 0),
(@CGUID+98, 4, 21.1476, -258.761, -22.2891, 0, 0, 0),
(@CGUID+99, 1, 56.0804, -133.796, -22.797, 0, 0, 0),
(@CGUID+99, 2, 56.4251, -125.991, -22.7169, 0, 0, 0),
(@CGUID+99, 3, 60.8447, -121.465, -22.6329, 0, 0, 0),
(@CGUID+99, 4, 56.4251, -125.991, -22.7169, 0, 0, 0),
(@CGUID+100, 1, -22.1362, -122.874, -21.9529, 0, 0, 0),
(@CGUID+100, 2, -13.5441, -124.135, -22.1869, 0, 0, 0),
(@CGUID+100, 3, -4.64047, -127.206, -20.804, 0, 0, 0),
(@CGUID+100, 4, -12.2011, -124.506, -21.9001, 0, 0, 0),
(@CGUID+101, 1, 15.2288, -150.811, -22.4946, 0, 0, 0),
(@CGUID+101, 2, 12.8143, -155.522, -22.4669, 0, 0, 0),
(@CGUID+101, 3, 15.2288, -150.811, -22.4946, 0, 0, 0),
(@CGUID+101, 4, 12.7464, -145.281, -22.2508, 0, 0, 0),
(@CGUID+102, 1, 46.5018, -231.685, -22.6482, 0, 0, 0),
(@CGUID+102, 2, 35.2595, -231.411, -22.6496, 0, 0, 0),
(@CGUID+102, 3, 22.9989, -237.749, -22.4104, 0, 0, 0),
(@CGUID+102, 4, 35.2595, -231.411, -22.6496, 0, 0, 0),
(@CGUID+103, 1, 6.90818, -199.481, -22.4455, 0, 0, 0),
(@CGUID+103, 2, 16.1021, -201.6, -22.4224, 0, 0, 0),
(@CGUID+103, 3, 18.9683, -212.379, -22.4753, 0, 0, 0),
(@CGUID+103, 4, 16.1021, -201.6, -22.4224, 0, 0, 0),
(@CGUID+114, 1, -234.942, -210.618, -8.09673, 0, 0, 0),
(@CGUID+114, 2, -235.147, -228.566, -8.12122, 0, 0, 0),
(@CGUID+114, 3, -232.391, -242.796, -7.89337, 0, 0, 0),
(@CGUID+114, 4, -235.147, -228.566, -8.12122, 0, 0, 0),
(@CGUID+114, 5, -234.942, -210.618, -8.09673, 0, 0, 0),
(@CGUID+114, 6, -234.891, -197.95, -7.90526, 0, 0, 0),
(@CGUID+117, 1, -208.792, -261.672, -8.07919, 0, 0, 0),
(@CGUID+117, 2, -219.235, -260.519, -7.988, 0, 0, 0),
(@CGUID+117, 3, -225.141, -256.872, -7.92741, 0, 0, 0),
(@CGUID+117, 4, -230.49, -249.174, -7.86375, 0, 0, 0),
(@CGUID+117, 5, -225.141, -256.872, -7.92741, 0, 0, 0),
(@CGUID+117, 6, -219.235, -260.519, -7.988, 0, 0, 0),
(@CGUID+117, 7, -208.792, -261.672, -8.07919, 0, 0, 0),
(@CGUID+117, 8, -202.299, -261.688, -7.97055, 0, 0, 0),
(@CGUID+157, 1, 22.672, -223.202, -22.536, 0.814135, 0, 0),
(@CGUID+157, 2, 39.0578, -210.222, -22.6133, 0.594223, 0, 0),
(@CGUID+157, 3, 22.1297, -224.366, -22.5328, 4.12852, 0, 0),
(@CGUID+157, 4, 8.45932, -247.386, -23.3366, 4.29345, 0, 0),
(@CGUID+158, 1, 27.0136, -145.039, -22.3968, 4.2748, 0, 0),
(@CGUID+158, 2, 21.4739, -159.21, -22.4082, 4.6832, 0, 0),
(@CGUID+158, 3, 26.7279, -177.709, -22.3997, 5.36256, 0, 0),
(@CGUID+158, 4, 21.8476, -158.618, -22.4052, 1.39002, 0, 0),
(@CGUID+158, 5, 30.8925, -138.629, -22.5491, 0.720856, 0, 0),
(@CGUID+158, 6, 57.7822, -114.87, -22.6239, 0.591266, 0, 0),
(@CGUID+158, 7, 38.5541, -130.114, -22.6439, 3.84281, 0, 0),
(@CGUID+159, 1, 13.0123, -180.845, -22.3747, 5.74062, 0, 0),
(@CGUID+159, 2, 17.6451, -189.086, -22.4312, 4.86726, 0, 0),
(@CGUID+159, 3, 18.475, -205.289, -22.3882, 4.74945, 0, 0),
(@CGUID+159, 4, 17.0985, -188.306, -22.4238, 1.99428, 0, 0),
(@CGUID+159, 5, 9.53988, -180.075, -22.4403, 2.69328, 0, 0),
(@CGUID+159, 6, -7.20501, -173.28, -23.2732, 2.88963, 0, 0),
(@CGUID+159, 7, 2.36385, -176.577, -22.3011, 5.97624, 0, 0),
(@CGUID+174, 1, -103.0932, -412.6261, -6.715064, 100, 0, 0),
(@CGUID+174, 2, -102.9049, -410.0541, -7.629989, 100, 0, 0),
(@CGUID+174, 3, -102.8985, -409.8516, -7.701919, 100, 0, 0),
(@CGUID+174, 4, -102.8985, -409.8517, -7.701902, 100, 100, 3),
(@CGUID+175, 1, -91.10979, -413.2563, -6.49236, 100, 0, 0),
(@CGUID+175, 2, -90.96289, -410.4629, -7.484769, 100, 0, 0),
(@CGUID+175, 3, -90.95283, -410.2715, -7.552732, 100, 100, 3),
(@CGUID+176, 1, -99.09876, -412.8362, -6.641628, 100, 0, 0),
(@CGUID+176, 2, -98.95186, -410.0427, -7.634037, 100, 0, 0),
(@CGUID+176, 3, -98.9418, -409.8514, -7.702, 100, 100, 3),
(@CGUID+177, 1, -95.715, -431.2523, 1.661656, 100, 0, 0),
(@CGUID+177, 2, -95.65462, -423.5111, -1.838279, 100, 0, 0),
(@CGUID+177, 3, -94.94731, -410.0615, -7.625664, 100, 100, 3),
(@CGUID+36, 1, -219.2435, -87.32145, -7.755558, 100, 0, 0),
(@CGUID+36, 2, -237.9914, -82.86905, -7.755557, 100, 0, 0),
(@CGUID+36, 3, -234.5452, -83.63921, -7.755558, 100, 0, 0),
(@CGUID+36, 4, -235.0901, -83.46333, -7.755558, 100, 0, 0),
(@CGUID+36, 5, -231.35, -83.39146, -7.755558, 100, 0, 0),
(@CGUID+36, 6, -234.3254, -82.76687, -7.755558, 100, 0, 0),
(@CGUID+36, 7, -235.1235, -83.19713, -7.755558, 100, 0, 0),
(@CGUID+36, 8, -233.0108, -83.64809, -7.755558, 100, 0, 0),
(@CGUID+36, 9, -237.3629, -82.7379, -7.755557, 100, 0, 0),
(@CGUID+36, 10, -234.9595, -85.41462, -7.755558, 100, 0, 0),
(@CGUID+36, 11, -229.6614, -81.51376, -7.755558, 100, 0, 0),
(@CGUID+36, 12, -235.2637, -80.61156, -7.755558, 100, 0, 0),
(@CGUID+36, 13, -237.9914, -82.86905, -7.755557, 100, 0, 0),
(@CGUID+36, 14, -253.7232, -91.45248, -7.755558, 100, 0, 0),
(@CGUID+36, 15, -262.4467, -110.8888, -7.971238, 100, 0, 0),
(@CGUID+36, 16, -335.276, -141.7658, -6.820026, 100, 0, 0),
(@CGUID+36, 17, -331.4792, -141.8334, -7.794098, 100, 0, 0),
(@CGUID+36, 18, -330.4383, -164.2397, -7.755558, 100, 0, 0),
(@CGUID+36, 19, -330.9756, -164.392, -7.755558, 100, 0, 0),
(@CGUID+36, 20, -330.0945, -164.1675, -7.755558, 100, 0, 0),
(@CGUID+36, 21, -329.2307, -165.6313, -7.755558, 100, 0, 0),
(@CGUID+36, 22, -331.1915, -164.6055, -7.755558, 100, 0, 0),
(@CGUID+36, 23, -333.171, -161.7203, -7.755558, 100, 0, 0),
(@CGUID+36, 24, -331.7805, -164.6228, -7.755558, 100, 0, 0),
(@CGUID+36, 25, -328.2776, -160.3039, -7.755558, 100, 0, 0),
(@CGUID+36, 26, -330.5364, -164.3972, -7.755558, 100, 0, 0),
(@CGUID+36, 27, -329.3473, -165.8197, -7.755558, 100, 0, 0),
(@CGUID+36, 28, -334.7695, -164.9461, -7.755558, 100, 0, 0),
(@CGUID+36, 29, -320.3407, -181.4569, -7.755558, 100, 0, 0),
(@CGUID+36, 30, -304.3615, -198.9613, -7.755558, 100, 0, 0),
(@CGUID+36, 31, -311.9839, -183.9223, -7.755558, 100, 0, 0),
(@CGUID+36, 32, -313.6443, -188.3344, -7.755558, 100, 0, 0),
(@CGUID+36, 33, -310.4353, -183.8432, -7.755558, 100, 0, 0),
(@CGUID+36, 34, -312.9602, -183.7037, -7.755558, 100, 0, 0),
(@CGUID+36, 35, -317.7727, -191.8699, -7.755558, 100, 0, 0),
(@CGUID+36, 36, -304.3615, -198.9613, -7.755558, 100, 0, 0),
(@CGUID+36, 37, -333.9495, -179.5217, -7.755558, 100, 0, 0),
(@CGUID+36, 38, -324.346, -185.9891, -7.755558, 100, 0, 0),
(@CGUID+36, 39, -323.8585, -185.208, -7.755558, 100, 0, 0),
(@CGUID+36, 40, -324.5208, -186.1802, -7.755558, 100, 0, 0),
(@CGUID+36, 41, -321.8463, -190.3931, -7.755558, 100, 0, 0),
(@CGUID+36, 42, -323.4337, -183.9414, -7.755558, 100, 0, 0),
(@CGUID+36, 43, -326.0844, -191.1736, -7.755558, 100, 0, 0),
(@CGUID+36, 44, -333.9495, -179.5217, -7.755558, 100, 0, 0),
(@CGUID+36, 45, -352.8533, -193.9077, -7.755558, 100, 0, 0),
(@CGUID+36, 46, -348.5626, -190.3296, -7.755558, 100, 0, 0),
(@CGUID+36, 47, -349.4328, -189.5576, -7.755558, 100, 0, 0),
(@CGUID+36, 48, -347.8741, -190.3094, -7.755558, 100, 0, 0),
(@CGUID+36, 49, -347.4217, -190.6721, -7.755558, 100, 0, 0),
(@CGUID+36, 50, -343.647, -188.4819, -7.755558, 100, 0, 0),
(@CGUID+36, 51, -350.7718, -190.3475, -7.755558, 100, 0, 0),
(@CGUID+36, 52, -352.4626, -186.9639, -7.755558, 100, 0, 0),
(@CGUID+36, 53, -348.7711, -190.5137, -7.755558, 100, 0, 0),
(@CGUID+36, 54, -277.5883, -157.507, -6.150126, 100, 0, 0),
(@CGUID+36, 55, -298.1714, -148.8003, -8.115888, 100, 0, 0),
(@CGUID+36, 56, -296.19, -142.7165, -8.055842, 100, 0, 0),
(@CGUID+36, 57, -295.4761, -145.6276, -8.02618, 100, 0, 0),
(@CGUID+36, 58, -295.0738, -143.1351, -8.019437, 100, 0, 0),
(@CGUID+36, 59, -293.6652, -146.0413, -7.967757, 100, 0, 0),
(@CGUID+36, 60, -295.0948, -145.0751, -8.015425, 100, 0, 0),
(@CGUID+36, 61, -277.5883, -157.507, -6.150126, 100, 0, 0),
(@CGUID+36, 62, -249.2888, -179.4691, -6.574732, 100, 0, 0),
(@CGUID+36, 63, -259.7915, -172.4078, -7.140102, 100, 0, 0);

-- INSERT INTO `creature_movement_template` (`entry`, `pathId`, `point`, `position_x`, `position_y`, `position_z`, `orientation`, `waittime`, `script_id`) VALUES

INSERT INTO `creature_addon` (`guid`, `mount`, `bytes1`, `b2_0_sheath`, `b2_1_flags`, `emote`, `moveflags`, `auras`) VALUES
(@CGUID+20, 0, 0, 1, 16, 173, 0, NULL), -- Coilfang Engineer
(@CGUID+23, 0, 0, 1, 16, 173, 0, NULL), -- Coilfang Engineer
(@CGUID+24, 0, 0, 1, 16, 173, 0, NULL), -- Coilfang Engineer
(@CGUID+25, 0, 0, 1, 16, 173, 0, NULL), -- Coilfang Engineer
(@CGUID+26, 0, 0, 1, 16, 173, 0, NULL), -- Coilfang Engineer
(@CGUID+27, 0, 0, 1, 16, 173, 0, NULL), -- Coilfang Engineer
(@CGUID+28, 0, 0, 1, 16, 173, 0, NULL), -- Coilfang Engineer
(@CGUID+29, 0, 0, 1, 16, 173, 0, NULL), -- Coilfang Engineer
(@CGUID+30, 0, 0, 1, 16, 173, 0, NULL), -- Coilfang Engineer
(@CGUID+31, 0, 0, 1, 16, 173, 0, NULL), -- Coilfang Engineer
(@CGUID+45, 0, 0, 1, 16, 173, 0, NULL), -- Dreghood Slave
(@CGUID+46, 0, 0, 1, 16, 173, 0, NULL), -- Dreghood Slave
(@CGUID+47, 0, 0, 1, 16, 173, 0, NULL), -- Dreghood Slave
(@CGUID+49, 0, 0, 0, 16, 30, 0, NULL), -- Dreghood Slave
(@CGUID+50, 0, 0, 0, 16, 30, 0, NULL), -- Dreghood Slave
(@CGUID+51, 0, 0, 1, 16, 173, 0, NULL), -- Dreghood Slave
(@CGUID+52, 0, 0, 1, 16, 173, 0, NULL), -- Dreghood Slave
(@CGUID+53, 0, 0, 1, 16, 173, 0, NULL), -- Dreghood Slave
(@CGUID+54, 0, 0, 1, 16, 173, 0, NULL), -- Dreghood Slave
(@CGUID+55, 0, 0, 1, 16, 173, 0, NULL), -- Dreghood Slave
(@CGUID+56, 0, 0, 0, 16, 378, 0, NULL), -- Dreghood Slave
(@CGUID+57, 0, 0, 1, 16, 173, 0, NULL), -- Dreghood Slave
(@CGUID+58, 0, 0, 1, 16, 173, 0, NULL), -- Dreghood Slave
(@CGUID+59, 0, 0, 0, 16, 378, 0, NULL), -- Dreghood Slave
(@CGUID+121, 0, 0, 0, 16, 69, 0, NULL), -- Steamrigger Mechanic
(@CGUID+122, 0, 0, 0, 16, 69, 0, NULL), -- Steamrigger Mechanic
(@CGUID+123, 0, 0, 0, 16, 69, 0, NULL), -- Steamrigger Mechanic
(@CGUID+174, 0, 0, 1, 16, 375, 0, NULL), -- Coilfang Sorceress
(@CGUID+175, 0, 0, 1, 16, 375, 0, NULL), -- Coilfang Oracle
(@CGUID+176, 0, 0, 1, 16, 375, 0, NULL), -- Coilfang Myrmidon
(@CGUID+177, 0, 0, 1, 16, 375, 0, NULL); -- Coilfang Myrmidon

REPLACE INTO `creature_template_addon` (`entry`, `mount`, `bytes1`, `b2_0_sheath`, `b2_1_flags`, `emote`, `moveflags`, `auras`) VALUES
(17796, 0, 0, 1, 16, 0, 0, '18950'), -- Mekgineer Steamrigger
(17797, 0, 0, 1, 16, 0, 0, '18950'), -- Hydromancer Thespia
(21694, 0, 0, 0, 0, 0, 0, '18950'); -- Bog Overlord

INSERT INTO `creature_linking` (`guid`, `master_guid`, `flag`) VALUES
(@CGUID+90, @CGUID+91, 1155), -- Coilfang Warrior -> Coilfang Warrior
(@CGUID+92, @CGUID+75, 1679), -- Coilfang Warrior -> Coilfang Siren
(@CGUID+26, @CGUID+100, 1155), -- Coilfang Engineer -> Coilfang Warrior
(@CGUID+27, @CGUID+100, 1155), -- Coilfang Engineer -> Coilfang Warrior
(@CGUID+25, @CGUID+103, 1155), -- Coilfang Engineer -> Coilfang Engineer
(@CGUID+30, @CGUID+103, 1155), -- Coilfang Engineer -> Coilfang Engineer
(@CGUID+179, @CGUID+103, 1155), -- creature_spawn_entry -> Coilfang Engineer
(@CGUID+20, @CGUID+93, 1155), -- Coilfang Engineer -> Coilfang Warrior
(@CGUID+181, @CGUID+93, 1155), -- creature_spawn_entry -> Coilfang Warrior
(@CGUID+31, @CGUID+93, 1155), -- Coilfang Engineer -> Coilfang Warrior
(@CGUID+24, @CGUID+101, 1155), -- Coilfang Engineer -> Coilfang Engineer
(@CGUID+84, @CGUID+101, 1155), -- Coilfang Siren -> Coilfang Engineer
(@CGUID+111, @CGUID+101, 1155), -- Coilfang Oracle -> Coilfang Engineer
(@CGUID+76, @CGUID+94, 1155), -- Coilfang Warrior -> Coilfang Oracle
(@CGUID+106, @CGUID+94, 1155), -- Coilfang Siren -> Coilfang Oracle
(@CGUID+85, @CGUID+94, 1155), -- Coilfang Siren -> Coilfang Oracle
(@CGUID+23, @CGUID+102, 1155), -- Coilfang Engineer -> Coilfang Warrior
(@CGUID+28, @CGUID+102, 1155), -- Coilfang Engineer -> Coilfang Warrior
(@CGUID+180, @CGUID+102, 1155), -- creature_spawn_entry -> Coilfang Warrior
(@CGUID+77, @CGUID+96, 1679), -- Coilfang Siren -> Coilfang Warrior
(@CGUID+78, @CGUID+96, 1679), -- Coilfang Siren -> Coilfang Warrior
(@CGUID+86, @CGUID+98, 1155), -- Coilfang Siren -> Coilfang Siren
(@CGUID+87, @CGUID+98, 1155), -- Coilfang Warrior -> Coilfang Warrior
(@CGUID+107, @CGUID+98, 1155), -- Coilfang Warrior -> Coilfang Warrior
(@CGUID+29, @CGUID+99, 1155), -- Coilfang Engineer -> Coilfang Warrior
(@CGUID+178, @CGUID+99, 1155), -- creature_spawn_entry -> Coilfang Warrior
(@CGUID+88, @CGUID+112, 1155), -- Coilfang Siren -> Coilfang Oracle
(@CGUID+89, @CGUID+112, 1155), -- Coilfang Siren -> Coilfang Oracle
(@CGUID+160, @CGUID+157, 1679), -- Steam Surger -> Tidal Surger
(@CGUID+161, @CGUID+157, 1679), -- Steam Surger -> Tidal Surger
(@CGUID+162, @CGUID+157, 1679), -- Steam Surger -> Tidal Surger
(@CGUID+163, @CGUID+157, 1679), -- Steam Surger -> Tidal Surger
(@CGUID+165, @CGUID+158, 1679), -- Steam Surger -> Tidal Surger
(@CGUID+166, @CGUID+158, 1679), -- Steam Surger -> Tidal Surger
(@CGUID+167, @CGUID+158, 1679), -- Steam Surger -> Tidal Surger
(@CGUID+171, @CGUID+158, 1679), -- Steam Surger -> Tidal Surger
(@CGUID+164, @CGUID+159, 1679), -- Steam Surger -> Tidal Surger
(@CGUID+168, @CGUID+159, 1679), -- Steam Surger -> Tidal Surger
(@CGUID+169, @CGUID+159, 1679), -- Steam Surger -> Tidal Surger
(@CGUID+170, @CGUID+159, 1679), -- Steam Surger -> Tidal Surger
(@CGUID+60, @CGUID+61, 1155), -- Coilfang Myrmidon -> Coilfang Myrmidon
(@CGUID+40, @CGUID+97, 1679), -- Coilfang Sorceress -> Coilfang Warrior
(@CGUID+41, @CGUID+97, 1679), -- Coilfang Sorceress -> Coilfang Warrior
(@CGUID+95, @CGUID+32, 1679), -- Coilfang Warrior -> Coilfang Sorceress
(@CGUID+104, @CGUID+32, 1679), -- Coilfang Warrior -> Coilfang Sorceress
(@CGUID+66, @CGUID+34, 1679), -- Coilfang Myrmidon-> Coilfang Sorceress
(@CGUID+67, @CGUID+34, 1679), -- Coilfang Myrmidon-> Coilfang Sorceress
(@CGUID+35, @CGUID+81, 1155), -- Coilfang Sorceress -> Coilfang Siren
(@CGUID+80, @CGUID+81, 1155), -- Coilfang Siren -> Coilfang Siren
(@CGUID+68, @CGUID+81, 1155), -- Coilfang Myrmidon -> Coilfang Siren
(@CGUID+65, @CGUID+64, 1155), -- Coilfang Myrmidon -> Coilfang Myrmidon
(@CGUID+33, @CGUID+64, 1155), -- Coilfang Sorceress -> Coilfang Myrmidon
(@CGUID+79, @CGUID+64, 1155), -- Coilfang Siren -> Coilfang Myrmidon
(@CGUID+136, @CGUID+140, 1155), -- Coilfang Leper -> Coilfang Leper
(@CGUID+137, @CGUID+140, 1155), -- Coilfang Leper -> Coilfang Leper
(@CGUID+138, @CGUID+140, 1155), -- Coilfang Leper -> Coilfang Leper
(@CGUID+139, @CGUID+140, 1155), -- Coilfang Leper -> Coilfang Leper
(@CGUID+141, @CGUID+140, 1155), -- Coilfang Leper -> Coilfang Leper
(@CGUID+142, @CGUID+140, 1155), -- Coilfang Leper -> Coilfang Leper
(@CGUID+143, @CGUID+140, 1155), -- Coilfang Leper -> Coilfang Leper
(@CGUID+144, @CGUID+148, 1155), -- Coilfang Leper -> Coilfang Leper
(@CGUID+145, @CGUID+148, 1155), -- Coilfang Leper -> Coilfang Leper
(@CGUID+146, @CGUID+148, 1155), -- Coilfang Leper -> Coilfang Leper
(@CGUID+147, @CGUID+148, 1155), -- Coilfang Leper -> Coilfang Leper
(@CGUID+149, @CGUID+148, 1155), -- Coilfang Leper -> Coilfang Leper
(@CGUID+150, @CGUID+148, 1155), -- Coilfang Leper -> Coilfang Leper
(@CGUID+151, @CGUID+148, 1155), -- Coilfang Leper -> Coilfang Leper
(@CGUID+21, @CGUID+74, 1155), -- Coilfang Engineer -> Coilfang Myrmidon
(@CGUID+22, @CGUID+74, 1155), -- Coilfang Engineer -> Coilfang Myrmidon
(@CGUID+39, @CGUID+74, 1155), -- Coilfang Sorceress -> Coilfang Myrmidon
(@CGUID+174, @CGUID+177, 1155), -- Coilfang Engineer -> Coilfang Myrmidon
(@CGUID+175, @CGUID+177, 1155), -- Coilfang Engineer -> Coilfang Myrmidon
(@CGUID+176, @CGUID+177, 1155), -- Coilfang Sorceress -> Coilfang Myrmidon
(@CGUID+38, @CGUID+72, 1155), -- Coilfang Sorceress -> Coilfang Myrmidon
(@CGUID+82, @CGUID+72, 1155), -- Coilfang Siren -> Coilfang Myrmidon
(@CGUID+109, @CGUID+72, 1155), -- Coilfang Oracle -> Coilfang Myrmidon
(@CGUID+37, @CGUID+73, 1155), -- Coilfang Sorceress -> Coilfang Myrmidon
(@CGUID+83, @CGUID+73, 1155), -- Coilfang Siren -> Coilfang Myrmidon
(@CGUID+110, @CGUID+73, 1155), -- Coilfang Oracle -> Coilfang Myrmidon
(@CGUID+70, @CGUID+118, 1155), -- Coilfang Myrmidon -> Coilfang Siren
(@CGUID+71, @CGUID+118, 1155), -- Coilfang Myrmidon -> Coilfang Siren
(@CGUID+108, @CGUID+118, 1155), -- Coilfang Oracle -> Coilfang Siren
(@CGUID+121, @CGUID+42, 1159), -- Steamrigger Mechanic -> Mekgineer Steamrigger
(@CGUID+122, @CGUID+42, 1159), -- Steamrigger Mechanic -> Mekgineer Steamrigger
(@CGUID+123, @CGUID+42, 1159), -- Steamrigger Mechanic -> Mekgineer Steamrigger
(@CGUID+63, @CGUID+62, 1155); -- Coilfang Myrmidon -> Coilfang Myrmidon

REPLACE INTO `creature_linking_template` (`entry`, `map`, `master_entry`, `flag`, `search_range`) VALUES
(17917, 545, 17797, 1159, 0), -- Coilfang Water Elemental -> Hydromancer Thespia
(17954, 545, 17798, 1188, 0); -- Naga Distiller -> Warlord Kalithresh

INSERT INTO `creature_spawn_entry` (`guid`, `entry`) VALUES
(@CGUID+178, 17801), (@CGUID+178, 17803), -- Coilfang Siren, Coilfang Oracle
(@CGUID+179, 17801), (@CGUID+179, 17803), -- Coilfang Siren, Coilfang Oracle
(@CGUID+180, 17801), (@CGUID+180, 17803), -- Coilfang Siren, Coilfang Oracle
(@CGUID+181, 17801), (@CGUID+181, 17803); -- Coilfang Siren, Coilfang Oracle

INSERT INTO `creature` (`guid`, `id`, `map`, `spawnMask`, `position_x`, `position_y`, `position_z`, `orientation`, `spawntimesecsmin`, `spawntimesecsmax`, `spawndist`, `currentwaypoint`, `DeathState`, `MovementType`) VALUES
(@CGUID+1, 1420, 545, 3, -266.7519, -113.198, -8.745433, 6.00921, 900, 900, 2, 0, 0, 1), -- Toad
(@CGUID+2, 1420, 545, 3, -219.7251, -192.5192, -6.450902, 5.864306, 900, 900, 2, 0, 0, 1), -- Toad
(@CGUID+3, 2914, 545, 3, -75.63364, -232.8319, -19.082384, 0.474586, 900, 900, 2, 0, 0, 1), -- Snake
(@CGUID+4, 6827, 545, 3, -26.5702, -215.418, -18.8375, 0.493595, 900, 900, 2, 0, 0, 1), -- Crab
(@CGUID+5, 6827, 545, 3, -327.3503, -171.6347, -7.755558, 1.246624, 900, 900, 2, 0, 0, 1), -- Crab
(@CGUID+6, 6827, 545, 3, -315.8737, -118.7331, -8.069082, 5.985905, 900, 900, 2, 0, 0, 1), -- Crab
(@CGUID+7, 6827, 545, 3, -153.6223, -297.6907, -7.592301, 0.9723498, 900, 900, 2, 0, 0, 1), -- Crab
(@CGUID+8, 6827, 545, 3, -100.7529, -370.9285, -7.767337, 0.771364, 900, 900, 2, 0, 0, 1), -- Crab
(@CGUID+9, 6827, 545, 3, 29.98508, -290.7462, -14.54205, 6.010371, 900, 900, 2, 0, 0, 1), -- Crab
(@CGUID+10, 6827, 545, 3, 10.67597, -138.0628, -21.73724, 3.594143, 900, 900, 2, 0, 0, 1), -- Crab
(@CGUID+11, 6827, 545, 3, -46.92042, -110.8575, -21.7747, 4.253747, 900, 900, 2, 0, 0, 1), -- Crab
(@CGUID+12, 6827, 545, 3, 57.87574, -101.837, -22.62228, 5.921247, 900, 900, 2, 0, 0, 1), -- Crab
(@CGUID+13, 6827, 545, 3, -7.497798, -196.4076, -21.76048, 4.021961, 900, 900, 2, 0, 0, 1), -- Crab
(@CGUID+14, 13321, 545, 3, -54.6829, -346.1913, -7.767277, 3.283540, 900, 900, 2, 0, 0, 1), -- Frog
(@CGUID+15, 13321, 545, 3, -100.2009, -294.6952, -7.767337, 2.197868, 900, 900, 2, 0, 0, 1), -- Frog
(@CGUID+16, 13321, 545, 3, -40.11718, -145.925, -21.42452, 2.712183, 900, 900, 2, 0, 0, 1), -- Frog
(@CGUID+17, 13321, 545, 3, 48.68707, -115.5143, -22.61073, 5.948496, 900, 900, 2, 0, 0, 1), -- Frog
(@CGUID+18, 13321, 545, 3, 61.52259, -151.2719, -20.673, 1.279224, 900, 900, 2, 0, 0, 1), -- Frog
(@CGUID+19, 13321, 545, 3, 44.58374, -204.2847, -22.52994, 4.499248, 900, 900, 2, 0, 0, 1), -- Frog
(@CGUID+20, 17721, 545, 3, -13.89179, -179.7457, -22.56811, 3.193953, 7200, 7200, 0, 0, 0, 0), -- Coilfang Engineer
(@CGUID+21, 17721, 545, 3, -50.16793, -382.5561, -7.403769, 4.415683, 7200, 7200, 0, 0, 0, 0), -- Coilfang Engineer
(@CGUID+22, 17721, 545, 3, -42.04918, -372.1021, -7.411231, 6.073746, 7200, 7200, 0, 0, 0, 0), -- Coilfang Engineer
(@CGUID+23, 17721, 545, 3, 29.02642, -239.5634, -22.6156, 5.270895, 7200, 7200, 0, 0, 0, 0), -- Coilfang Engineer
(@CGUID+24, 17721, 545, 3, 8.405686, -147.0495, -21.88259, 3.874631, 7200, 7200, 0, 0, 0, 0), -- Coilfang Engineer
(@CGUID+25, 17721, 545, 3, 14.2811, -213.3341, -22.35674, 3.438299, 7200, 7200, 0, 0, 0, 0), -- Coilfang Engineer
(@CGUID+26, 17721, 545, 3, -5.298958, -131.3911, -21.17339, 4.939282, 7200, 7200, 0, 0, 0, 0), -- Coilfang Engineer
(@CGUID+27, 17721, 545, 3, -21.93356, -126.7303, -21.71569, 4.817109, 7200, 7200, 0, 0, 0, 0), -- Coilfang Engineer
(@CGUID+28, 17721, 545, 3, 45.60335, -236.2259, -22.52994, 4.904375, 7200, 7200, 0, 0, 0, 0), -- Coilfang Engineer
(@CGUID+29, 17721, 545, 3, 59.88306, -131.5806, -22.65985, 5.8294, 7200, 7200, 0, 0, 0, 0), -- Coilfang Engineer
(@CGUID+30, 17721, 545, 3, 8.37782, -204.823, -22.36576, 4.276057, 7200, 7200, 0, 0, 0, 0), -- Coilfang Engineer
(@CGUID+31, 17721, 545, 3, -24.62035, -186.6438, -20.85499, 1.605703, 7200, 7200, 0, 0, 0, 0), -- Coilfang Engineer
(@CGUID+32, 17722, 545, 3, -88.2888, -256.126, -12.1919, 1.29613, 7200, 7200, 0, 0, 0, 2), -- Coilfang Sorceress
(@CGUID+33, 17722, 545, 3, -110.8993, -330.5124, -7.659904, 6.161012, 7200, 7200, 0, 0, 0, 0), -- Coilfang Sorceress
(@CGUID+34, 17722, 545, 3, -91.611298, -372.019012, -7.767300, 1.623500, 7200, 7200, 0, 0, 0, 2), -- Coilfang Sorceress
(@CGUID+35, 17722, 545, 3, -60.7232, -318.8505, -7.672242, 2.80998, 7200, 7200, 0, 0, 0, 0), -- Coilfang Sorceress
(@CGUID+36, 17378, 545, 3, -215.6533, -120.2191, -7.705765, 1.153002, 86400, 86400, 0, 0, 0, 2), -- Swamp Gas
(@CGUID+37, 17722, 545, 3, -106.7865, -505.7699, 8.311022, 1.343904, 7200, 7200, 0, 0, 0, 0), -- Coilfang Sorceress
(@CGUID+38, 17722, 545, 3, -82.89047, -510.0705, 8.356535, 1.884956, 7200, 7200, 0, 0, 0, 0), -- Coilfang Sorceress
(@CGUID+39, 17722, 545, 3, -45.06909, -361.2491, -7.386805, 2.408554, 7200, 7200, 0, 0, 0, 0), -- Coilfang Sorceress
(@CGUID+40, 17722, 545, 3, -85.83211, -276.4802, -7.672243, 1.570796, 7200, 7200, 0, 0, 0, 0), -- Coilfang Sorceress
(@CGUID+41, 17722, 545, 3, -94.59171, -277.6688, -7.672243, 1.396263, 7200, 7200, 0, 0, 0, 0), -- Coilfang Sorceress
(@CGUID+42, 17796, 545, 3, -330.0833, -121.5055, -7.985115, 5.061455, 86400, 86400, 0, 0, 0, 0), -- Mekgineer Steamrigger
(@CGUID+43, 17797, 545, 3, 88.39713, -316.1105, -7.78743, 3.036873, 86400, 86400, 0, 0, 0, 0), -- Hydromancer Thespia
(@CGUID+44, 17798, 545, 3, -95.41883, -552.0314, 8.270267, 1.448623, 86400, 86400, 0, 0, 0, 0), -- Warlord Kalithresh
(@CGUID+45, 17799, 545, 3, -218.6759, -239.3937, -7.916585, 0.5235988, 7200, 7200, 0, 0, 0, 0), -- Dreghood Slave
(@CGUID+46, 17799, 545, 3, -219.6552, -234.7617, -7.940579, 1.972222, 7200, 7200, 0, 0, 0, 0), -- Dreghood Slave
(@CGUID+47, 17799, 545, 3, -223.2702, -232.3225, -7.943173, 0.1919862, 7200, 7200, 0, 0, 0, 0), -- Dreghood Slave
(@CGUID+48, 17799, 545, 3, -235.7764, -189.5953, -6.332451, 3.01942, 7200, 7200, 0, 0, 0, 0), -- Dreghood Slave
(@CGUID+49, 17799, 545, 3, -209.4544, -266.2283, -8.004663, 5.637414, 7200, 7200, 0, 0, 0, 0), -- Dreghood Slave
(@CGUID+50, 17799, 545, 3, -206.1605, -268.9301, -7.998304, 2.600541, 7200, 7200, 0, 0, 0, 0), -- Dreghood Slave
(@CGUID+51, 17799, 545, 3, -251.1379, -230.6415, -7.946693, 2.86234, 7200, 7200, 0, 0, 0, 0), -- Dreghood Slave
(@CGUID+52, 17799, 545, 3, -253.6809, -233.5117, -7.886866, 1.710423, 7200, 7200, 0, 0, 0, 0), -- Dreghood Slave
(@CGUID+53, 17799, 545, 3, -255.8972, -235.1439, -7.854937, 2.6529, 7200, 7200, 0, 0, 0, 0), -- Dreghood Slave
(@CGUID+54, 17799, 545, 3, -256.3096, -238.5345, -7.777214, 2.129302, 7200, 7200, 0, 0, 0, 0), -- Dreghood Slave
(@CGUID+55, 17799, 545, 3, -240.2373, -267.888, -7.689218, 5.009095, 7200, 7200, 0, 0, 0, 0), -- Dreghood Slave
(@CGUID+56, 17799, 545, 3, -236.9786, -263.0964, -7.719835, 5.67232, 7200, 7200, 0, 0, 0, 0), -- Dreghood Slave
(@CGUID+57, 17799, 545, 3, -235.5324, -268.635, -7.700694, 3.595378, 7200, 7200, 0, 0, 0, 0), -- Dreghood Slave
(@CGUID+58, 17799, 545, 3, -213.9101, -241.2899, -7.944061, 1.989675, 7200, 7200, 0, 0, 0, 0), -- Dreghood Slave
(@CGUID+59, 17799, 545, 3, -233.4834, -264.9135, -7.735449, 2.827433, 7200, 7200, 0, 0, 0, 0), -- Dreghood Slave
(@CGUID+60, 17800, 545, 3, -40.87961, -207.8618, -18.28561, 0.1570796, 7200, 7200, 0, 0, 0, 0), -- Coilfang Myrmidon
(@CGUID+61, 17800, 545, 3, -36.61564, -216.9192, -18.22392, 0.9075712, 7200, 7200, 0, 0, 0, 0), -- Coilfang Myrmidon
(@CGUID+62, 17800, 545, 3, -169.915, -285.3678, -8.077412, 5.166174, 7200, 7200, 0, 0, 0, 0), -- Coilfang Myrmidon
(@CGUID+63, 17800, 545, 3, -159.6232, -283.3708, -8.044917, 4.433136, 7200, 7200, 0, 0, 0, 0), -- Coilfang Myrmidon
(@CGUID+64, 17800, 545, 3, -104.1937, -325.1272, -7.631578, 6.178465, 7200, 7200, 0, 0, 0, 0), -- Coilfang Myrmidon
(@CGUID+65, 17800, 545, 3, -102.6736, -342.2414, -7.294508, 0.01745329, 7200, 7200, 0, 0, 0, 0), -- Coilfang Myrmidon
(@CGUID+66, 17800, 545, 3, -97.552284, -371.982819, -7.767300, 1.588200, 7200, 7200, 0, 0, 0, 0), -- Coilfang Myrmidon
(@CGUID+67, 17800, 545, 3, -85.647491, -370.234100, -7.767300, 1.588200, 7200, 7200, 0, 0, 0, 0), -- Coilfang Myrmidon
(@CGUID+68, 17800, 545, 3, -52.60733, -324.7592, -7.672242, 5.72468, 7200, 7200, 0, 0, 0, 0), -- Coilfang Myrmidon
(@CGUID+69, 1420, 545, 3, -226.9383, -257.5326, -7.672225, 3.420845, 900, 900, 2, 0, 0, 1), -- Toad
(@CGUID+70, 17800, 545, 3, -92.72769, -465.5595, 7.946531, 1.53589, 7200, 7200, 0, 0, 0, 0), -- Coilfang Myrmidon
(@CGUID+71, 17800, 545, 3, -98.2649, -465.4931, 7.944806, 1.48353, 7200, 7200, 0, 0, 0, 0), -- Coilfang Myrmidon
(@CGUID+72, 17800, 545, 3, -82.7854, -499.9687, 8.346689, 2.076942, 7200, 7200, 0, 0, 0, 0), -- Coilfang Myrmidon
(@CGUID+73, 17800, 545, 3, -106.7869, -497.9282, 8.279131, 1.099557, 7200, 7200, 0, 0, 0, 0), -- Coilfang Myrmidon
(@CGUID+74, 17800, 545, 3, -57.51149, -376.5876, -7.281164, 2.460914, 7200, 7200, 0, 0, 0, 0), -- Coilfang Myrmidon
(@CGUID+75, 17801, 545, 3, -4.40099, -96.1165, -21.9227, 6.16785, 7200, 7200, 0, 0, 0, 2), -- Coilfang Siren
(@CGUID+76, 17801, 545, 3, 1.512869, -250.4445, -21.54112, 6.143559, 7200, 7200, 0, 0, 0, 0), -- Coilfang Siren
(@CGUID+77, 17801, 545, 3, 56.8631, -310.419, -7.83755, 3.36815, 7200, 7200, 0, 0, 0, 0), -- Coilfang Siren
(@CGUID+78, 17801, 545, 3, 58.9988, -310.076, -7.84055, 1.5261, 7200, 7200, 0, 0, 0, 0), -- Coilfang Siren
(@CGUID+79, 17801, 545, 3, -109.4927, -336.3531, -7.549471, 5.916666, 7200, 7200, 0, 0, 0, 0), -- Coilfang Siren
(@CGUID+80, 17801, 545, 3, -60.49838, -326.6077, -7.672243, 3.089233, 7200, 7200, 0, 0, 0, 0), -- Coilfang Siren
(@CGUID+81, 17801, 545, 3, -53.81967, -334.3685, -7.767316, 3.228859, 7200, 7200, 0, 0, 0, 0), -- Coilfang Siren
(@CGUID+82, 17801, 545, 3, -77.08489, -503.8039, 8.395674, 2.042035, 7200, 7200, 0, 0, 0, 0), -- Coilfang Siren
(@CGUID+83, 17801, 545, 3, -113.3212, -494.1325, 8.287909, 0.715585, 7200, 7200, 0, 0, 0, 0), -- Coilfang Siren
(@CGUID+84, 17801, 545, 3, 9.520633, -150.5972, -22.04473, 0.1919862, 7200, 7200, 0, 0, 0, 0), -- Coilfang Siren
(@CGUID+85, 17801, 545, 3, 6.766409, -257.0002, -21.90151, 1.500983, 7200, 7200, 0, 0, 0, 0), -- Coilfang Siren
(@CGUID+86, 17801, 545, 3, 27.01559, -260.4726, -22.80492, 2.443461, 7200, 7200, 0, 0, 0, 0), -- Coilfang Siren
(@CGUID+87, 17801, 545, 3, 29.05964, -256.6315, -23.24938, 3.385939, 7200, 7200, 0, 0, 0, 0), -- Coilfang Siren
(@CGUID+88, 17801, 545, 3, 29.87383, -165.1897, -22.3645, 1.32645, 7200, 7200, 0, 0, 0, 0), -- Coilfang Siren
(@CGUID+89, 17801, 545, 3, 35.87553, -157.3143, -22.5641, 3.508112, 7200, 7200, 0, 0, 0, 0), -- Coilfang Siren
(@CGUID+90, 17802, 545, 3, -6.482032, -63.70935, -19.83974, 1.291544, 7200, 7200, 0, 0, 0, 0), -- Coilfang Warrior
(@CGUID+91, 17802, 545, 3, 2.067127, -64.13619, -19.83974, 2.059489, 7200, 7200, 0, 0, 0, 0), -- Coilfang Warrior
(@CGUID+92, 17802, 545, 3, -6.110524, -98.653229, -22.213076, 2.548590, 7200, 7200, 0, 0, 0, 0), -- Coilfang Warrior
(@CGUID+93, 17802, 545, 3, -26.5788, -191.547, -20.4898, 0.164899, 7200, 7200, 0, 0, 0, 2), -- Coilfang Warrior
(@CGUID+94, 17802, 545, 3, 4.9713, -246.324, -22.8522, 1.80373, 7200, 7200, 0, 0, 0, 2), -- Coilfang Warrior
(@CGUID+95, 17802, 545, 3, -91.9829, -255.49, -12.5306, 1.40694, 7200, 7200, 0, 0, 0, 0), -- Coilfang Warrior
(@CGUID+96, 17802, 545, 3, 56.2594, -308.776, -7.85218, 2.13917, 7200, 7200, 0, 0, 0, 2), -- Coilfang Warrior
(@CGUID+97, 17802, 545, 3, -89.85168, -279.44, -7.672243, 1.623156, 7200, 7200, 0, 0, 0, 0), -- Coilfang Warrior
(@CGUID+98, 17802, 545, 3, 27.5185, -255.129, -23.4133, 4.31844, 7200, 7200, 0, 0, 0, 2), -- Coilfang Warrior
(@CGUID+99, 17802, 545, 3, 56.0804, -133.796, -22.797, 0.797309, 7200, 7200, 0, 0, 0, 2), -- Coilfang Warrior
(@CGUID+100, 17802, 545, 3, -22.1362, -122.874, -21.9529, 2.78933, 7200, 7200, 0, 0, 0, 2), -- Coilfang Warrior
(@CGUID+101, 17802, 545, 3, 15.2288, -150.811, -22.4946, 1.32075, 7200, 7200, 0, 0, 0, 2), -- Coilfang Warrior
(@CGUID+102, 17802, 545, 3, 46.5018, -231.685, -22.6482, 0.548994, 7200, 7200, 0, 0, 0, 2), -- Coilfang Warrior
(@CGUID+103, 17802, 545, 3, 6.90818, -199.481, -22.4455, 1.81985, 7200, 7200, 0, 0, 0, 2), -- Coilfang Warrior
(@CGUID+104, 17802, 545, 3, -82.443901, -255.903000, -11.995400, 1.560000, 7200, 7200, 0, 0, 0, 0), -- Coilfang Warrior
-- RE-USE 105
(@CGUID+106, 17803, 545, 3, 2.57794, -255.5036, -21.68578, 0.7853982, 7200, 7200, 0, 0, 0, 0), -- Coilfang Oracle
(@CGUID+107, 17803, 545, 3, 24.76429, -263.6184, -22.22718, 1.692969, 7200, 7200, 0, 0, 0, 0), -- Coilfang Oracle
(@CGUID+108, 17803, 545, 3, -102.6063, -472.0392, 8.115048, 1.570796, 7200, 7200, 0, 0, 0, 0), -- Coilfang Oracle
(@CGUID+109, 17803, 545, 3, -75.20587, -496.9233, 8.351477, 2.321288, 7200, 7200, 0, 0, 0, 0), -- Coilfang Oracle
(@CGUID+110, 17803, 545, 3, -114.3018, -503.6928, 8.304808, 0.8552113, 7200, 7200, 0, 0, 0, 0), -- Coilfang Oracle
(@CGUID+111, 17803, 545, 3, 10.73061, -154.9334, -22.2425, 6.108652, 7200, 7200, 0, 0, 0, 0), -- Coilfang Oracle
(@CGUID+112, 17803, 545, 3, 33.44266, -161.1954, -22.47784, 2.338741, 7200, 7200, 0, 0, 0, 0), -- Coilfang Oracle
-- RE-USE 113
(@CGUID+114, 17805, 545, 3, -234.942, -210.618, -8.09673, 1.76213, 7200, 7200, 0, 0, 0, 2), -- Coilfang Slavemaster
(@CGUID+115, 17805, 545, 3, -238.0066, -193.1346, -6.900722, 1.099557, 7200, 7200, 0, 0, 0, 0), -- Coilfang Slavemaster
(@CGUID+116, 17805, 545, 3, -232.8613, -192.246, -6.549622, 2.460914, 7200, 7200, 0, 0, 0, 0), -- Coilfang Slavemaster
(@CGUID+117, 17805, 545, 3, -208.792, -261.672, -8.07919, 3.0316, 7200, 7200, 0, 0, 0, 2), -- Coilfang Slavemaster
(@CGUID+118, 17801, 545, 3, -87.02146, -471.1234, 8.091232, 1.727876, 7200, 7200, 0, 0, 0, 0), -- Coilfang Siren
(@CGUID+119, 17917, 545, 3, 90.04188, -326.1148, -7.787464, 3.001966, 7200, 7200, 0, 0, 0, 0), -- Coilfang Water Elemental
(@CGUID+120, 17917, 545, 3, 91.32238, -306.5078, -7.787354, 3.211406, 7200, 7200, 0, 0, 0, 0), -- Coilfang Water Elemental
(@CGUID+121, 17951, 545, 3, -335.5449, -122.5956, -7.935218, 0.5061455, 7200, 7200, 0, 0, 0, 0), -- Steamrigger Mechanic
(@CGUID+122, 17951, 545, 3, -325.3847, -120.199, -7.972894, 3.839724, 7200, 7200, 0, 0, 0, 0), -- Steamrigger Mechanic
(@CGUID+123, 17951, 545, 3, -328.5612, -126.0686, -8.013614, 1.867502, 7200, 7200, 0, 0, 0, 0), -- Steamrigger Mechanic
-- RE-USE 124-125
(@CGUID+126, 17954, 545, 3, -106.3707, -459.9756, 7.801315, 0.296706, 7200, 7200, 0, 0, 0, 0), -- Naga Distiller
(@CGUID+127, 17954, 545, 3, -83.62708, -461.4264, 7.839044, 5.916666, 7200, 7200, 0, 0, 0, 0), -- Naga Distiller
(@CGUID+128, 17954, 545, 3, -112.4721, -486.2535, 8.27487, 5.288348, 7200, 7200, 0, 0, 0, 0), -- Naga Distiller
(@CGUID+129, 17954, 545, 3, -77.57468, -488.5953, 8.295635, 0.06981317, 7200, 7200, 0, 0, 0, 0), -- Naga Distiller
(@CGUID+130, 17954, 545, 3, -75.91588, -522.2477, 8.320672, 5.654867, 7200, 7200, 0, 0, 0, 0), -- Naga Distiller
(@CGUID+131, 17954, 545, 3, -114.7184, -519.8631, 8.28457, 4.363323, 7200, 7200, 0, 0, 0, 0), -- Naga Distiller
(@CGUID+132, 17954, 545, 3, -107.0587, -543.9034, 8.270268, 5.899213, 7200, 7200, 0, 0, 0, 0), -- Naga Distiller
(@CGUID+133, 17954, 545, 3, -80.7551, -550.9464, 8.270267, 3.804818, 7200, 7200, 0, 0, 0, 0), -- Naga Distiller
(@CGUID+134, 17954, 545, 3, -96.24093, -571.3755, 8.270268, 2.391101, 7200, 7200, 0, 0, 0, 0), -- Naga Distiller
(@CGUID+135, 20926, 545, 3, -95.62832, -434.8632, 17.88862, 0.9599311, 7200, 7200, 0, 0, 0, 0), -- Invisible Stalker Coilfang Doors
(@CGUID+136, 21338, 545, 3, -286.844, -157.181, -7.36798, 3.23769, 7200, 7200, 5, 0, 0, 1), -- Coilfang Leper
(@CGUID+137, 21338, 545, 3, -293.385, -155.586, -7.75556, 0.85847, 7200, 7200, 5, 0, 0, 1), -- Coilfang Leper
(@CGUID+138, 21338, 545, 3, -290.275, -145.399, -7.86179, 0.0669908, 7200, 7200, 5, 0, 0, 1), -- Coilfang Leper
(@CGUID+139, 21338, 545, 3, -288.253, -149.218, -7.78847, 2.81878, 7200, 7200, 5, 0, 0, 1), -- Coilfang Leper
(@CGUID+140, 21338, 545, 3, -297.178, -152.096, -8.02476, 4.35982, 7200, 7200, 5, 0, 0, 1), -- Coilfang Leper
(@CGUID+141, 21338, 545, 3, -304.555, -154.87, -8.0049, 4.27636, 7200, 7200, 5, 0, 0, 1), -- Coilfang Leper
(@CGUID+142, 21338, 545, 3, -297.841, -158.345, -7.75556, 1.70389, 7200, 7200, 5, 0, 0, 1), -- Coilfang Leper
(@CGUID+143, 21338, 545, 3, -299.613, -144.559, -8.09161, 5.90719, 7200, 7200, 5, 0, 0, 1), -- Coilfang Leper
(@CGUID+144, 21338, 545, 3, -299.119, -128.542, -8.05811, 5.42465, 7200, 7200, 5, 0, 0, 1), -- Coilfang Leper
(@CGUID+145, 21338, 545, 3, -295.569, -122.412, -7.83299, 1.34031, 7200, 7200, 5, 0, 0, 1), -- Coilfang Leper
(@CGUID+146, 21338, 545, 3, -308.078, -120.606, -8.07807, 0.847794, 7200, 7200, 5, 0, 0, 1), -- Coilfang Leper
(@CGUID+147, 21338, 545, 3, -305.368, -124.744, -8.19377, 1.29576, 7200, 7200, 5, 0, 0, 1), -- Coilfang Leper
(@CGUID+148, 21338, 545, 3, -298.253, -116.181, -7.89239, 4.48321, 7200, 7200, 5, 0, 0, 1), -- Coilfang Leper
(@CGUID+149, 21338, 545, 3, -306.886, -105.965, -7.75556, 5.52654, 7200, 7200, 5, 0, 0, 1), -- Coilfang Leper
(@CGUID+150, 21338, 545, 3, -303.585, -117.138, -7.94818, 4.48116, 7200, 7200, 5, 0, 0, 1), -- Coilfang Leper
(@CGUID+151, 21338, 545, 3, -290.203, -117.944, -7.75556, 5.05645, 7200, 7200, 5, 0, 0, 1), -- Coilfang Leper
(@CGUID+152, 21694, 545, 3, -44.65253, -109.4192, -22.03052, 0.6618111, 7200, 7200, 2, 0, 0, 1), -- Bog Overlord
(@CGUID+153, 21694, 545, 3, -61.78242, -147.368, -19.83974, 4.366947, 7200, 7200, 2, 0, 0, 1), -- Bog Overlord
(@CGUID+154, 21694, 545, 3, 55.4944, -97.78683, -22.53102, 5.718699, 7200, 7200, 2, 0, 0, 1), -- Bog Overlord
(@CGUID+155, 21694, 545, 3, 55.75964, -198.1884, -22.52994, 3.599802, 7200, 7200, 2, 0, 0, 1), -- Bog Overlord
(@CGUID+156, 21694, 545, 3, 65.399605, -149.509674, -20.165577, 2.933452, 7200, 7200, 2, 0, 0, 1), -- Bog Overlord			//moved a little due to random movement clipping
(@CGUID+157, 21695, 545, 3, 8.45414, -247.872, -23.3512, 4.11733, 7200, 7200, 0, 0, 0, 2), -- Tidal Surger
(@CGUID+158, 21695, 545, 3, 39.1165, -129.825, -22.6993, 3.05338, 7200, 7200, 0, 0, 0, 2), -- Tidal Surger
(@CGUID+159, 21695, 545, 3, 1.50336, -176.132, -22.3626, 6.0399, 7200, 7200, 0, 0, 0, 2), -- Tidal Surger
(@CGUID+160, 21696, 545, 3, 6.8201, -250.286, -23.0829, 4.11733, 7200, 7200, 0, 0, 0, 0), -- Steam Surger
(@CGUID+161, 21696, 545, 3, 10.9861, -249.484, -22.8298, 4.11924, 7200, 7200, 0, 0, 0, 0), -- Steam Surger
(@CGUID+162, 21696, 545, 3, 10.1835, -245.318, -23.3071, 4.11733, 7200, 7200, 0, 0, 0, 0), -- Steam Surger
(@CGUID+163, 21696, 545, 3, 6.01744, -246.12, -23.2013, 4.11732, 7200, 7200, 0, 0, 0, 0), -- Steam Surger
(@CGUID+164, 21696, 545, 3, -0.890754, -175.418, -22.7894, 6.043, 7200, 7200, 0, 0, 0, 0), -- Steam Surger
(@CGUID+165, 21696, 545, 3, 38.8399, -126.107, -22.5762, 3.19601, 7200, 7200, 0, 0, 0, 0), -- Steam Surger
(@CGUID+166, 21696, 545, 3, 38.7364, -133.644, -22.7193, 3.16067, 7200, 7200, 0, 0, 0, 0), -- Steam Surger
(@CGUID+167, 21696, 545, 3, 42.1832, -130.057, -22.7953, 3.06617, 7200, 7200, 0, 0, 0, 0), -- Steam Surger
(@CGUID+168, 21696, 545, 3, 2.8464, -176.441, -22.2902, 6.01672, 7200, 7200, 0, 0, 0, 0), -- Steam Surger
(@CGUID+169, 21696, 545, 3, -0.120366, -177.978, -22.8696, 6.17575, 7200, 7200, 0, 0, 0, 0), -- Steam Surger
(@CGUID+170, 21696, 545, 3, 0.480689, -173.217, -22.1396, 6.06815, 7200, 7200, 0, 0, 0, 0), -- Steam Surger
(@CGUID+171, 21696, 545, 3, 38.0048, -130.149, -22.6247, 3.12253, 7200, 7200, 0, 0, 0, 0), -- Steam Surger
-- RE-USE 172 - 173
(@CGUID+174, 17722, 545, 3, -92.90063, -445.3097, 5.991491, 1.553343, 7200, 7200, 0, 0, 0, 0), -- Coilfang Sorceress
(@CGUID+175, 17803, 545, 3, -98.08992, -445.5343, 6.081024, 1.22173, 7200, 7200, 0, 0, 0, 0), -- Coilfang Oracle
(@CGUID+176, 17800, 545, 3, -97.02741, -442.6899, 4.890398, 1.623156, 7200, 7200, 0, 0, 0, 0), -- Coilfang Myrmidon
(@CGUID+177, 17800, 545, 3, -92.68357, -442.7451, 4.921207, 1.570796, 7200, 7200, 0, 0, 0, 0), -- Coilfang Myrmidon
(@CGUID+178, 0, 545, 3, 60.34289, -126.7459, -22.71432, 3.528947, 7200, 7200, 2, 0, 0, 1), -- creature_spawn_entry
(@CGUID+179, 0, 545, 3, 12.67533, -207.2178, -22.44306, 1.682174, 7200, 7200, 2, 0, 0, 1), -- creature_spawn_entry
(@CGUID+180, 0, 545, 3, 39.04907, -237.2698, -22.68699, 5.043978, 7200, 7200, 2, 0, 0, 1), -- creature_spawn_entry
(@CGUID+181, 0, 545, 3, -17.88705, -184.7918, -21.95631, 1.973065, 7200, 7200, 2, 0, 0, 1); -- creature_spawn_entry

-- Using nondefault weapon
UPDATE `creature` SET `equipment_id` = 17805 WHERE `guid` IN (@CGUID+21,@CGUID+22);

-- ===========
-- GAMEOBJECTS
-- ===========

INSERT INTO `gameobject` (`guid`, `id`, `map`, `spawnMask`, `position_x`, `position_y`, `position_z`, `orientation`, `rotation0`, `rotation1`, `rotation2`, `rotation3`, `spawntimesecsmin`, `spawntimesecsmax`, `animprogress`, `state`) VALUES
(@OGUID+1, 181270, 545, 3, -64.53672, -152.4117, -19.92307, 5.654869, 0, 0, -0.3090162, 0.9510568, 86400, 86400, 100, 1), -- Felweed
(@OGUID+2, 181270, 545, 3, -205.8169, -103.2433, -7.755558, 3.490667, 0, 0, -0.984807, 0.1736523, 86400, 86400, 100, 1), -- Felweed
(@OGUID+3, 181275, 545, 3, 58.56668, -204.1229, -22.61328, 3.368496, 0, 0, -0.9935713, 0.1132084, 86400, 86400, 100, 1), -- Ragveil
(@OGUID+4, 181275, 545, 3, -310.2159, -206.7198, -7.755558, 4.904376, 0, 0, -0.6360779, 0.7716249, 86400, 86400, 100, 1), -- Ragveil
(@OGUID+5, 181276, 545, 3, 58.56668, -204.1229, -22.61328, 3.368496, 0, 0, -0.9935713, 0.1132084, 86400, 86400, 100, 1), -- Flame Cap
(@OGUID+6, 181276, 545, 3, -310.2159, -206.7198, -7.755558, 4.904376, 0, 0, -0.6360779, 0.7716249, 86400, 86400, 100, 1), -- Flame Cap
(@OGUID+7, 181278, 545, 3, -313.2753, -107.5292, -7.755558, 5.602507, 0, 0, -0.333807, 0.9426414, 86400, 86400, 100, 1), -- Ancient Lichen
(@OGUID+8, 181278, 545, 3, -220.6068, -186.4473, -5.346097, 4.921829, 0, 0, -0.6293201, 0.7771462, 86400, 86400, 100, 1), -- Ancient Lichen
(@OGUID+9, 181278, 545, 3, -131.4314, -328.5607, -67.64109, 4.206246, 0, 0, -0.8616285, 0.5075394, 86400, 86400, 100, 1), -- Ancient Lichen
(@OGUID+10, 181278, 545, 3, 6.921429, -271.4437, -18.83184, 1.727875, 0, 0, 0.7604055, 0.6494485, 86400, 86400, 100, 1), -- Ancient Lichen
(@OGUID+11, 181278, 545, 3, 68.27805, -149.7298, -19.68152, 0.9599299, 0, 0, 0.4617481, 0.8870111, 86400, 86400, 100, 1), -- Ancient Lichen
(@OGUID+12, 181278, 545, 3, -237.348, -182.7269, -5.58116, 4.537859, 0, 0, -0.7660437, 0.6427886, 86400, 86400, 100, 1), -- Ancient Lichen
(@OGUID+13, 181278, 545, 3, -245.7523, -163.1712, -2.666415, 5.550147, 0, 0, -0.3583679, 0.9335805, 86400, 86400, 100, 1), -- Ancient Lichen
(@OGUID+14, 181278, 545, 3, -49.16631, -143.1611, -20.24312, 1.937312, 0, 0, 0.8241253, 0.5664076, 86400, 86400, 100, 1), -- Ancient Lichen
(@OGUID+15, 181278, 545, 3, -314.814, -184.551, -7.7555, 2.0499, 0, 0, 0, 1, 86400, 86400, 100, 1), -- Ancient Lichen
(@OGUID+16, 181557, 545, 3, -364.5042, -85.856, -7.755558, 0.9250238, 0, 0, 0.4461975, 0.8949345, 86400, 86400, 255, 1), -- Khorium Vein
(@OGUID+17, 181555, 545, 3, 44.92197, -270.0414, -21.83909, 0.5759573, 0, 0, 0.2840147, 0.9588199, 86400, 86400, 255, 1), -- Fel Iron Deposit
(@OGUID+18, 181555, 545, 3, -363.7592, -135.723, -7.755558, 3.68265, 0, 0, -0.9636297, 0.267241, 86400, 86400, 255, 1), -- Fel Iron Deposit
(@OGUID+19, 181555, 545, 3, -339.4125, -196.9263, -5.720564, 2.548179, 0, 0, 0.9563046, 0.2923723, 86400, 86400, 255, 1), -- Fel Iron Deposit
(@OGUID+20, 181555, 545, 3, 86.10484, -183.557, -22.05482, 0.9599299, 0, 0, 0.4617481, 0.8870111, 86400, 86400, 255, 1), -- Fel Iron Deposit
(@OGUID+21, 181555, 545, 3, -200.8845, -121.0747, -6.024526, 0.7504908, 0, 0, 0.3665009, 0.9304177, 86400, 86400, 255, 1), -- Fel Iron Deposit
(@OGUID+22, 181555, 545, 3, 6.10486, -229.5263, -22.17201, 5.340709, 0, 0, -0.45399, 0.8910068, 86400, 86400, 255, 1), -- Fel Iron Deposit
(@OGUID+23, 181556, 545, 3, -287.925, -192.021, -7.75556, 0, 0, 0, 0, 0, 86400, 86400, 255, 1), -- Adamantite Deposit
(@OGUID+24, 181556, 545, 3, 84.67383, -148.3017, -21.08141, 4.590216, 0, 0, -0.7489557, 0.6626201, 86400, 86400, 255, 1), -- Adamantite Deposit
(@OGUID+25, 181556, 545, 3, 4.756875, -278.0156, -8.366473, 5.881761, 0, 0, -0.1993675, 0.9799248, 86400, 86400, 255, 1), -- Adamantite Deposit
(@OGUID+26, 181556, 545, 3, -53.29605, -175.5877, -20.02813, 2.617989, 0, 0, 0.9659252, 0.2588213, 86400, 86400, 255, 1), -- Adamantite Deposit
(@OGUID+27, 181556, 545, 3, -388.8277, -157.5405, -7.755558, 5.323256, 0, 0, -0.4617481, 0.8870111, 86400, 86400, 255, 1), -- Adamantite Deposit
(@OGUID+28, 181556, 545, 3, -364.5042, -85.856, -7.755558, 0.9250238, 0, 0, 0.4461975, 0.8949345, 86400, 86400, 255, 1), -- Adamantite Deposit
(@OGUID+29, 181569, 545, 3, -262.3567, -186.1232, -7.607419, 3.926996, 0, 0, -0.9238787, 0.3826855, 86400, 86400, 255, 1), -- Rich Adamantite Deposit
(@OGUID+30, 182197, 545, 3, 19.60388, -304.9137, -66.1715, 6.108654, 0, 0, -0.08715534, 0.9961947, 86400, 86400, 100, 1), -- Arcane Container
(@OGUID+31, 181556, 545, 3, -262.3567, -186.1232, -7.607419, 3.926996, 0, 0, -0.9238787, 0.3826855, 86400, 86400, 255, 1), -- Adamantite Deposit
(@OGUID+32, 181569, 545, 3, 4.756875, -278.0156, -8.366473, 5.881761, 0, 0, -0.1993675, 0.9799248, 86400, 86400, 255, 1), -- Rich Adamantite Deposit
(@OGUID+33, 181569, 545, 3, -53.29605, -175.5877, -20.02813, 2.617989, 0, 0, 0.9659252, 0.2588213, 86400, 86400, 255, 1), -- Rich Adamantite Deposit
(@OGUID+34, 183049, 545, 3, -95.55837, -437.6247, 4.946238, 3.141593, 0, 0, -1, 0, 180, 180, 100, 1), -- Main Chambers Door
(@OGUID+35, 184125, 545, 3, 98.81569, -316.3364, -6.683962, 4.799657, 0, 0, -0.6755896, 0.7372779, 0, 0, 0, 1), -- Main Chambers Access Panel
(@OGUID+36, 184126, 545, 3, -332.35, -117.1587, -6.707662, 0.2617982, 0, 0, 0.1305256, 0.9914449, 0, 0, 0, 1), -- Main Chambers Access Panel
(@OGUID+37, 184201, 545, 1, -23.97297, 5.327147, -3.875418, 0.05161286, 0, 0, 0.02580357, 0.999667, 0, 0, 0, 0), -- Instance_Portal_Difficulty_0
(@OGUID+38, 184202, 545, 2, -23.97297, 5.327147, -3.875418, 0.05161286, 0, 0, 0.02580357, 0.999667, 0, 0, 0, 0), -- Instance_Portal_Difficulty_1
(@OGUID+39, 184940, 545, 3, 39.4951, -244.041, -22.8052, -2.00713, 0, 0, 0, 0, 86400, 86400, 100, 1), -- Bound Adamantite Chest
(@OGUID+40, 184941, 545, 3, 39.4951, -244.041, -22.8052, -2.00713, 0, 0, 0, 0, 86400, 86400, 100, 1), -- Solid Adamantite Chest
(@OGUID+41, 184940, 545, 3, -153.1877, -275.2578, -7.775092, 2.897245, 0, 0, 0, 0, 86400, 86400, 100, 1), -- Bound Adamantite Chest
(@OGUID+42, 184941, 545, 3, -153.1877, -275.2578, -7.775092, 2.897245, 0, 0, 0, 0, 86400, 86400, 100, 1), -- Solid Adamantite Chest
(@OGUID+43, 184940, 545, 3, 61.67565, -128.6761, -22.71641, 2.705255, 0, 0, 0, 0, 86400, 86400, 100, 1), -- Bound Adamantite Chest
(@OGUID+44, 184941, 545, 3, 61.67565, -128.6761, -22.71641, 2.705255, 0, 0, 0, 0, 86400, 86400, 100, 1), -- Solid Adamantite Chest
(@OGUID+45, 184940, 545, 3, 4.36841, -259.654, -21.6164, 0, 0, 0, 0, 0, 86400, 86400, 100, 1), -- Bound Adamantite Chest
(@OGUID+46, 184941, 545, 3, 4.36841, -259.654, -21.6164, 0, 0, 0, 0, 0, 86400, 86400, 100, 1), -- Solid Adamantite Chest
(@OGUID+47, 184940, 545, 3, -54.5296, -320.9142, -7.767337, -2.897245, 0, 0, 0, 0, 86400, 86400, 100, 1), -- Bound Adamantite Chest
(@OGUID+48, 184941, 545, 3, -54.5296, -320.9142, -7.767337, -2.897245, 0, 0, 0, 0, 86400, 86400, 100, 1), -- Solid Adamantite Chest
(@OGUID+49, 184940, 545, 3, 4.538191, -156.8739, -22.02836, -0.4886912, 0, 0, 0, 0, 86400, 86400, 100, 1), -- Bound Adamantite Chest
(@OGUID+50, 184941, 545, 3, 4.538191, -156.8739, -22.02836, -0.4886912, 0, 0, 0, 0, 86400, 86400, 100, 1), -- Solid Adamantite Chest
(@OGUID+51, 184940, 545, 3, -46.641113, -368.036835, -7.767333, 2.676338, 0, 0, 0, 0, 86400, 86400, 100, 1), -- Bound Adamantite Chest
(@OGUID+52, 184941, 545, 3, -46.641113, -368.036835, -7.767333, 2.676338, 0, 0, 0, 0, 86400, 86400, 100, 1), -- Solid Adamantite Chest
(@OGUID+53, 181278, 545, 3, -271.3181, -206.7492, -67.64107, 0.9424766, 0, 0, 0.45399, 0.8910068, 86400, 86400, 100, 1), -- Ancient Lichen
(@OGUID+54, 181278, 545, 3, -354.5131, -136.0246, -7.755558, 2.844883, 0, 0, 0.9890156, 0.1478114, 86400, 86400, 100, 1), -- Ancient Lichen
(@OGUID+55, 181278, 545, 3, -238.2517, -133.8857, -65.16281, 0.1745321, 0, 0, 0.08715534, 0.9961947, 86400, 86400, 100, 1), -- Ancient Lichen
(@OGUID+56, 181278, 545, 3, -15.03267, -312.0513, -62.49138, 4.502952, 0, 0, -0.7771454, 0.6293211, 86400, 86400, 100, 1); -- Ancient Lichen

-- ======
-- EVENTS
-- ======

-- INSERT INTO `game_event_creature` (`guid`, `event`) VALUES
-- INSERT INTO `game_event_creature_data` (`guid`, `entry_id`, `modelid`, `equipment_id`, `spell_start`, `spell_end`, `event`) VALUES
-- INSERT INTO `game_event_gameobject` (`guid`, `event`) VALUES

-- =======
-- POOLING
-- =======

INSERT INTO `pool_pool` (`pool_id`, `mother_pool`, `chance`, `description`) VALUES
(@PGUID+26, @PGUID+25, 0, 'Adamantite Deposit / Rich Adamantite Deposit - #1'),
(@PGUID+27, @PGUID+25, 0, 'Adamantite Deposit / Rich Adamantite Deposit - #2'),
(@PGUID+28, @PGUID+25, 0, 'Adamantite Deposit / Rich Adamantite Deposit - #3'),
(@PGUID+29, @PGUID+25, 0, 'Adamantite Deposit / Khorium Vein - #4'),
(@PGUID+41, @PGUID+40, 0, 'Steamvault - Bound / Solid Adamantite Chest #1'),
(@PGUID+42, @PGUID+40, 0, 'Steamvault - Bound / Solid Adamantite Chest #2'),
(@PGUID+43, @PGUID+40, 0, 'Steamvault - Bound / Solid Adamantite Chest #3'),
(@PGUID+44, @PGUID+40, 0, 'Steamvault - Bound / Solid Adamantite Chest #4'),
(@PGUID+45, @PGUID+40, 0, 'Steamvault - Bound / Solid Adamantite Chest #5'),
(@PGUID+46, @PGUID+40, 0, 'Steamvault - Bound / Solid Adamantite Chest #6'),
(@PGUID+47, @PGUID+40, 0, 'Steamvault - Bound / Solid Adamantite Chest #7');

INSERT INTO `pool_template` (`entry`, `max_limit`, `description`) VALUES
(@PGUID+20, 1, 'Steamvault - Swamp Gas (17378)'),
(@PGUID+21, 1, 'Steamvault - Felweed (181270)'),
(@PGUID+22, 1, 'Steamvault - Ragveil / Flame Cap #1'),
(@PGUID+23, 1, 'Steamvault - Ragveil / Flame Cap #2'),
(@PGUID+24, 4, 'Steamvault - Ancient Lichen (181278)'),
(@PGUID+25, 4, 'Steamvault - Master Mineral Pool'),
(@PGUID+26, 1, 'Steamvault - Adamantite Deposit / Rich Adamantite Deposit #1'),
(@PGUID+27, 1, 'Steamvault - Adamantite Deposit / Rich Adamantite Deposit #2'),
(@PGUID+28, 1, 'Steamvault - Adamantite Deposit / Rich Adamantite Deposit #3'),
(@PGUID+29, 1, 'Steamvault - Adamantite Deposit / Khorium Vein #4'),
(@PGUID+40, 2, 'Steamvault - Master Chest Pool'),
(@PGUID+41, 1, 'Steamvault - Bound / Solid Adamantite Chest #1'),
(@PGUID+42, 1, 'Steamvault - Bound / Solid Adamantite Chest #2'),
(@PGUID+43, 1, 'Steamvault - Bound / Solid Adamantite Chest #3'),
(@PGUID+44, 1, 'Steamvault - Bound / Solid Adamantite Chest #4'),
(@PGUID+45, 1, 'Steamvault - Bound / Solid Adamantite Chest #5'),
(@PGUID+46, 1, 'Steamvault - Bound / Solid Adamantite Chest #6'),
(@PGUID+47, 1, 'Steamvault - Bound / Solid Adamantite Chest #7');

INSERT INTO `pool_creature` (`guid`, `pool_entry`, `chance`, `description`) VALUES
(@CGUID+6, @PGUID+20, 0, 'Steamvault - Crab (6827)'),
(@CGUID+36, @PGUID+20, 0, 'Steamvault - Swamp Gas (17378)');

-- INSERT INTO `pool_creature_template` (`id`, `pool_entry`, `chance`, `description`) VALUES

INSERT INTO `pool_gameobject` (`guid`, `pool_entry`, `chance`, `description`) VALUES
(@OGUID+1, @PGUID+21, 0, 'Steamvault - Felweed (181270)'),
(@OGUID+2, @PGUID+21, 0, 'Steamvault - Felweed (181270)'),
(@OGUID+3, @PGUID+22, 0, 'Steamvault - Ragveil (181275)'),
(@OGUID+5, @PGUID+22, 0, 'Steamvault - Flame Cap (181276)'),
(@OGUID+4, @PGUID+23, 0, 'Steamvault - Ragveil (181275)'),
(@OGUID+6, @PGUID+23, 0, 'Steamvault - Flame Cap (181276)'),
(@OGUID+7, @PGUID+24, 0, 'Steamvault - Ancient Lichen (181278)'),
(@OGUID+8, @PGUID+24, 0, 'Steamvault - Ancient Lichen (181278)'),
(@OGUID+9, @PGUID+24, 0, 'Steamvault - Ancient Lichen (181278)'),
(@OGUID+10, @PGUID+24, 0, 'Steamvault - Ancient Lichen (181278)'),
(@OGUID+11, @PGUID+24, 0, 'Steamvault - Ancient Lichen (181278)'),
(@OGUID+12, @PGUID+24, 0, 'Steamvault - Ancient Lichen (181278)'),
(@OGUID+13, @PGUID+24, 0, 'Steamvault - Ancient Lichen (181278)'),
(@OGUID+14, @PGUID+24, 0, 'Steamvault - Ancient Lichen (181278)'),
(@OGUID+15, @PGUID+24, 0, 'Steamvault - Ancient Lichen (181278)'),
(@OGUID+53, @PGUID+24, 0, 'Steamvault - Ancient Lichen (181278)'),
(@OGUID+54, @PGUID+24, 0, 'Steamvault - Ancient Lichen (181278)'),
(@OGUID+55, @PGUID+24, 0, 'Steamvault - Ancient Lichen (181278)'),
(@OGUID+56, @PGUID+24, 0, 'Steamvault - Ancient Lichen (181278)'),
(@OGUID+17, @PGUID+25, 0, 'Steamvault - Fel Iron Deposit (181555)'),
(@OGUID+18, @PGUID+25, 0, 'Steamvault - Fel Iron Deposit (181555)'),
(@OGUID+19, @PGUID+25, 0, 'Steamvault - Fel Iron Deposit (181555)'),
(@OGUID+20, @PGUID+25, 0, 'Steamvault - Fel Iron Deposit (181555)'),
(@OGUID+21, @PGUID+25, 0, 'Steamvault - Fel Iron Deposit (181555)'),
(@OGUID+22, @PGUID+25, 0, 'Steamvault - Fel Iron Deposit (181555)'),
(@OGUID+23, @PGUID+25, 0, 'Steamvault - Adamantite Deposit (181556)'),
(@OGUID+24, @PGUID+25, 0, 'Steamvault - Adamantite Deposit (181556)'),
(@OGUID+27, @PGUID+25, 0, 'Steamvault - Adamantite Deposit (181556)'),
(@OGUID+29, @PGUID+26, 0, 'Steamvault - Rich Adamantite Deposit (181569) - #1'),
(@OGUID+31, @PGUID+26, 0, 'Steamvault - Adamantite Deposit (181556) - #1'),
(@OGUID+25, @PGUID+27, 0, 'Steamvault - Adamantite Deposit (181556) - #2'),
(@OGUID+32, @PGUID+27, 0, 'Steamvault - Rich Adamantite Deposit (181569) - #2'),
(@OGUID+26, @PGUID+28, 0, 'Steamvault - Adamantite Deposit (181556) - #3'),
(@OGUID+33, @PGUID+28, 0, 'Steamvault - Rich Adamantite Deposit (181569) - #3'),
(@OGUID+28, @PGUID+29, 0, 'Steamvault - Adamantite Deposit (181556) - #4'),
(@OGUID+16, @PGUID+29, 20, 'Steamvault - Khorium Vein (181557) - #4'),
(@OGUID+39, @PGUID+41, 0, 'Steamvault - Bound Adamantite Chest (184940)'),
(@OGUID+40, @PGUID+41, 0, 'Steamvault - Solid Adamantite Chest (184941)'),
(@OGUID+41, @PGUID+42, 0, 'Steamvault - Bound Adamantite Chest (184940)'),
(@OGUID+42, @PGUID+42, 0, 'Steamvault - Solid Adamantite Chest (184941)'),
(@OGUID+43, @PGUID+43, 0, 'Steamvault - Bound Adamantite Chest (184940)'),
(@OGUID+44, @PGUID+43, 0, 'Steamvault - Solid Adamantite Chest (184941)'),
(@OGUID+45, @PGUID+44, 0, 'Steamvault - Bound Adamantite Chest (184940)'),
(@OGUID+46, @PGUID+44, 0, 'Steamvault - Solid Adamantite Chest (184941)'),
(@OGUID+47, @PGUID+45, 0, 'Steamvault - Bound Adamantite Chest (184940)'),
(@OGUID+48, @PGUID+45, 0, 'Steamvault - Solid Adamantite Chest (184941)'),
(@OGUID+49, @PGUID+46, 0, 'Steamvault - Bound Adamantite Chest (184940)'),
(@OGUID+50, @PGUID+46, 0, 'Steamvault - Solid Adamantite Chest (184941)'),
(@OGUID+51, @PGUID+47, 0, 'Steamvault - Bound Adamantite Chest (184940)'),
(@OGUID+52, @PGUID+47, 0, 'Steamvault - Solid Adamantite Chest (184941)');

-- INSERT INTO `pool_gameobject_template` (`id`, `pool_entry`, `chance`, `description`) VALUES

-- =========
-- DBSCRIPTS
-- =========

-- INSERT INTO `dbscripts_on_creature_movement` (`id`, `delay`, `command`, `datalong`, `datalong2`, `datalong3`, `buddy_entry`, `search_radius`, `data_flags`, `dataint`, `dataint2`, `dataint3`, `dataint4`, `x`, `y`, `z`, `o`, `comments`) VALUES
-- INSERT INTO `dbscripts_on_creature_death` (`id`, `delay`, `command`, `datalong`, `datalong2`, `datalong3`, `buddy_entry`, `search_radius`, `data_flags`, `dataint`, `dataint2`, `dataint3`, `dataint4`, `x`, `y`, `z`, `o`, `comments`) VALUES
-- INSERT INTO `dbscripts_on_go_use` (`id`, `delay`, `command`, `datalong`, `datalong2`, `datalong3`, `buddy_entry`, `search_radius`, `data_flags`, `dataint`, `dataint2`, `dataint3`, `dataint4`, `x`, `y`, `z`, `o`, `comments`) VALUES

DELETE FROM `dbscripts_on_go_template_use` WHERE `id` IN (184125,184126);
INSERT INTO `dbscripts_on_go_template_use` (`id`, `delay`, `command`, `datalong`, `datalong2`, `datalong3`, `buddy_entry`, `search_radius`, `data_flags`, `dataint`, `dataint2`, `dataint3`, `dataint4`, `x`, `y`, `z`, `o`, `comments`) VALUES
(184125, 0, 0, 0, 0, 0, 0, 0, 0, 2000020037, 0, 0, 0, 0, 0, 0, 0, 'Invisible Stalker Coilfang Doors 20926 - Emote on 184125 go template use'),
(184126, 0, 0, 0, 0, 0, 0, 0, 0, 2000020037, 0, 0, 0, 0, 0, 0, 0, 'Invisible Stalker Coilfang Doors 20926 - Emote on 184126 go template use'),
(184126, 0, 0, 0, 0, 0, 0, 0, 0, 2000020038, 0, 0, 0, 0, 0, 0, 0, 'Invisible Stalker Coilfang Doors 20926 - Emote on 184126 go template use'), -- should be conditioned to whichever go is activated last
(184126, 12000, 20, 2, 0, 0, 17722, @CGUID+174, 23, 0, 0, 0, 0, 0, 0, 0, 0, 'Coilfang Sorceress 17722 - Change MovementType to 2 on 2000020038'),
(184126, 12000, 20, 2, 0, 0, 17803, @CGUID+175, 23, 0, 0, 0, 0, 0, 0, 0, 0, 'Coilfang Oracle 17803 - Change MovementType to 2 on 2000020038'),
(184126, 12000, 20, 2, 0, 0, 17800, @CGUID+177, 23, 0, 0, 0, 0, 0, 0, 0, 0, 'Coilfang Myrmidon 17800 - Change MovementType to 2 on 2000020038'),
(184126, 12000, 20, 2, 0, 0, 17800, @CGUID+176, 23, 0, 0, 0, 0, 0, 0, 0, 0, 'Coilfang Myrmidon 17800 - Change MovementType to 2 on 2000020038');

-- INSERT INTO `dbscripts_on_relay` (`id`, `delay`, `command`, `datalong`, `datalong2`, `datalong3`, `buddy_entry`, `search_radius`, `data_flags`, `dataint`, `dataint2`, `dataint3`, `dataint4`, `x`, `y`, `z`, `o`, `comments`) VALUES
-- INSERT INTO `dbscripts_on_event` (`id`, `delay`, `command`, `datalong`, `datalong2`, `datalong3`, `buddy_entry`, `search_radius`, `data_flags`, `dataint`, `dataint2`, `dataint3`, `dataint4`, `x`, `y`, `z`, `o`, `comments`) VALUES
-- INSERT INTO `dbscripts_on_spell` (`id`, `delay`, `command`, `datalong`, `datalong2`, `datalong3`, `buddy_entry`, `search_radius`, `data_flags`, `dataint`, `dataint2`, `dataint3`, `dataint4`, `x`, `y`, `z`, `o`, `comments`) VALUES
-- INSERT INTO `dbscripts_on_gossip` (`id`, `delay`, `command`, `datalong`, `datalong2`, `datalong3`, `buddy_entry`, `search_radius`, `data_flags`, `dataint`, `dataint2`, `dataint3`, `dataint4`, `x`, `y`, `z`, `o`, `comments`) VALUES
-- INSERT INTO `dbscripts_on_quest_start` (`id`, `delay`, `command`, `datalong`, `datalong2`, `datalong3`, `buddy_entry`, `search_radius`, `data_flags`, `dataint`, `dataint2`, `dataint3`, `dataint4`, `x`, `y`, `z`, `o`, `comments`) VALUES
-- INSERT INTO `dbscripts_on_quest_end` (`id`, `delay`, `command`, `datalong`, `datalong2`, `datalong3`, `buddy_entry`, `search_radius`, `data_flags`, `dataint`, `dataint2`, `dataint3`, `dataint4`, `x`, `y`, `z`, `o`, `comments`) VALUES

DELETE FROM `dbscript_string` WHERE `entry` IN (2000020037,2000020038);
INSERT INTO `dbscript_string` (`entry`, `content_default`, `sound`, `type`, `language`, `emote`, `broadcast_text_id`, `comment`) VALUES
(2000020037, 'You hear a faint echo....', 0, 2, 0, 0, 18599, NULL),
(2000020038, 'You hear a loud rumble of metal grinding on stone...', 0, 2, 0, 0, 18600, NULL);

-- INSERT INTO `dbscript_random_templates` (`id`, `type`, `target_id`, `chance`, `comments`) VALUES


