/* DBScriptData
DBName: Coilfang Reservoir - The Slave Pens
DBScriptName: -
DB%Complete: 86
DBComment:
* Coilfang Slavehandler 17959 OOC RP Script
* Wastewalker Captive should randomly sit (either via creature_addon or acid) and stand up when they say their text (acid), update when behavior is found out, also have LOS issue for their text ai, do it doesnt execute
* @CGUID+87 might be pooled with Coilfang Scale-Healer
* redo/sniff path/spawns for @CGUID+76 and @CGUID+77, its currently not as long/wide as it should be
* @CGUID+72 - @CGUID+75 were changed to 17940 at some point
* changed position for @CGUID+75 spawn due to extreme desync pathing befor: -33.9556, -353.67, 78.0838, 0.242071, recheck spawns @CGUID+75 and @CGUID+74
EndDBScriptData */

SET @CGUID := 5470000; -- creatures
SET @OGUID := 5470000; -- gameobjects
SET @PGUID := 48600; -- pools

-- =========
-- CREATURES
-- =========

INSERT INTO `creature_movement` (`id`, `point`, `position_x`, `position_y`, `position_z`, `orientation`, `waittime`, `script_id`) VALUES
(@CGUID+11, 1, -193.28, -730.644, 36.7285, 4.88752, 0, 5),
(@CGUID+11, 2, -176.133, -737.439, 37.6712, 5.84885, 0, 0),
(@CGUID+11, 3, -152.775, -755.023, 37.8924, 5.53076, 0, 0),
(@CGUID+11, 4, -142.723, -766.83, 37.8924, 5.36033, 0, 0),
(@CGUID+11, 5, -152.162, -754.221, 37.8924, 2.2156, 0, 0),
(@CGUID+11, 6, -166.051, -742.04, 37.8924, 2.43158, 0, 0),
(@CGUID+11, 7, -192.943, -731.203, 36.6513, 2.73317, 0, 0),
(@CGUID+11, 8, -197.918, -719.931, 37.6508, 1.95799, 0, 0),
(@CGUID+11, 9, -196.525, -699.135, 37.6758, 1.59827, 0, 0),
(@CGUID+29, 1, 21.3806, -77.1728, -1.59056, 2.31062, 1000, 5),
(@CGUID+29, 2, -7.40776, -59.9187, -1.59056, 2.60279, 0, 0),
(@CGUID+29, 3, -23.4768, -47.3342, -1.59056, 2.47556, 0, 0),
(@CGUID+29, 4, -19.935, -33.1508, -3.6824, 1.39092, 0, 0),
(@CGUID+29, 5, -15.6657, -18.9221, -1.8165, 1.23777, 0, 0),
(@CGUID+29, 6, 3.89414, -21.3769, -1.69636, 6.11745, 0, 0),
(@CGUID+29, 7, 16.5986, -26.557, -1.23579, 5.89596, 0, 0),
(@CGUID+29, 8, 26.7712, -30.8165, -0.905259, 5.86062, 0, 0),
(@CGUID+29, 9, 42.0684, -42.012, -1.25382, 5.67605, 0, 0),
(@CGUID+29, 10, 45.2533, -44.2245, -1.34953, 5.67605, 1000, 5),
(@CGUID+29, 11, 31.9388, -34.4066, -0.952698, 2.51718, 0, 0),
(@CGUID+29, 12, 5.92747, -25.3469, -1.62205, 2.83134, 0, 0),
(@CGUID+29, 13, -9.64911, -20.892, -1.775, 2.93423, 0, 0),
(@CGUID+29, 14, -17.5609, -27.4412, -2.81297, 3.90341, 0, 0),
(@CGUID+29, 15, -22.0797, -45.9683, -1.59056, 4.53173, 0, 0),
(@CGUID+29, 16, -10.971, -55.464, -1.59056, 5.49305, 0, 0),
(@CGUID+29, 17, 10.0276, -67.957, -1.59056, 5.7703, 0, 0),
(@CGUID+30, 1, 24.739, -80.5426, -1.59055, 5.50955, 1000, 5),
(@CGUID+30, 2, 39.8198, -95.0929, -1.59055, 5.52133, 0, 0),
(@CGUID+30, 3, 66.6139, -108.588, -1.59055, 5.85826, 0, 0),
(@CGUID+30, 4, 83.18, -107.935, -1.77718, 6.27374, 0, 0),
(@CGUID+30, 5, 93.4559, -104.258, -1.746, 0.387181, 0, 0),
(@CGUID+30, 6, 99.5506, -95.274, -1.74464, 1.1121, 0, 0),
(@CGUID+30, 7, 100.845, -82.8392, -1.93832, 1.4671, 0, 0),
(@CGUID+30, 8, 97.1395, -73.4639, -1.93333, 2.00039, 0, 0),
(@CGUID+30, 9, 88.1852, -67.031, -1.51047, 2.50854, 0, 0),
(@CGUID+30, 10, 74.9513, -63.1311, -1.58091, 2.8981, 0, 0),
(@CGUID+30, 11, 51.3906, -48.4747, -1.53392, 2.59729, 1000, 5),
(@CGUID+30, 12, 71.3095, -59.5157, -1.40341, 5.7381, 0, 0),
(@CGUID+30, 13, 86.7149, -67.4752, -1.58595, 5.77344, 0, 0),
(@CGUID+30, 14, 98.6776, -74.4816, -2.02136, 5.72868, 0, 0),
(@CGUID+30, 15, 100.603, -85.6782, -2.00852, 4.85296, 0, 0),
(@CGUID+30, 16, 93.6475, -103.484, -1.86193, 4.34637, 0, 0),
(@CGUID+30, 17, 82.2214, -108.795, -1.69518, 3.57668, 0, 0),
(@CGUID+30, 18, 69.4674, -107.822, -1.89392, 3.06068, 0, 0),
(@CGUID+30, 19, 51.0634, -99.0745, -1.59039, 2.69782, 0, 0),
(@CGUID+30, 20, 40.5374, -94.0704, -1.59039, 2.69782, 0, 0),
(@CGUID+30, 21, 31.7392, -86.6805, -1.59039, 2.41665, 0, 0),
(@CGUID+34, 1, -134.06, -740.453, 37.8923, 2.44336, 0, 5),
(@CGUID+34, 2, -151.281, -725.953, 37.8923, 2.37739, 0, 0),
(@CGUID+34, 3, -172.5, -712.411, 37.8923, 2.51719, 0, 0),
(@CGUID+34, 4, -196.669, -701.407, 37.7803, 2.67349, 0, 0),
(@CGUID+34, 5, -201.412, -687.799, 37.4671, 1.67289, 0, 0),
(@CGUID+34, 6, -196.17, -703.307, 37.8924, 5.05717, 0, 0),
(@CGUID+34, 7, -175.41, -712.587, 37.8924, 5.82607, 0, 0),
(@CGUID+34, 8, -149.446, -730.941, 37.8924, 5.67057, 0, 0),
(@CGUID+34, 9, -132.762, -742.739, 37.8924, 5.81429, 0, 0),
(@CGUID+34, 10, -125.391, -755.768, 37.494, 5.26766, 0, 0),
(@CGUID+34, 11, -131.26, -744.295, 37.8934, 2.04281, 0, 0),
(@CGUID+39, 1, -119.257, -592.661, 7.43123, 5.27387, 6000, 0),
(@CGUID+39, 2, -119.257, -592.661, 7.43123, 5.27387, 20000, 1378),
(@CGUID+39, 3, -119.257, -592.661, 7.43123, 5.27387, 26000, 0),
(@CGUID+42, 1, 78.3688, -407.71, 35.9248, 0.223035, 0, 0),
(@CGUID+42, 2, 93.5926, -402.712, 33.4546, 0.333777, 0, 0),
(@CGUID+42, 3, 108.017, -397.103, 32.1084, 0.303146, 0, 0),
(@CGUID+42, 4, 124.259, -392.14, 30.683, 0.218323, 0, 0),
(@CGUID+42, 5, 131.552, -379.839, 30.043, 1.46632, 0, 0),
(@CGUID+42, 6, 125.132, -369.406, 30.6319, 1.63126, 0, 0),
(@CGUID+42, 7, 114.531, -366.109, 31.5007, 2.80778, 0, 0),
(@CGUID+42, 8, 96.8746, -359.36, 33.1492, 2.93973, 0, 0),
(@CGUID+42, 9, 88.5531, -356.396, 33.9275, 2.71668, 0, 0),
(@CGUID+42, 10, 79.21, -354.059, 35.7375, 2.95465, 0, 0),
(@CGUID+42, 11, 89.1128, -356.674, 33.8755, 6.06326, 0, 0),
(@CGUID+42, 12, 105.057, -362.932, 32.3859, 5.91089, 0, 0),
(@CGUID+42, 13, 123.597, -369.191, 30.7557, 5.93917, 0, 0),
(@CGUID+42, 14, 124.448, -390.101, 30.718, 4.6197, 0, 0),
(@CGUID+42, 15, 116.305, -393.438, 31.3361, 3.4471, 0, 0),
(@CGUID+42, 16, 93.8327, -401.7, 33.4334, 3.45888, 0, 0),
(@CGUID+44, 1, 82.7014, -354.463, 3.03563, 3.27902, 0, 0),
(@CGUID+44, 2, 58.016, -363.896, 3.03563, 3.5649, 0, 0),
(@CGUID+44, 3, 82.4312, -353.445, 3.03563, 0.40446, 0, 0),
(@CGUID+44, 4, 116.405, -345.668, 3.03563, 0.181407, 0, 0),
(@CGUID+45, 1, -235.922, -380.405, 5.26696, 0.021369, 0, 0),
(@CGUID+45, 2, -293.297, -380.295, 30.5718, 0.001734, 0, 0),
(@CGUID+56, 1, -129.183, -360.001, 79.633, 5.98867, 0, 0),
(@CGUID+56, 2, -118.328, -367.537, 81.1265, 5.76247, 0, 0),
(@CGUID+56, 3, -118.445, -394.009, 81.0743, 4.65035, 0, 0),
(@CGUID+56, 4, -131.952, -401.757, 79.0816, 3.63012, 0, 0),
(@CGUID+56, 5, -118.676, -393.847, 81.0774, 0.631466, 0, 0),
(@CGUID+56, 6, -117.975, -370.358, 81.2919, 1.68469, 0, 0),
(@CGUID+59, 1, -92.427, -208.33, -1.16262, 1.84654, 0, 0),
(@CGUID+59, 2, -94.1575, -192.332, -1.71617, 1.59914, 0, 0),
(@CGUID+59, 3, -91.469, -174.521, -3.35942, 1.41143, 0, 0),
(@CGUID+59, 4, -82.0551, -163.194, -2.95462, 0.877356, 0, 0),
(@CGUID+59, 5, -72.2506, -160.236, -2.27716, 0.293019, 0, 0),
(@CGUID+59, 6, -60.1852, -163.844, -2.01555, 5.96438, 0, 0),
(@CGUID+59, 7, -28.4469, -182.566, -2.31752, 5.6997, 0, 0),
(@CGUID+59, 8, -46.3729, -167.814, -1.42591, 2.37747, 0, 0),
(@CGUID+59, 9, -58.9079, -161.165, -1.66274, 2.65393, 0, 0),
(@CGUID+59, 10, -77.588, -161.752, -2.73356, 3.2092, 0, 0),
(@CGUID+59, 11, -88.7996, -167.533, -3.21806, 3.61761, 0, 0),
(@CGUID+59, 12, -94.6737, -183.772, -2.28738, 4.36531, 0, 0),
(@CGUID+59, 13, -92.442, -206.975, -1.15395, 4.80828, 0, 0),
(@CGUID+59, 14, -88.6184, -241.796, -1.07868, 4.81534, 0, 0),
(@CGUID+60, 1, -119.401, -26.9396, -6.85294, 0, 20, 0),
(@CGUID+60, 2, -112.349, -14.0836, -9.54354, 0, 0, 0),
(@CGUID+60, 3, -87.0269, -4.9887, -7.30752, 0, 0, 0),
(@CGUID+60, 4, -112.918, -13.9442, -9.68508, 0, 20, 0),
(@CGUID+60, 5, -118.041, -25.9319, -7.14343, 0, 0, 0),
(@CGUID+60, 6, -107.922, -63.9707, -3.3031, 0, 0, 0),
(@CGUID+60, 7, -104.064, -77.757, -3.59952, 0, 20, 0),
(@CGUID+60, 8, -99.3676, -94.3149, -3.76655, 0, 0, 0),
(@CGUID+60, 9, -105.072, -72.2584, -3.40222, 0, 0, 0),
(@CGUID+60, 10, -109.008, -55.1302, -3.60871, 0, 20, 0),
(@CGUID+68, 1, -80.7483, -254.373, -0.951493, 2.58588, 500, 0),
(@CGUID+68, 2, -91.3644, -248.064, -1.11265, 3.59904, 500, 0),
(@CGUID+68, 3, -125.473, -266.435, -1.59129, 3.83859, 500, 0),
(@CGUID+68, 4, -124.713, -266.35, -1.59129, 0.477084, 500, 0),
(@CGUID+68, 5, -91.4517, -249.253, -1.11244, 6.01414, 500, 0),
(@CGUID+68, 6, -78.2007, -254.893, -1.22793, 5.80209, 500, 0),
(@CGUID+68, 7, -58.4755, -262.993, -1.84359, 6.21835, 500, 0),
(@CGUID+68, 8, -46.3965, -261.866, -0.801915, 0.290519, 500, 0),
(@CGUID+71, 1, -94.1642, -378.331, 78.7217, 6.14181, 0, 0),
(@CGUID+71, 2, -65.442, -378.196, 79.7191, 0.007067, 0, 0),
(@CGUID+71, 3, -47.8234, -378.072, 81.2796, 0.007067, 0, 0),
(@CGUID+71, 4, -56.7747, -381.155, 81.2457, 3.45182, 0, 0),
(@CGUID+71, 5, -80.6756, -382.492, 78.7217, 3.0285, 0, 0),
(@CGUID+71, 6, -111.019, -381.947, 81.0918, 3.11332, 0, 0),
(@CGUID+71, 7, -120.41, -381.975, 81.273, 3.12824, 0, 0),
(@CGUID+71, 8, -113.045, -378.358, 81.2579, 0.413904, 0, 0),
(@CGUID+73, 1, -15.729, -413.759, 71.7439, 6.03185, 0, 0),
(@CGUID+73, 2, -1.85807, -416.658, 65.4543, 6.06562, 0, 0),
(@CGUID+73, 3, 16.8464, -418.139, 56.6015, 6.27375, 0, 0),
(@CGUID+73, 4, 38.2038, -419.277, 47.6684, 6.24312, 0, 0),
(@CGUID+73, 5, 68.5905, -413.21, 38.1034, 0.21283, 0, 0),
(@CGUID+73, 6, 60.0424, -408.551, 40.013, 2.68527, 0, 0),
(@CGUID+73, 7, 40.6987, -410.985, 46.7938, 3.25939, 0, 0),
(@CGUID+73, 8, 34.5149, -412.743, 49.1018, 3.01435, 0, 0),
(@CGUID+73, 9, 10.406, -410.623, 59.3828, 3.04733, 0, 0),
(@CGUID+73, 10, -13.2079, -407.983, 70.867, 2.9578, 0, 0),
(@CGUID+73, 11, -32.3972, -400.011, 77.5415, 2.74574, 0, 0),
(@CGUID+73, 12, -41.8979, -396.04, 79.9343, 2.74574, 0, 0),
(@CGUID+73, 13, -47.9803, -389.5, 81.2836, 2.26665, 0, 0),
(@CGUID+73, 14, -44.7148, -401.662, 80.2714, 4.9747, 0, 0),
(@CGUID+73, 15, -38.1962, -405.187, 79.4495, 5.9431, 0, 0),
(@CGUID+74, 1, -11.4636, -352.19, 70.2096, 0.250532, 0, 0),
(@CGUID+74, 2, 12.0341, -350.128, 58.6441, 0.13665, 0, 0),
(@CGUID+74, 3, 37.2942, -348.778, 47.9873, 0.01884, 0, 0),
(@CGUID+74, 4, 61.4253, -352.905, 39.7005, 6.09311, 0, 0),
(@CGUID+74, 5, 68.693, -354.774, 38.081, 6.13474, 0, 0),
(@CGUID+74, 6, 62.525, -345.75, 39.4554, 2.36797, 0, 0),
(@CGUID+74, 7, 36.159, -341.281, 48.404, 3.06305, 0, 0),
(@CGUID+74, 8, 10.8895, -342.549, 59.1436, 3.14237, 0, 0),
(@CGUID+74, 9, -12.3463, -345.483, 70.5673, 3.15179, 0, 0),
(@CGUID+74, 10, -40.1944, -355.355, 79.7112, 3.45417, 0, 0),
(@CGUID+74, 11, -48.2132, -360.969, 80.5698, 3.81231, 0, 0),
(@CGUID+74, 12, -51.8537, -367.179, 81.1288, 4.28827, 0, 0),
(@CGUID+74, 13, -40.6977, -365.113, 79.7771, 0.235612, 0, 0),
(@CGUID+74, 14, -29.2528, -360.376, 76.448, 0.368345, 0, 0),
(@CGUID+77, 1, -52.6052, -552.869, -1.59247, 1.67025, 0, 0),
(@CGUID+77, 2, -55.6635, -541.527, -1.59247, 1.90194, 0, 0),
(@CGUID+77, 3, -64.7445, -532.636, -1.59387, 3.06433, 0, 0),
(@CGUID+77, 4, -75.0638, -531.657, -1.5937, 2.49099, 0, 0),
(@CGUID+77, 5, -64.7445, -532.636, -1.59387, 3.06433, 0, 0),
(@CGUID+77, 6, -55.6635, -541.527, -1.59247, 1.90194, 0, 0),
(@CGUID+77, 7, -52.6052, -552.869, -1.59247, 1.67025, 0, 0),
(@CGUID+77, 8, -63.2146, -569.216, -1.06684, 1.90194, 0, 0),
(@CGUID+80, 1, -58.623344, -272.43045, -1.2523658, 100, 0, 0),
(@CGUID+80, 2, -49.053898, -276.486, -1.0135521, 100, 0, 0),
(@CGUID+80, 3, -41.325123, -284.97256, -1.2997084, 100, 0, 0),
(@CGUID+80, 4, -38.087578, -297.45834, -1.3999375, 100, 0, 0),
(@CGUID+80, 5, -41.325123, -284.97256, -1.2997084, 100, 0, 0),
(@CGUID+80, 6, -49.053898, -276.486, -1.0135521, 100, 0, 0),
(@CGUID+81, 1, -47.796593, -247.22282, -2.8943856, 100, 0, 0),
(@CGUID+81, 2, -52.00373, -251.65726, -2.9330606, 100, 0, 0),
(@CGUID+81, 3, -61.78871, -253.90524, -3.2789962, 100, 0, 0),
(@CGUID+81, 4, -70.96448, -251.71724, -2.9398856, 100, 0, 0),
(@CGUID+81, 5, -78.4796, -246.30057, -2.9249973, 100, 0, 0),
(@CGUID+81, 6, -70.96448, -251.71724, -2.9398856, 100, 0, 0),
(@CGUID+81, 7, -61.78871, -253.90524, -3.2789962, 100, 0, 0),
(@CGUID+81, 8, -52.00373, -251.65726, -2.9330606, 100, 0, 0),
(@CGUID+82, 1, -100.68125, -292.32104, -1.5775821, 100, 0, 0),
(@CGUID+82, 2, -94.04997, -286.40472, -1.5394256, 100, 0, 0),
(@CGUID+82, 3, -85.52775, -285.34708, -1.4778596, 100, 0, 0),
(@CGUID+82, 4, -79.20152, -275.89697, -0.9708502, 100, 0, 0),
(@CGUID+82, 5, -85.52775, -285.34708, -1.4778596, 100, 0, 0),
(@CGUID+82, 6, -94.04997, -286.40472, -1.5394256, 100, 0, 0),
(@CGUID+83, 1, -91.04075, -192.95897, -1.6159151, 100, 0, 0),
(@CGUID+83, 2, -87.60288, -181.37634, -3.301994, 100, 0, 0),
(@CGUID+83, 3, -79.72039, -172.97456, -4.0686054, 100, 0, 0),
(@CGUID+83, 4, -69.84593, -169.56969, -3.3459024, 100, 0, 0),
(@CGUID+83, 5, -79.72039, -172.97456, -4.0686054, 100, 0, 0),
(@CGUID+83, 6, -87.60288, -181.37634, -3.301994, 100, 0, 0),
(@CGUID+84, 1, -21.41529, 1.867674, -1.0036224, 100, 0, 0),
(@CGUID+84, 2, -26.136015, -3.06594, -1.2948818, 100, 0, 0),
(@CGUID+84, 3, -33.154163, -1.31646, -1.2554848, 100, 0, 0),
(@CGUID+84, 4, -41.80579, -1.938733, -1.4184747, 100, 0, 0),
(@CGUID+84, 5, -48.399025, 0.686625, -1.8147835, 100, 0, 0),
(@CGUID+84, 6, -41.80579, -1.938733, -1.4184747, 100, 0, 0),
(@CGUID+84, 7, -33.154163, -1.31646, -1.2554848, 100, 0, 0),
(@CGUID+84, 8, -26.136015, -3.06594, -1.2948818, 100, 0, 0),
-- Either hardcoded or Send AI Event from Wastewalker Worker [Entry 17964] for @CGUID+84 to Search Contact Point for Movement and then RP Event
-- (@CGUID+84, 9, -37.788975, 0.7791434, -1.2592647, 100, 0, 0),
-- (@CGUID+84, 10, -29.533947, 0.94795275, -1.1761957, 100, 0, 0),
(@CGUID+85, 1, -69.57311, -14.861713, -4.3982778, 100, 0, 0),
(@CGUID+85, 2, -59.46139, -16.815935, -2.937329, 100, 0, 0),
(@CGUID+85, 3, -52.72164, -27.052872, -1.7162553, 100, 0, 0),
(@CGUID+85, 4, -59.46139, -16.815935, -2.937329, 100, 0, 0),
(@CGUID+89, 1, -110.45, -591.891, 5.80183, 5.1569, 0, 0),
(@CGUID+89, 2, -114.93, -595.137, 7.46083, 3.61517, 0, 0),
(@CGUID+89, 3, -116.278, -594.244, 7.41621, 2.55645, 20000, 1378),
(@CGUID+89, 4, -113.198, -595.249, 7.21007, 0.011757, 0, 0),
(@CGUID+89, 5, -111.658, -587.233, 4.9339, 1.40663, 0, 0),
(@CGUID+89, 6, -112.692, -586.419, 4.93238, 2.47477, 20000, 1378),
(@CGUID+92, 1, -264.898, -338.005, 3.03565, 2.51446, 600, 0),
(@CGUID+92, 2, -227.981, -365.153, 3.03565, 5.66391, 450, 0),
(@CGUID+93, 1, -273.448, -423.459, 3.03554, 3.76457, 0, 0),
(@CGUID+93, 2, -227.312, -395.216, 3.03554, 0.532657, 0, 0),
(@CGUID+146, 1, -12.4519, -456.097, 2.62193, 3.44302, 0, 0),
(@CGUID+146, 2, -37.5212, -458.704, -1.74883, 3.19561, 0, 0),
(@CGUID+146, 3, -66.0926, -460.086, -1.59345, 3.19561, 0, 0),
(@CGUID+146, 4, -33.2397, -459.293, -1.90565, 0.057937, 0, 0),
(@CGUID+146, 5, -13.4791, -456.63, 2.51521, 0.136477, 0, 0),
(@CGUID+146, 6, 23.994, -446.841, 3.03625, 3.27807, 0, 0),
(@CGUID+193, 1, -84.0911, -711.26, 37.1397, 1.72393, 0, 0),
(@CGUID+193, 2, -88.0127, -695.263, 35.2327, 1.8064, 0, 0),
(@CGUID+193, 3, -92.2015, -676.346, 32.0572, 1.80875, 0, 0),
(@CGUID+193, 4, -97.9389, -660.759, 24.8372, 1.89515, 0, 0),
(@CGUID+193, 5, -97.4984, -648.84, 19.5284, 1.53386, 0, 0),
(@CGUID+193, 6, -95.5991, -637.224, 20.6174, 1.38307, 0, 0),
(@CGUID+193, 7, -96.1432, -623.575, 16.4106, 1.54172, 0, 0),
(@CGUID+193, 8, -99.546, -638.307, 20.2234, 4.48539, 0, 0),
(@CGUID+193, 9, -102.222, -651.587, 20.2289, 4.48068, 0, 0),
(@CGUID+193, 10, -99.2144, -667.874, 27.952, 4.86867, 0, 0),
(@CGUID+193, 11, -96.3574, -678.267, 32.3399, 4.87338, 0, 0),
(@CGUID+193, 12, -90.2201, -695.992, 35.6342, 4.99825, 0, 0),
(@CGUID+193, 13, -86.5011, -715.519, 36.9191, 4.86866, 0, 0),
(@CGUID+193, 14, -83.9543, -729.734, 36.6658, 4.8396, 0, 0),
(@CGUID+193, 15, -89.3988, -738.455, 36.0403, 4.13746, 0, 0),
(@CGUID+193, 16, -100.22, -745.425, 35.4346, 3.64423, 0, 0),
(@CGUID+193, 17, -111.201, -750.931, 36.9869, 3.41332, 0, 0),
(@CGUID+193, 18, -99.4713, -744.706, 35.4234, 0.585104, 0, 0),
(@CGUID+193, 19, -85.7519, -735.617, 36.2493, 0.585104, 0, 0),
(@CGUID+193, 20, -82.4035, -725.744, 36.7559, 1.23698, 0, 0),
(@CGUID+202, 1, -115.351, -584.643, 4.97746, 6.20593, 32000, 0),
(@CGUID+202, 2, -115.351, -584.643, 4.97746, 6.20593, 20000, 1378);

DELETE FROM creature_movement_template WHERE entry IN (17893,17941,17942,17957,17960,17961);
INSERT INTO `creature_movement_template` (`entry`, `pathId`, `point`, `position_x`, `position_y`, `position_z`, `orientation`, `waittime`, `script_id`) VALUES
(17893, 0, 1, -190.926, -796.39, 43.7993, 0, 0, 0),
(17893, 0, 2, -190.926, -796.39, 43.7993, 0.733148, 3000, 1789301),
(17893, 0, 3, -183.408, -780.199, 43.7993, 100, 1000, 1789302),
(17941, 0, 1, 121.63626, -380.37653, 29.957338, 100, 0, 0),
(17941, 0, 2, 89.427284, -380.23688, 15.121437, 100, 0, 0),
(17941, 0, 3, 49.4763, -380.21915, 3.0355754, 100, 0, 0),
(17941, 0, 4, 89.26869, -380.23682, 15.089901, 100, 0, 0),
(17942, 0, 1, -261.614, -675.771, 10.5416, 0, 0, 0),
(17942, 0, 2, -246.732, -683.163, 15.529, 0, 0, 0),
(17942, 0, 3, -238.079, -686.423, 18.4731, 0, 0, 0),
(17942, 0, 4, -227.735, -690.909, 22.0258, 0, 0, 0),
(17942, 0, 5, -217.953, -695.75, 26.7694, 0, 0, 0),
(17942, 0, 6, -208.055, -701.381, 34.9482, 0, 0, 0),
(17942, 0, 7, -204.026, -702.29, 37.2308, 0, 0, 0),
(17942, 0, 8, -199.493, -705.598, 37.8027, 100, 1000, 7),
(17957, 1, 1, -97.2996, -744.019, 34.8381, 0, 0, 1795701),
(17957, 1, 2, -99.391, -744.745, 35.1639, 0, 0, 0),
(17957, 1, 3, -101.482, -745.472, 35.4897, 0, 0, 0),
(17957, 1, 4, -104.67, -746.58, 35.4867, 0, 0, 0),
(17957, 1, 5, -106.867, -747.344, 35.4775, 0, 0, 0),
(17957, 1, 6, -109.055, -748.104, 35.4256, 0, 0, 0),
(17957, 1, 7, -112.099, -749.161, 35.386, 0, 0, 0),
(17957, 1, 8, -114.067, -749.845, 36.8722, 0, 0, 0),
(17957, 1, 9, -121.663, -752.485, 37.3026, 0, 0, 0),
(17957, 1, 10, -124.044, -753.312, 37.2635, 0, 0, 0),
(17957, 1, 11, -128.587, -754.891, 37.8923, 0, 0, 0),
(17957, 1, 12, -141.857, -759.502, 37.8923, 0, 0, 0),
(17957, 1, 13, -147.138, -761.337, 37.8923, 0, 0, 0),
(17957, 1, 14, -175.107, -768.043, 41.4645, 0, 0, 0),
(17957, 1, 15, -179.833, -773.106, 43.0967, 0, 0, 0),
(17957, 1, 16, -181.61, -776.623, 43.8054, 0, 0, 0),
(17960, 1, 1, -90.2328, -740.959, 36.8262, 0, 0, 0),
(17960, 1, 2, -97.2765, -745.569, 36.8262, 0, 0, 0),
(17960, 1, 3, -104.32, -750.179, 36.8262, 0, 0, 0),
(17960, 1, 4, -105.792, -750.713, 36.8262, 0, 0, 0),
(17960, 1, 5, -115.675, -749.41, 36.8262, 0, 0, 0),
(17960, 1, 6, -123.117, -749.247, 37.0522, 0, 0, 0),
(17960, 1, 7, -131.139, -752.035, 37.8923, 0, 0, 0),
(17960, 1, 8, -139.155, -754.82, 37.8923, 0, 0, 0),
(17960, 1, 9, -146.842, -757.631, 37.8923, 0, 0, 0),
(17960, 1, 10, -154.447, -759.454, 36.4563, 0, 0, 0),
(17960, 1, 11, -162.529, -761.391, 35.8416, 0, 0, 0),
(17960, 1, 12, -170.165, -763.222, 38.0174, 0, 0, 0),
(17960, 1, 13, -179.153, -767.196, 42.0397, 0, 0, 0),
(17960, 1, 14, -180.005, -768.109, 42.3157, 0, 0, 0),
(17961, 1, 1, -93.8956, -741.546, 35.7611, 0, 0, 0),
(17961, 1, 2, -98.6582, -742.38, 35.6239, 0, 0, 0),
(17961, 1, 3, -103.421, -743.213, 35.4867, 0, 0, 0),
(17961, 1, 4, -106.612, -743.771, 35.5094, 0, 0, 0),
(17961, 1, 5, -108.113, -744.033, 36.3856, 0, 0, 0),
(17961, 1, 6, -115.49, -754.083, 37.3762, 0, 0, 0),
(17961, 1, 7, -120.796, -755.927, 37.6455, 0, 0, 0),
(17961, 1, 8, -128.818, -758.714, 37.8923, 0, 0, 0),
(17961, 1, 9, -136.834, -761.5, 37.8923, 0, 0, 0),
(17961, 1, 10, -145.193, -764.507, 37.8923, 0, 0, 0),
(17961, 1, 11, -152.798, -766.33, 35.7474, 0, 0, 0),
(17961, 1, 12, -160.945, -768.283, 37.0185, 0, 0, 0),
(17961, 1, 13, -168.516, -770.098, 39.7835, 0, 0, 0),
(17961, 1, 14, -173.984, -772.021, 42.0383, 0, 0, 0),
(17961, 1, 15, -174.836, -772.934, 42.3143, 0, 0, 0),
(17961, 1, 16, -180.41, -777.715, 43.8077, 0, 0, 0);

INSERT INTO `creature_addon` (`guid`, `mount`, `bytes1`, `b2_0_sheath`, `b2_1_flags`, `emote`, `moveflags`, `auras`) VALUES
(@CGUID+100, 0, 0, 1, 16, 69, 0, '5301'), -- Coilfang Collaborator
(@CGUID+101, 0, 0, 1, 16, 69, 0, '5301'); -- Coilfang Collaborator

REPLACE INTO `creature_template_addon` (`entry`, `mount`, `bytes1`, `b2_0_sheath`, `b2_1_flags`, `emote`, `moveflags`, `auras`) VALUES
(17890, 0, 0, 1, 1, 0, 0, '29266'), -- Weeder Greenthumb
(17957, 0, 0, 1, 0, 0, 0, NULL), -- Coilfang Champion
(17958, 0, 0, 1, 0, 0, 0, '18950'), -- Coilfang Defender
(17962, 0, 0, 1, 16, 0, 0, '5301'), -- Coilfang Collaborator
(17963, 0, 0, 0, 0, 173, 0, NULL), -- Wastewalker Slave
(17964, 0, 0, 0, 0, 173, 0, NULL), -- Wastewalker Worker
(25697, 0, 0, 1, 0, 0, 0, NULL), -- Luma Skymother
(25745, 0, 0, 1, 0, 0, 0, NULL), -- [PH] Ahune Summon Loc Bunny
(25746, 0, 0, 1, 0, 0, 0, NULL), -- [PH] Ahune Loot Loc Bunny
(25754, 0, 0, 1, 0, 0, 0, NULL), -- Earthen Ring Flamecaller
(25952, 0, 0, 1, 0, 0, 0, '46314'), -- Slippery Floor Bunny
(25971, 0, 0, 1, 0, 0, 0, NULL), -- Shaman Bonfire Bunny 000
(25972, 0, 0, 1, 0, 0, 0, NULL), -- Shaman Bonfire Bunny 001
(25973, 0, 0, 1, 0, 0, 0, NULL); -- Shaman Bonfire Bunny 002

INSERT INTO `creature_linking` (`guid`, `master_guid`, `flag`) VALUES
(@CGUID+12, @CGUID+30, 1667), -- Bogstrok -> Greater Bogstrok
(@CGUID+13, @CGUID+30, 1667), -- Bogstrok -> Greater Bogstrok
(@CGUID+9, @CGUID+29, 1667), -- Bogstrok -> Greater Bogstrok
(@CGUID+14, @CGUID+29, 1667), -- Bogstrok -> Greater Bogstrok
(@CGUID+132, @CGUID+84, 1155), -- Wastewalker Worker -> Coilfang Slavehandler
(@CGUID+133, @CGUID+84, 1155), -- Wastewalker Worker -> Coilfang Slavehandler
(@CGUID+134, @CGUID+84, 1155), -- Wastewalker Worker -> Coilfang Slavehandler
(@CGUID+118, @CGUID+85, 1155), -- creature_spawn_entry -> Coilfang Slavehandler
(@CGUID+136, @CGUID+85, 1155), -- Wastewalker Worker -> Coilfang Slavehandler
(@CGUID+143, @CGUID+85, 1155), -- creature_spawn_entry -> Coilfang Slavehandler
(@CGUID+69, @CGUID+60, 1667), -- Coilfang Champion -> Coilfang Champion
(@CGUID+129, @CGUID+120, 1155), -- creature_spawn_entry -> creature_spawn_entry
(@CGUID+135, @CGUID+116, 1155), -- creature_spawn_entry -> creature_spawn_entry
(@CGUID+142, @CGUID+115, 1155), -- creature_spawn_entry -> creature_spawn_entry
(@CGUID+40, @CGUID+64, 1155), -- Coilfang Observer -> Coilfang Champion
(@CGUID+96, @CGUID+64, 1155), -- creature_spawn_entry -> Coilfang Champion
(@CGUID+207, @CGUID+64, 1155), -- Coilfang Ray -> Coilfang Champion
(@CGUID+88, @CGUID+59, 1667), -- creature_spawn_entry -> Coilfang Champion
(@CGUID+95, @CGUID+59, 1667), -- creature_spawn_entry -> Coilfang Champion
(@CGUID+119, @CGUID+83, 1155), -- Wastewalker Slave -> Coilfang Slavehandler
(@CGUID+140, @CGUID+83, 1155), -- Wastewalker Worker -> Coilfang Slavehandler
(@CGUID+141, @CGUID+83, 1155), -- Wastewalker Worker -> Coilfang Slavehandler
(@CGUID+5, @CGUID+22, 1155), -- Bogstrok -> Greater Bogstrok
(@CGUID+6, @CGUID+22, 1155), -- Bogstrok -> Greater Bogstrok
(@CGUID+7, @CGUID+22, 1155), -- Bogstrok -> Greater Bogstrok
(@CGUID+25, @CGUID+22, 1155), -- Greater Bogstrok -> Greater Bogstrok
(@CGUID+26, @CGUID+22, 1155), -- Greater Bogstrok -> Greater Bogstrok
(@CGUID+15, @CGUID+31, 1155), -- Bogstrok -> Greater Bogstrok
(@CGUID+16, @CGUID+31, 1155), -- Bogstrok -> Greater Bogstrok
(@CGUID+17, @CGUID+31, 1155), -- Bogstrok -> Greater Bogstrok
(@CGUID+32, @CGUID+31, 1155), -- Greater Bogstrok -> Greater Bogstrok
(@CGUID+33, @CGUID+31, 1155), -- Greater Bogstrok -> Greater Bogstrok
(@CGUID+2, @CGUID+1, 1155), -- Bogstrok -> Bogstrok
(@CGUID+4, @CGUID+1, 1155), -- Bogstrok -> Bogstrok
(@CGUID+24, @CGUID+1, 1155), -- Greater Bogstrok -> Bogstrok
(@CGUID+87, @CGUID+68, 1667), -- Coilfang Soothsayer -> Coilfang Champion
(@CGUID+91, @CGUID+68, 1667), -- Coilfang Enchantress -> Coilfang Champion
(@CGUID+114, @CGUID+81, 1155), -- creature_spawn_entry -> Coilfang Slavehandler
(@CGUID+121, @CGUID+81, 1155), -- Wastewalker Slave -> Coilfang Slavehandler
(@CGUID+144, @CGUID+81, 1155), -- Wastewalker Worker -> Coilfang Slavehandler
(@CGUID+122, @CGUID+82, 1155), -- Wastewalker Slave -> Coilfang Slavehandler
(@CGUID+130, @CGUID+82, 1155), -- Wastewalker Worker -> Coilfang Slavehandler
(@CGUID+131, @CGUID+82, 1155), -- creature_spawn_entry -> Coilfang Slavehandler
(@CGUID+113, @CGUID+80, 1155), -- Wastewalker Slave -> Coilfang Slavehandler
(@CGUID+123, @CGUID+80, 1155), -- creature_spawn_entry -> Coilfang Slavehandler
(@CGUID+124, @CGUID+80, 1155), -- Wastewalker Worker -> Coilfang Slavehandler
(@CGUID+79, @CGUID+78, 1155), -- Coilfang Defender -> Coilfang Defender
(@CGUID+43, @CGUID+44, 1667), -- Coilfang Technician -> Coilfang Technician
(@CGUID+55, @CGUID+54, 1155), -- Coilfang Technician -> Coilfang Technician
(@CGUID+98, @CGUID+54, 1155), -- Coilfang Collaborator -> Coilfang Technician
(@CGUID+104, @CGUID+54, 1155), -- Coilfang Collaborator -> Coilfang Technician
(@CGUID+99, @CGUID+52, 1155), -- Coilfang Collaborator -> Coilfang Technician
(@CGUID+102, @CGUID+52, 1155), -- Coilfang Collaborator -> Coilfang Technician
(@CGUID+100, @CGUID+48, 1155), -- Coilfang Collaborator -> Coilfang Technician
(@CGUID+101, @CGUID+48, 1155), -- Coilfang Collaborator -> Coilfang Technician
(@CGUID+200, @CGUID+48, 1155), -- Coilfang Technician -> Coilfang Technician
(@CGUID+46, @CGUID+53, 1155), -- Coilfang Technician -> Coilfang Technician
(@CGUID+103, @CGUID+53, 1155), -- Coilfang Collaborator -> Coilfang Technician
(@CGUID+110, @CGUID+53, 1155), -- Coilfang Collaborator -> Coilfang Technician
(@CGUID+106, @CGUID+42, 1667), -- Coilfang Collaborator -> Coilfang Technician
(@CGUID+112, @CGUID+42, 1667), -- Coilfang Collaborator -> Coilfang Technician
(@CGUID+72, @CGUID+73, 1667), -- Coilfang Defender -> Coilfang Defender
(@CGUID+75, @CGUID+74, 1667), -- Coilfang Defender -> Coilfang Defender
(@CGUID+70, @CGUID+71, 1667), -- Coilfang Defender -> Coilfang Defender
(@CGUID+111, @CGUID+71, 1667), -- Coilfang Collaborator -> Coilfang Defender
(@CGUID+105, @CGUID+56, 1667), -- Coilfang Collaborator -> Coilfang Technician
(@CGUID+107, @CGUID+56, 1667), -- Coilfang Collaborator -> Coilfang Technician
(@CGUID+108, @CGUID+45, 1667), -- Coilfang Collaborator -> Coilfang Technician
(@CGUID+109, @CGUID+45, 1667), -- Coilfang Collaborator -> Coilfang Technician
(@CGUID+47, @CGUID+92, 1667), -- Coilfang Enchantress -> Coilfang Technician
(@CGUID+50, @CGUID+92, 1667), -- Coilfang Technician -> Coilfang Technician
(@CGUID+49, @CGUID+93, 1667), -- Coilfang Technician -> Coilfang Technician
(@CGUID+51, @CGUID+93, 1667), -- Coilfang Enchantress -> Coilfang Technician
(@CGUID+62, @CGUID+63, 1155), -- Coilfang Champion -> Coilfang Champion
(@CGUID+3, @CGUID+8, 1155), -- Greater Bogstrok -> Bogstrok
(@CGUID+20, @CGUID+8, 1155), -- Bogstrok -> Bogstrok
(@CGUID+27, @CGUID+8, 1155), -- Greater Bogstrok -> Bogstrok
(@CGUID+41, @CGUID+198, 1155), -- Coilfang Observer -> Coilfang Tempest
(@CGUID+196, @CGUID+198, 1155), -- Coilfang Scale-Healer -> Coilfang Tempest
(@CGUID+209, @CGUID+198, 1155), -- Coilfang Ray -> Coilfang Tempest
(@CGUID+76, @CGUID+77, 1667), -- Coilfang Defender -> Coilfang Defender
(@CGUID+38, @CGUID+195, 1155), -- Coilfang Observer -> Coilfang Scale-Healer
(@CGUID+199, @CGUID+195, 1155), -- Coilfang Tempest -> Coilfang Scale-Healer
(@CGUID+201, @CGUID+195, 1155), -- Coilfang Tempest -> Coilfang Scale-Healer
(@CGUID+208, @CGUID+195, 1155), -- Coilfang Ray -> Coilfang Scale-Healer
(@CGUID+66, @CGUID+65, 1155), -- Coilfang Champion -> Coilfang Champion
(@CGUID+97, @CGUID+65, 1155), -- Coilfang Enchantress -> Coilfang Champion
(@CGUID+194, @CGUID+65, 1155), -- Coilfang Scale-Healer -> Coilfang Champion
(@CGUID+89, @CGUID+39, 1155), -- creature_spawn_entry -> Coilfang Observer
(@CGUID+202, @CGUID+39, 1155), -- Coilfang Tempest -> Coilfang Observer
(@CGUID+203, @CGUID+39, 1155), -- Coilfang Tempest -> Coilfang Observer
(@CGUID+206, @CGUID+39, 1155), -- Coilfang Ray -> Coilfang Observer
(@CGUID+61, @CGUID+193, 1667), -- creature_spawn_entry -> Coilfang Champion
(@CGUID+94, @CGUID+193, 1667), -- Coilfang Champion -> Coilfang Champion
(@CGUID+197, @CGUID+193, 1667), -- Coilfang Enchantress -> Coilfang Champion
(@CGUID+127, @CGUID+128, 1155), -- Wastewalker Worker -> Wastewalker Worker
(@CGUID+126, @CGUID+125, 1155), -- Wastewalker Worker -> Wastewalker Worker
(@CGUID+18, @CGUID+34, 1667), -- Bogstrok -> Greater Bogstrok
(@CGUID+19, @CGUID+34, 1667), -- Bogstrok -> Greater Bogstrok
(@CGUID+35, @CGUID+34, 1667), -- Greater Bogstrok -> Greater Bogstrok
(@CGUID+10, @CGUID+11, 1667), -- Bogstrok -> Bogstrok
(@CGUID+21, @CGUID+11, 1667), -- Greater Bogstrok -> Bogstrok
(@CGUID+28, @CGUID+11, 1667), -- Greater Bogstrok -> Bogstrok
(@CGUID+67, @CGUID+205, 1155), -- Coilfang Observer -> Coilfang Defender
(@CGUID+90, @CGUID+205, 1155), -- Coilfang Defender -> Coilfang Defender
(@CGUID+204, @CGUID+205, 1155); -- Coilfang Observer -> Coilfang Defender

REPLACE INTO `creature_linking_template` (`entry`, `map`, `master_entry`, `flag`, `search_range`) VALUES
(25755, 547, 25740, 4112, 0), -- Ahunite Hailstone -> Ahune
(25756, 547, 25740, 4112, 0), -- Ahunite Coldwave -> Ahune
(25757, 547, 25740, 4112, 0), -- Ahunite Frostwind -> Ahune
(25865, 547, 25740, 4112, 0); -- Frozen Core -> Ahune

INSERT INTO `creature_spawn_entry` (`guid`, `entry`) VALUES
(@CGUID+61, 17960), (@CGUID+61, 21126), -- Coilfang Soothsayer, Coilfang Scale-Healer
(@CGUID+88, 17960), (@CGUID+88, 17961), -- Coilfang Soothsayer, Coilfang Enchantress
(@CGUID+89, 17960), (@CGUID+89, 21126), -- Coilfang Soothsayer, Coilfang Scale-Healer
(@CGUID+95, 17960), (@CGUID+95, 17961), -- Coilfang Soothsayer, Coilfang Enchantress
(@CGUID+96, 17961), (@CGUID+96, 21126), -- Coilfang Enchantress, Coilfang Scale-Healer
(@CGUID+114, 17963), (@CGUID+114, 17964), -- Wastewalker Slave, Wastewalker Worker
(@CGUID+115, 17963), (@CGUID+115, 17964), -- Wastewalker Slave, Wastewalker Worker
(@CGUID+116, 17963), (@CGUID+116, 17964), -- Wastewalker Slave, Wastewalker Worker
(@CGUID+118, 17963), (@CGUID+118, 17964), -- Wastewalker Slave, Wastewalker Worker
(@CGUID+120, 17963), (@CGUID+120, 17964), -- Wastewalker Slave, Wastewalker Worker
(@CGUID+123, 17963), (@CGUID+123, 17964), -- Wastewalker Slave, Wastewalker Worker
(@CGUID+129, 17963), (@CGUID+129, 17964), -- Wastewalker Slave, Wastewalker Worker
(@CGUID+131, 17963), (@CGUID+131, 17964), -- Wastewalker Slave, Wastewalker Worker
(@CGUID+135, 17963), (@CGUID+135, 17964), -- Wastewalker Slave, Wastewalker Worker
(@CGUID+141, 17963), (@CGUID+141, 17964), -- Wastewalker Slave, Wastewalker Worker
(@CGUID+142, 17963), (@CGUID+142, 17964), -- Wastewalker Slave, Wastewalker Worker
(@CGUID+143, 17963), (@CGUID+143, 17964), -- Wastewalker Slave, Wastewalker Worker
(@CGUID+194, 17960), (@CGUID+194, 21126); -- Coilfang Soothsayer, Coilfang Scale-Healer

INSERT INTO `creature` (`guid`, `id`, `map`, `spawnMask`, `position_x`, `position_y`, `position_z`, `orientation`, `spawntimesecsmin`, `spawntimesecsmax`, `spawndist`, `currentwaypoint`, `DeathState`, `MovementType`) VALUES
(@CGUID+1, 17817, 547, 3, -115.434, -198.1566, -1.348403, 1.913391, 7200, 7200, 2, 0, 0, 1), -- Greater Bogstrok
(@CGUID+2, 17816, 547, 3, -113.4347, -203.0733, -1.334175, 4.924964, 7200, 7200, 1, 0, 0, 1), -- Bogstrok
(@CGUID+3, 17817, 547, 3, -87.9355, -446.624, -1.56181, 4.88088, 7200, 7200, 1, 0, 0, 1), -- Greater Bogstrok
(@CGUID+4, 17816, 547, 3, -116.3354, -211.4682, -1.404813, 4.520403, 7200, 7200, 1, 0, 0, 1), -- Bogstrok
(@CGUID+5, 17816, 547, 3, -23.9356, -196.451, -1.80866, 3.82664, 7200, 7200, 3, 0, 0, 1), -- Bogstrok
(@CGUID+6, 17816, 547, 3, 1.50067, -209.725, -1.56011, 2.21265, 7200, 7200, 3, 0, 0, 1), -- Bogstrok
(@CGUID+7, 17816, 547, 3, -11.42, -219.051, -1.59055, 1.5969, 7200, 7200, 3, 0, 0, 1), -- Bogstrok
(@CGUID+8, 17816, 547, 3, -70.1932, -450.102, -1.59213, 3.31829, 7200, 7200, 1, 0, 0, 1), -- Bogstrok
(@CGUID+9, 17816, 547, 3, 23.4494, -73.5745, -1.59054, 2.38901, 7200, 7200, 0, 0, 0, 0), -- Bogstrok
(@CGUID+10, 17816, 547, 3, -198.296, -697.77, 37.4455, 4.96924, 7200, 7200, 0, 0, 0, 0), -- Bogstrok
(@CGUID+11, 17816, 547, 3, -196.818, -702.791, 37.8387, 4.99673, 7200, 7200, 0, 0, 0, 2), -- Bogstrok
(@CGUID+12, 17816, 547, 3, 28.6373, -79.4699, -1.59054, 5.62485, 7200, 7200, 0, 0, 0, 0), -- Bogstrok
(@CGUID+13, 17816, 547, 3, 24.7658, -84.4754, -1.59054, 5.62485, 7200, 7200, 0, 0, 0, 0), -- Bogstrok
(@CGUID+14, 17816, 547, 3, 17.8418, -79.5628, -1.59054, 2.38901, 7200, 7200, 0, 0, 0, 0), -- Bogstrok
(@CGUID+15, 17816, 547, 3, -16.2878, -247.732, -1.69494, 3.40782, 7200, 7200, 5, 0, 0, 1), -- Bogstrok
(@CGUID+16, 17816, 547, 3, 6.63201, -249.964, 0.0614992, 0.113073, 7200, 7200, 5, 0, 0, 1), -- Bogstrok
(@CGUID+17, 17816, 547, 3, 25.8708, -220.551, -1.52212, 4.24505, 7200, 7200, 5, 0, 0, 1), -- Bogstrok
(@CGUID+18, 17816, 547, 3, -123.838, -744.364, 37.1563, 2.58787, 7200, 7200, 0, 0, 0, 0), -- Bogstrok
(@CGUID+19, 17816, 547, 3, -127.141, -750.718, 37.6108, 2.61772, 7200, 7200, 0, 0, 0, 0), -- Bogstrok
(@CGUID+20, 17816, 547, 3, -80.6269, -461.577, -1.59213, 3.75105, 7200, 7200, 1, 0, 0, 1), -- Bogstrok
(@CGUID+21, 17817, 547, 3, -200.234, -703.039, 37.556, 4.96924, 7200, 7200, 0, 0, 0, 0), -- Greater Bogstrok
(@CGUID+22, 17817, 547, 3, -14.3222, -182.544, -1.58811, 2.58571, 7200, 7200, 3, 0, 0, 1), -- Greater Bogstrok
-- (@CGUID+23, RE-USE
(@CGUID+24, 17817, 547, 3, -112.3111, -208.1104, -1.33469, 5.986479, 7200, 7200, 1, 0, 0, 1), -- Greater Bogstrok
(@CGUID+25, 17817, 547, 3, -13.309, -200.404, -1.58687, 4.47067, 7200, 7200, 3, 0, 0, 1), -- Greater Bogstrok
(@CGUID+26, 17817, 547, 3, -20.9667, -184.502, -1.85655, 1.3762, 7200, 7200, 3, 0, 0, 1), -- Greater Bogstrok
(@CGUID+27, 17817, 547, 3, -91.6633, -466.584, -1.44884, 1.90737, 7200, 7200, 1, 0, 0, 1), -- Greater Bogstrok
(@CGUID+28, 17817, 547, 3, -194.405, -701.508, 37.8924, 4.96924, 7200, 7200, 0, 0, 0, 0), -- Greater Bogstrok
(@CGUID+29, 17817, 547, 3, 21.5715, -77.6084, -1.59054, 2.38508, 7200, 7200, 0, 0, 0, 2), -- Greater Bogstrok
(@CGUID+30, 17817, 547, 3, 25.0752, -80.876, -1.59054, 5.61699, 7200, 7200, 0, 0, 0, 2), -- Greater Bogstrok
(@CGUID+31, 17817, 547, 3, 13.5281, -247.912, 1.21057, 4.27097, 7200, 7200, 5, 0, 0, 1), -- Greater Bogstrok
(@CGUID+32, 17817, 547, 3, 29.6698, -242.561, 2.75055, 0.5097, 7200, 7200, 5, 0, 0, 1), -- Greater Bogstrok
(@CGUID+33, 17817, 547, 3, 32.5076, -231.687, -1.08708, 2.30276, 7200, 7200, 5, 0, 0, 1), -- Greater Bogstrok
(@CGUID+34, 17817, 547, 3, -125.916, -747.339, 37.3758, 2.60908, 7200, 7200, 0, 0, 0, 2), -- Greater Bogstrok
(@CGUID+35, 17817, 547, 3, -121.776, -749.779, 37.0171, 2.60908, 7200, 7200, 0, 0, 0, 0), -- Greater Bogstrok
(@CGUID+36, 17890, 547, 3, -294.5036, -380.8706, 30.58193, 1.32645, 86400, 86400, 0, 0, 0, 0), -- Weeder Greenthumb
(@CGUID+37, 17893, 547, 3, -192.1564, -799.5793, 43.89159, 1.239184, 86400, 86400, 0, 0, 0, 0), -- Naturalist Bite
(@CGUID+38, 17938, 547, 3, -67.44096, -551.6196, -1.161117, 4.928274, 7200, 7200, 2, 0, 0, 1), -- Coilfang Observer
(@CGUID+39, 17938, 547, 3, -119.257, -592.661, 7.43123, 5.27387, 7200, 7200, 0, 0, 0, 2), -- Coilfang Observer
(@CGUID+40, 17938, 547, 3, -127.1415, -144.4277, -1.803136, 0.8552113, 7200, 7200, 0, 0, 0, 0), -- Coilfang Observer
(@CGUID+41, 17938, 547, 3, -84.87788, -503.3429, -1.509169, 3.281219, 7200, 7200, 0, 0, 0, 0), -- Coilfang Observer
(@CGUID+42, 17940, 547, 3, 75.6859, -408.286, 36.5226, 0.270867, 7200, 7200, 0, 0, 0, 2), -- Coilfang Technician
(@CGUID+43, 17940, 547, 3, 116.661, -344.144, 3.03553, 3.62301, 7200, 7200, 0, 0, 0, 0), -- Coilfang Technician
(@CGUID+44, 17940, 547, 3, 117.845, -346.725, 3.03553, 3.37169, 7200, 7200, 0, 0, 0, 2), -- Coilfang Technician
(@CGUID+45, 17940, 547, 3, -292.746, -380.393, 30.4533, 6.28178, 7200, 7200, 0, 0, 0, 2), -- Coilfang Technician
(@CGUID+46, 17940, 547, 3, 127.5707, -467.1384, 3.035656, 3.339454, 7200, 7200, 4, 0, 0, 1), -- Coilfang Technician
(@CGUID+47, 17961, 547, 3, -228.887, -367.368, 3.03565, 2.49875, 7200, 7200, 0, 0, 0, 0), -- Coilfang Enchantress
(@CGUID+48, 17940, 547, 3, 39.51993, -390.1638, 3.035537, 5.277101, 7200, 7200, 3, 0, 0, 1), -- Coilfang Technician
(@CGUID+49, 17940, 547, 3, -228.306, -393.069, 3.03554, 3.75013, 7200, 7200, 0, 0, 0, 0), -- Coilfang Technician
(@CGUID+50, 17940, 547, 3, -226.247, -363.843, 3.03565, 2.49875, 7200, 7200, 0, 0, 0, 0), -- Coilfang Technician
(@CGUID+51, 17961, 547, 3, -225.927, -397.512, 3.03554, 3.62446, 7200, 7200, 0, 0, 0, 0), -- Coilfang Enchantress
(@CGUID+52, 17940, 547, 3, 46.3305, -365.887, 3.0356, 3.52327, 7200, 7200, 4, 0, 0, 1), -- Coilfang Technician
(@CGUID+53, 17940, 547, 3, 127.9172, -459.1344, 3.035864, 4.330433, 7200, 7200, 4, 0, 0, 1), -- Coilfang Technician
(@CGUID+54, 17940, 547, 3, 122.6974, -297.8582, 3.119044, 3.700098, 7200, 7200, 0, 0, 0, 0), -- Coilfang Technician
(@CGUID+55, 17940, 547, 3, 131.6813, -301.2838, 3.035718, 0.6774926, 7200, 7200, 3, 0, 0, 1), -- Coilfang Technician
(@CGUID+56, 17940, 547, 3, -152.382, -350.138, 71.9751, 5.99374, 7200, 7200, 0, 0, 0, 2), -- Coilfang Technician
(@CGUID+57, 17941, 547, 3, 127.752, -379.932, 30.4546, 3.17405, 86400, 86400, 0, 0, 0, 2), -- Mennu the Betrayer
(@CGUID+58, 17942, 547, 3, -281.0958, -667.1385, 9.402116, 5.846853, 86400, 86400, 0, 0, 0, 0), -- Quagmirran
(@CGUID+59, 17957, 547, 3, -89.9147, -222.259, -1.19294, 1.7348, 7200, 7200, 0, 0, 0, 2), -- Coilfang Champion
(@CGUID+60, 17957, 547, 3, -113.036, -42.8538, -4.0075, 1.90093, 7200, 7200, 0, 0, 0, 2), -- Coilfang Champion
(@CGUID+61, 0, 547, 3, -86.5601, -724.672, 37.0945, 1.76082, 7200, 7200, 0, 0, 0, 0), -- creature_spawn_entry
(@CGUID+62, 17957, 547, 3, -162.7924, -463.4172, 3.205104, 1.919862, 7200, 7200, 0, 0, 0, 0), -- Coilfang Champion
(@CGUID+63, 17957, 547, 3, -158.5233, -447.8588, 3.040779, 3.665191, 7200, 7200, 0, 0, 0, 0), -- Coilfang Champion
(@CGUID+64, 17957, 547, 3, -118.9584, -152.85, -1.957283, 0.4886922, 7200, 7200, 0, 0, 0, 0), -- Coilfang Champion
(@CGUID+65, 17957, 547, 3, -83.79871, -585.3203, 1.376997, 1.37881, 7200, 7200, 0, 0, 0, 0), -- Coilfang Champion
(@CGUID+66, 17957, 547, 3, -77.88522, -592.5287, 2.310318, 5.951573, 7200, 7200, 0, 0, 0, 0), -- Coilfang Champion
(@CGUID+67, 17938, 547, 3, -175.9361, -769.604, 41.94263, 5.431209, 7200, 7200, 3, 0, 0, 1), -- Coilfang Observer
(@CGUID+68, 17957, 547, 3, -47.2077, -261.919, -0.845018, 3.16211, 7200, 7200, 0, 0, 0, 2), -- Coilfang Champion
(@CGUID+69, 17957, 547, 3, -110.547, -41.9972, -4.41004, 5.02992, 7200, 7200, 0, 0, 0, 0), -- Coilfang Champion
(@CGUID+70, 17958, 547, 3, -109.578, -382.308, 80.8363, 6.18894, 7200, 7200, 0, 0, 0, 0), -- Coilfang Defender
(@CGUID+71, 17958, 547, 3, -109.61, -377.985, 80.8444, 6.16616, 7200, 7200, 0, 0, 0, 2), -- Coilfang Defender
(@CGUID+72, 17958, 547, 3, -33.5623, -398.116, 77.9469, 5.74689, 7200, 7200, 0, 0, 0, 0), -- Coilfang Defender
(@CGUID+73, 17958, 547, 3, -36.058, -405.157, 78.8151, 5.89218, 7200, 7200, 0, 0, 0, 2), -- Coilfang Defender
(@CGUID+74, 17958, 547, 3, -33.5819, -362.544, 77.9538, 0.328465, 7200, 7200, 0, 0, 0, 2), -- Coilfang Defender
(@CGUID+75, 17958, 547, 3, -36.071182, -356.417297, 78.819695, 0.352705, 7200, 7200, 0, 0, 0, 0), -- Coilfang Defender
(@CGUID+76, 17958, 547, 3, -66.2864, -567.066, -0.823783, 0.96025, 7200, 7200, 0, 0, 0, 0), -- Coilfang Defender
(@CGUID+77, 17958, 547, 3, -63.2146, -569.216, -1.06684, 0.96025, 7200, 7200, 0, 0, 0, 2), -- Coilfang Defender
(@CGUID+78, 17958, 547, 3, -6.498472, -296.8441, 3.15944, 2.932153, 7200, 7200, 0, 0, 0, 0), -- Coilfang Defender
(@CGUID+79, 17958, 547, 3, -11.27964, -312.923, 2.95958, 2.86234, 7200, 7200, 0, 0, 0, 0), -- Coilfang Defender
(@CGUID+80, 17959, 547, 3, -58.623344, -272.43045, -1.2523658, 5.14276, 7200, 7200, 0, 0, 0, 2), -- Coilfang Slavehandler
(@CGUID+81, 17959, 547, 3, -47.796593, -247.22282, -2.8943856, 3.27301, 7200, 7200, 0, 0, 0, 2), -- Coilfang Slavehandler
(@CGUID+82, 17959, 547, 3, -100.68125, -292.32104, -1.5775821, 0.160201, 7200, 7200, 0, 0, 0, 2), -- Coilfang Slavehandler
(@CGUID+83, 17959, 547, 3, -91.04075, -192.95897, -1.6159151, 1.27724, 7200, 7200, 0, 0, 0, 2), -- Coilfang Slavehandler
(@CGUID+84, 17959, 547, 3, -21.41529, 1.867674, -1.0036224, 1.69853, 7200, 7200, 0, 0, 0, 2), -- Coilfang Slavehandler
(@CGUID+85, 17959, 547, 3, -69.57311, -14.861713, -4.3982778, 5.70353, 7200, 7200, 0, 0, 0, 2), -- Coilfang Slavehandler
-- (@CGUID+86, RE-USE
(@CGUID+87, 17960, 547, 3, -45.5928, -264.443, -0.776139, 3.09535, 7200, 7200, 0, 0, 0, 0), -- Coilfang Soothsayer
(@CGUID+88, 0, 547, 3, -92.2789, -224.129, -1.22842, 1.73087, 7200, 7200, 0, 0, 0, 0), -- creature_spawn_entry
(@CGUID+89, 0, 547, 3, -112.68, -587.462, 5.10565, 0.116737, 7200, 7200, 0, 0, 0, 2), -- creature_spawn_entry
(@CGUID+90, 17958, 547, 3, -187.1975, -762.9105, 41.80106, 6.133739, 7200, 7200, 3, 0, 0, 1), -- Coilfang Defender
(@CGUID+91, 17961, 547, 3, -45.3246, -259.102, -0.837966, 3.09142, 7200, 7200, 0, 0, 0, 0), -- Coilfang Enchantress
(@CGUID+92, 17940, 547, 3, -227.724, -365.283, 3.03565, 2.49482, 7200, 7200, 0, 0, 0, 2), -- Coilfang Technician
(@CGUID+93, 17940, 547, 3, -226.913, -394.971, 3.03554, 3.71478, 7200, 7200, 0, 0, 0, 2), -- Coilfang Technician
(@CGUID+94, 17957, 547, 3, -84.6656, -724.307, 36.8609, 1.76082, 7200, 7200, 0, 0, 0, 0), -- Coilfang Champion
(@CGUID+95, 0, 547, 3, -86.6703, -223.546, -1.16106, 1.65547, 7200, 7200, 0, 0, 0, 0), -- creature_spawn_entry
(@CGUID+96, 0, 547, 3, -121.849, -147.4496, -1.981267, 1.082104, 7200, 7200, 0, 0, 0, 0), -- creature_spawn_entry
(@CGUID+97, 17961, 547, 3, -76.53473, -588.3738, 1.945644, 0.4363323, 7200, 7200, 0, 0, 0, 0), -- Coilfang Enchantress
(@CGUID+98, 17962, 547, 3, 127.8732, -308.6316, 3.035726, 0.04372006, 7200, 7200, 3, 0, 0, 1), -- Coilfang Collaborator
(@CGUID+99, 17962, 547, 3, 47.6951, -371.659, 3.03565, 3.24992, 7200, 7200, 3, 0, 0, 1), -- Coilfang Collaborator
(@CGUID+100, 17962, 547, 3, 33.9016, -379.3725, 3.118852, 1.605703, 7200, 7200, 0, 0, 0, 0), -- Coilfang Collaborator
(@CGUID+101, 17962, 547, 3, 39.15127, -395.5019, 3.118883, 4.799655, 7200, 7200, 0, 0, 0, 0), -- Coilfang Collaborator
(@CGUID+102, 17962, 547, 3, 43.2334, -362.787, 3.03565, 0.253619, 7200, 7200, 3, 0, 0, 1), -- Coilfang Collaborator
(@CGUID+103, 17962, 547, 3, 128.5895, -450.1704, 3.035084, 3.344318, 7200, 7200, 4, 0, 0, 1), -- Coilfang Collaborator
(@CGUID+104, 17962, 547, 3, 121.3138, -306.0719, 3.035721, 2.764012, 7200, 7200, 3, 0, 0, 1), -- Coilfang Collaborator
(@CGUID+105, 17962, 547, 3, -153.038, -348.088, 71.747, 6.09862, 7200, 7200, 0, 0, 0, 0), -- Coilfang Collaborator
(@CGUID+106, 17962, 547, 3, 77.2599, -405.603, 36.172, 0.062043, 7200, 7200, 0, 0, 0, 0), -- Coilfang Collaborator
(@CGUID+107, 17962, 547, 3, -153.094, -351.868, 71.7276, 6.12296, 7200, 7200, 0, 0, 0, 0), -- Coilfang Collaborator
(@CGUID+108, 17962, 547, 3, -292.936, -378.154, 30.4904, 6.27707, 7200, 7200, 0, 0, 0, 0), -- Coilfang Collaborator
(@CGUID+109, 17962, 547, 3, -292.963, -382.576, 30.4961, 6.27707, 7200, 7200, 0, 0, 0, 0), -- Coilfang Collaborator
(@CGUID+110, 17962, 547, 3, 119.7691, -457.3299, 3.033783, 6.122182, 7200, 7200, 4, 0, 0, 1), -- Coilfang Collaborator
(@CGUID+111, 17962, 547, 3, -113.149, -379.131, 81.2528, 6.2612, 7200, 7200, 0, 0, 0, 0), -- Coilfang Collaborator
(@CGUID+112, 17962, 547, 3, 77.3329, -409.67, 36.1552, 0.171215, 7200, 7200, 0, 0, 0, 0), -- Coilfang Collaborator
(@CGUID+113, 17963, 547, 3, -54.63998, -280.2335, -1.283369, 3.996804, 7200, 7200, 0, 0, 0, 0), -- Wastewalker Slave
(@CGUID+114, 0, 547, 3, -54.29192, -248.0854, -3.691535, 1.972222, 7200, 7200, 0, 0, 0, 0), -- creature_spawn_entry
(@CGUID+115, 0, 547, 3, -89.17553, -91.53407, -2.22339, 6.073746, 7200, 7200, 0, 0, 0, 0), -- creature_spawn_entry
(@CGUID+116, 0, 547, 3, -120.7097, -65.83062, -2.223061, 3.159046, 7200, 7200, 0, 0, 0, 0), -- creature_spawn_entry
-- (@CGUID+117, RE-USE
(@CGUID+118, 0, 547, 3, -57.08875, -27.93377, -1.772427, 3.176499, 7200, 7200, 0, 0, 0, 0), -- creature_spawn_entry
(@CGUID+119, 17963, 547, 3, -74.5327, -195.691, -3.96449, 0.226366, 7200, 7200, 0, 0, 0, 0), -- Wastewalker Slave
(@CGUID+120, 0, 547, 3, -113.1554, -8.017564, -8.669127, 1.762783, 7200, 7200, 0, 0, 0, 0), -- creature_spawn_entry
(@CGUID+121, 17963, 547, 3, -69.62327, -245.9392, -3.536769, 0.7679449, 7200, 7200, 0, 0, 0, 0), -- Wastewalker Slave
(@CGUID+122, 17963, 547, 3, -95.53171, -293.335, -1.42634, 5.462881, 7200, 7200, 0, 0, 0, 0), -- Wastewalker Slave
(@CGUID+123, 0, 547, 3, -45.51907, -293.7432, -1.349522, 3.403392, 7200, 7200, 0, 0, 0, 0), -- creature_spawn_entry
(@CGUID+124, 17964, 547, 3, -47.75424, -285.9099, -1.310401, 3.752458, 7200, 7200, 0, 0, 0, 0), -- Wastewalker Worker
(@CGUID+125, 17964, 547, 3, -108.3841, -755.4068, 37.9846, 5.078908, 7200, 7200, 0, 0, 0, 0), -- Wastewalker Worker
(@CGUID+126, 17964, 547, 3, -114.9684, -747.1564, 37.98458, 0.8901179, 7200, 7200, 0, 0, 0, 0), -- Wastewalker Worker
(@CGUID+127, 17964, 547, 3, -73.0294, -718.7322, 38.98584, 5.480334, 7200, 7200, 0, 0, 0, 0), -- Wastewalker Worker
(@CGUID+128, 17964, 547, 3, -94.14198, -721.347, 38.1964, 2.827433, 7200, 7200, 0, 0, 0, 0), -- Wastewalker Worker
(@CGUID+129, 0, 547, 3, -101.7542, -14.13979, -7.868871, 4.677482, 7200, 7200, 0, 0, 0, 0), -- creature_spawn_entry
(@CGUID+130, 17964, 547, 3, -77.18946, -284.4292, -1.241735, 5.654867, 7200, 7200, 0, 0, 0, 0), -- Wastewalker Worker
(@CGUID+131, 0, 547, 3, -83.51007, -290.5829, -1.381121, 5.393067, 7200, 7200, 0, 0, 0, 0), -- creature_spawn_entry
(@CGUID+132, 17964, 547, 3, -38.74315, 3.089242, -1.204552, 1.850049, 7200, 7200, 0, 0, 0, 0), -- Wastewalker Worker
(@CGUID+133, 17964, 547, 3, -47.47281, 3.605731, -1.507226, 1.692969, 7200, 7200, 0, 0, 0, 0), -- Wastewalker Worker
(@CGUID+134, 17964, 547, 3, -27.17291, 1.65894, -0.7652907, 1.815142, 7200, 7200, 0, 0, 0, 0), -- Wastewalker Worker
(@CGUID+135, 0, 547, 3, -96.44904, -62.15407, -1.792045, 0.1396263, 7200, 7200, 0, 0, 0, 0), -- creature_spawn_entry
(@CGUID+136, 17964, 547, 3, -61.51235, -20.17615, -2.663957, 4.18879, 7200, 7200, 0, 0, 0, 0), -- Wastewalker Worker
-- (@CGUID+137, RE-USE
-- (@CGUID+138, RE-USE
-- (@CGUID+139, RE-USE
(@CGUID+140, 17964, 547, 3, -73.61772, -182.1575, -5.111982, 5.148721, 7200, 7200, 0, 0, 0, 0), -- Wastewalker Worker
(@CGUID+141, 0, 547, 3, -60.16751, -176.9379, -4.0791, 4.660029, 7200, 7200, 0, 0, 0, 0), -- creature_spawn_entry
(@CGUID+142, 0, 547, 3, -112.2143, -105.2496, -4.700827, 2.75762, 7200, 7200, 0, 0, 0, 0), -- creature_spawn_entry
(@CGUID+143, 0, 547, 3, -71.8825, -19.18774, -4.44727, 4.153883, 7200, 7200, 0, 0, 0, 0), -- creature_spawn_entry
(@CGUID+144, 17964, 547, 3, -61.51586, -248.3638, -3.940233, 0.9948376, 7200, 7200, 0, 0, 0, 0), -- Wastewalker Worker
-- (@CGUID+145, RE-USE
(@CGUID+146, 17991, 547, 3, 23.9, -447.261, 3.03544, 3.3803, 86400, 86400, 0, 0, 0, 2), -- Rokmar the Crackler
(@CGUID+147, 18206, 547, 3, -14.3681, -548.778, 1.16364, 4.4855, 86400, 86400, 0, 0, 0, 0), -- Wastewalker Captive
(@CGUID+148, 18206, 547, 3, -18.7948, -577.867, 18.7641, 2.72271, 86400, 86400, 0, 0, 0, 0), -- Wastewalker Captive
(@CGUID+149, 18206, 547, 3, -68.6011, -590.748, 37.5631, 3.63029, 86400, 86400, 0, 0, 0, 0), -- Wastewalker Captive
(@CGUID+150, 18206, 547, 3, -16.1508, -565.019, 1.16364, 3.14159, 86400, 86400, 0, 0, 0, 0), -- Wastewalker Captive
(@CGUID+151, 18206, 547, 3, -36.5463, -247.265, 0.347181, 5.72468, 86400, 86400, 0, 0, 0, 0), -- Wastewalker Captive
(@CGUID+152, 18206, 547, 3, -96.2024, -266.577, 1.46728, 1.64061, 86400, 86400, 0, 0, 0, 0), -- Wastewalker Captive
(@CGUID+153, 18206, 547, 3, -89.4019, -297.022, 1.22901, 0.977384, 86400, 86400, 0, 0, 0, 0), -- Wastewalker Captive
(@CGUID+154, 18206, 547, 3, -91.986, -297.582, 1.22901, 2.28638, 86400, 86400, 0, 0, 0, 0), -- Wastewalker Captive
(@CGUID+155, 18206, 547, 3, -141.558, -269.821, 1.22901, 2.1293, 86400, 86400, 0, 0, 0, 0), -- Wastewalker Captive
(@CGUID+156, 18206, 547, 3, -139.696, -270.764, 1.22901, 0.523599, 86400, 86400, 0, 0, 0, 0), -- Wastewalker Captive
(@CGUID+157, 18206, 547, 3, -131.403, -284.41, 1.22901, 0.366519, 86400, 86400, 0, 0, 0, 0), -- Wastewalker Captive
(@CGUID+158, 18206, 547, 3, -132.83, -283.208, 1.22901, 0.907571, 86400, 86400, 0, 0, 0, 0), -- Wastewalker Captive
(@CGUID+159, 18206, 547, 3, -29.9655, -534.069, 1.16365, 2.56563, 86400, 86400, 0, 0, 0, 0), -- Wastewalker Captive
(@CGUID+160, 18206, 547, 3, -33.7396, -539.5, 30.4304, 2.35619, 86400, 86400, 0, 0, 0, 0), -- Wastewalker Captive
(@CGUID+161, 18206, 547, 3, -29.9972, -536.393, 1.16364, 4.10152, 86400, 86400, 0, 0, 0, 0), -- Wastewalker Captive
(@CGUID+162, 18206, 547, 3, -14.0541, -560.051, 28.0496, 2.82743, 86400, 86400, 0, 0, 0, 0), -- Wastewalker Captive
(@CGUID+163, 18206, 547, 3, -22.2961, -582.496, 1.16364, 2.46091, 86400, 86400, 0, 0, 0, 0), -- Wastewalker Captive
(@CGUID+164, 18206, 547, 3, -37.7495, -590.563, 1.16364, 1.53589, 86400, 86400, 0, 0, 0, 0), -- Wastewalker Captive
(@CGUID+165, 18206, 547, 3, -163.208, -573.244, 13.9979, 0.296706, 86400, 86400, 0, 0, 0, 0), -- Wastewalker Captive
(@CGUID+166, 18206, 547, 3, -39.8357, -592.474, 1.16364, 3.07178, 86400, 86400, 0, 0, 0, 0), -- Wastewalker Captive
(@CGUID+167, 18206, 547, 3, -152.959, -588.344, 8.97107, 5.13127, 86400, 86400, 0, 0, 0, 0), -- Wastewalker Captive
(@CGUID+168, 18206, 547, 3, -152.076, -585.827, 8.97106, 0.366519, 86400, 86400, 0, 0, 0, 0), -- Wastewalker Captive
(@CGUID+169, 18206, 547, 3, -164.002, -575.651, 13.9979, 5.09636, 86400, 86400, 0, 0, 0, 0), -- Wastewalker Captive
(@CGUID+170, 18206, 547, 3, -22.3681, -585.034, 1.16364, 3.80482, 86400, 86400, 0, 0, 0, 0), -- Wastewalker Captive
(@CGUID+171, 18206, 547, 3, -67.35, -588.685, 37.5631, 1.44862, 86400, 86400, 0, 0, 0, 0), -- Wastewalker Captive
(@CGUID+172, 18206, 547, 3, -176.881, -700.307, 40.8833, 4.66003, 86400, 86400, 0, 0, 0, 0), -- Wastewalker Captive
(@CGUID+173, 18206, 547, 3, -188.237, -694.486, 40.8833, 5.16617, 86400, 86400, 0, 0, 0, 0), -- Wastewalker Captive
(@CGUID+174, 18206, 547, 3, -190.947, -693.82, 40.8833, 3.78736, 86400, 86400, 0, 0, 0, 0), -- Wastewalker Captive
(@CGUID+175, 18206, 547, 3, -178.758, -698.342, 40.8833, 3.28122, 86400, 86400, 0, 0, 0, 0), -- Wastewalker Captive
(@CGUID+176, 18206, 547, 3, -33.7518, -585.913, 23.7909, 2.96706, 86400, 86400, 0, 0, 0, 0), -- Wastewalker Captive
(@CGUID+177, 18206, 547, 3, -15.9252, -546.979, 1.16365, 3.22886, 86400, 86400, 0, 0, 0, 0), -- Wastewalker Captive
(@CGUID+178, 18206, 547, 3, -14.1655, -566.952, 1.16364, 4.38078, 86400, 86400, 0, 0, 0, 0), -- Wastewalker Captive
(@CGUID+179, 18206, 547, 3, -28.6516, 8.89823, 1.75265, 3.63029, 86400, 86400, 0, 0, 0, 0), -- Wastewalker Captive
(@CGUID+180, 18206, 547, 3, -41.4328, 9.40508, 1.37165, 5.41052, 86400, 86400, 0, 0, 0, 0), -- Wastewalker Captive
(@CGUID+181, 18206, 547, 3, -43.7605, 9.13253, 1.37165, 4.43314, 86400, 86400, 0, 0, 0, 0), -- Wastewalker Captive
(@CGUID+182, 18206, 547, 3, 9.39124, -11.7804, 0.685416, 4.62512, 86400, 86400, 0, 0, 0, 0), -- Wastewalker Captive
(@CGUID+183, 18206, 547, 3, 7.68906, -10.2118, 0.910605, 3.15905, 86400, 86400, 0, 0, 0, 0), -- Wastewalker Captive
(@CGUID+184, 18206, 547, 3, -39.3192, -248.708, 0.658435, 3.15905, 86400, 86400, 0, 0, 0, 0), -- Wastewalker Captive
(@CGUID+185, 18206, 547, 3, -95.0168, -267.855, 1.46728, 5.89921, 86400, 86400, 0, 0, 0, 0), -- Wastewalker Captive
(@CGUID+186, 18206, 547, 3, -154.646, -197.792, -3.74756, 0.139626, 86400, 86400, 0, 0, 0, 0), -- Wastewalker Captive
(@CGUID+187, 18206, 547, 3, -155.758, -196.114, -3.74756, 1.5708, 86400, 86400, 0, 0, 0, 0), -- Wastewalker Captive
(@CGUID+188, 18206, 547, 3, -91.8373, -148.02, 24.9473, 2.30383, 86400, 86400, 0, 0, 0, 0), -- Wastewalker Captive
(@CGUID+189, 18206, 547, 3, -88.3808, -148.338, 24.9473, 1.11701, 86400, 86400, 0, 0, 0, 0), -- Wastewalker Captive
(@CGUID+190, 18206, 547, 3, -70.3648, -139.91, 1.37165, 3.97935, 86400, 86400, 0, 0, 0, 0), -- Wastewalker Captive
(@CGUID+191, 18206, 547, 3, -70.5757, -138.288, 1.37165, 2.18166, 86400, 86400, 0, 0, 0, 0), -- Wastewalker Captive
(@CGUID+192, 18206, 547, 3, -26.602, 8.73353, 1.75265, 5.28835, 86400, 86400, 0, 0, 0, 0), -- Wastewalker Captive
(@CGUID+193, 17957, 547, 3, -82.4584, -723.883, 36.8106, 1.76082, 7200, 7200, 0, 0, 0, 2), -- Coilfang Champion
(@CGUID+194, 0, 547, 3, -79.08044, -584.6921, 1.512077, 1.082104, 7200, 7200, 0, 0, 0, 0), -- creature_spawn_entry
(@CGUID+195, 21126, 547, 3, -74.41975, -545.6223, -1.292343, 4.798717, 7200, 7200, 2, 0, 0, 1), -- Coilfang Scale-Healer
(@CGUID+196, 21126, 547, 3, -88.22562, -497.4428, -1.507759, 2.722714, 7200, 7200, 0, 0, 0, 0), -- Coilfang Scale-Healer
(@CGUID+197, 17961, 547, 3, -79.9384, -723.398, 37.2368, 1.7726, 7200, 7200, 0, 0, 0, 0), -- Coilfang Enchantress
(@CGUID+198, 21127, 547, 3, -82.17294, -494.0059, -1.509497, 2.391101, 7200, 7200, 0, 0, 0, 0), -- Coilfang Tempest
(@CGUID+199, 21127, 547, 3, -71.23341, -538.0834, -1.594261, 1.741748, 7200, 7200, 2, 0, 0, 1), -- Coilfang Tempest
(@CGUID+200, 17940, 547, 3, 37.12223, -383.4159, 3.035556, 3.438051, 7200, 7200, 3, 0, 0, 1), -- Coilfang Technician
(@CGUID+201, 21127, 547, 3, -64.66994, -542.1275, -1.593479, 1.676171, 7200, 7200, 2, 0, 0, 1), -- Coilfang Tempest
(@CGUID+202, 21127, 547, 3, -116.9161, -585.9364, 5.483181, 0.3839724, 7200, 7200, 0, 0, 0, 2), -- Coilfang Tempest
(@CGUID+203, 21127, 547, 3, -114.4843, -592.073, 6.581903, 6.161012, 7200, 7200, 0, 0, 0, 0), -- Coilfang Tempest
(@CGUID+204, 17938, 547, 3, -198.4237, -762.3498, 42.32572, 6.20495, 7200, 7200, 3, 0, 0, 1), -- Coilfang Observer
(@CGUID+205, 17958, 547, 3, -169.5978, -777.3687, 42.23951, 2.213297, 7200, 7200, 3, 0, 0, 1), -- Coilfang Defender
(@CGUID+206, 21128, 547, 3, -117.9165, -599.5141, 9.190624, 3.905454, 7200, 7200, 2, 0, 0, 1), -- Coilfang Ray
(@CGUID+207, 21128, 547, 3, -130.661, -136.5868, -1.98337, 2.411791, 7200, 7200, 2, 0, 0, 1), -- Coilfang Ray
(@CGUID+208, 21128, 547, 3, -71.68305, -553.9335, -0.7895827, 2.841635, 7200, 7200, 2, 0, 0, 1), -- Coilfang Ray
(@CGUID+209, 21128, 547, 3, -89.3931, -509.1571, -1.50806, 4.328416, 7200, 7200, 2, 0, 0, 1), -- Coilfang Ray
(@CGUID+210, 22421, 547, 2, -296.4931, -459.0429, 6.146773, 0.7679449, 86400, 86400, 0, 0, 0, 0), -- Skar'this the Heretic
(@CGUID+211, 25697, 547, 3, -92.4572, -110.664, -2.86676, 2.40855, 86400, 86400, 0, 0, 0, 0), -- Luma Skymother
(@CGUID+212, 25710, 547, 3, 132.721, -116.256, -1.59053, 3.85833, 86400, 86400, 0, 0, 0, 0), -- Numa Cloudsister
(@CGUID+213, 25745, 547, 3, -96.6415, -230.886, 4.78096, 1.41372, 86400, 86400, 0, 0, 0, 0), -- [PH] Ahune Summon Loc Bunny
(@CGUID+214, 25746, 547, 3, -96.8723, -212.842, -1.14914, 4.15388, 86400, 86400, 0, 0, 0, 0), -- [PH] Ahune Loot Loc Bunny
(@CGUID+215, 25754, 547, 3, -93.1848, -115.921, -2.69253, 3.80482, 86400, 86400, 0, 0, 0, 0), -- Earthen Ring Flamecaller
(@CGUID+216, 25754, 547, 3, -110.195, -116.621, -3.25569, 0.10472, 86400, 86400, 0, 0, 0, 0), -- Earthen Ring Flamecaller
(@CGUID+217, 25754, 547, 3, -112.21, -120.209, -2.658, 5.18363, 86400, 86400, 0, 0, 0, 0), -- Earthen Ring Flamecaller
(@CGUID+218, 25952, 547, 3, -97.4688, -231.198, -2.10893, 1.46608, 86400, 86400, 0, 0, 0, 0), -- Slippery Floor Bunny
(@CGUID+219, 25952, 547, 3, -69.839, -162.474, -2.30365, 2.51327, 86400, 86400, 0, 0, 0, 0), -- Slippery Floor Bunny
(@CGUID+220, 25971, 547, 3, -143.172, -147.68, -3.16113, 4.85202, 86400, 86400, 0, 0, 0, 0), -- Shaman Bonfire Bunny 000
(@CGUID+221, 25972, 547, 3, -134.304, -145.78, -1.70332, 4.67748, 86400, 86400, 0, 0, 0, 0), -- Shaman Bonfire Bunny 001
(@CGUID+222, 25973, 547, 3, -125.036, -144.207, -1.9166, 4.99164, 86400, 86400, 0, 0, 0, 0), -- Shaman Bonfire Bunny 002
(@CGUID+223, 26120, 547, 3, -98.1029, -230.786, -10.8085, 1.44862, 86400, 86400, 0, 0, 0, 0), -- Wisp Dest Bunny
(@CGUID+224, 26121, 547, 3, -69.812, -162.495, -2.30451, 1.71042, 86400, 86400, 0, 0, 0, 0), -- Wisp Source Bunny
(@CGUID+225, 13321, 547, 3, 108.5413, -93.65434, -1.498286, 4.612824, 900, 900, 2, 0, 0, 1), -- Frog
(@CGUID+226, 13321, 547, 3, 0.8941399, -62.08305, -1.59056, 1.099319, 900, 900, 2, 0, 0, 1), -- Frog
(@CGUID+227, 13321, 547, 3, -12.29024, -11.12887, -1.629962, 2.846016, 900, 900, 2, 0, 0, 1), -- Frog
(@CGUID+228, 3300, 547, 3, -109.6841, -61.73981, -3.738335, 0.1128916, 900, 900, 2, 0, 0, 1), -- Adder
(@CGUID+229, 13321, 547, 3, -73.84335, -257.7327, -0.7886577, 5.340707, 900, 900, 2, 0, 0, 1), -- Frog
(@CGUID+230, 3300, 547, 3, -74.13567, -318.9264, -1.517496, 2.374645, 900, 900, 2, 0, 0, 1), -- Adder
(@CGUID+231, 3300, 547, 3, -71.67233, -322.2441, -1.543776, 2.666616, 900, 900, 2, 0, 0, 1), -- Adder
(@CGUID+232, 2110, 547, 3, -54.23212, -378.3636, 81.26315, 0.6575821, 900, 900, 2, 0, 0, 1), -- Black Rat
(@CGUID+233, 2110, 547, 3, -224.8464, -361.6551, 3.03558, 1.835537, 900, 900, 2, 0, 0, 1), -- Black Rat
(@CGUID+234, 2110, 547, 3, -225.6222, -357.4599, 3.035603, 4.831161, 900, 900, 2, 0, 0, 1), -- Black Rat
(@CGUID+235, 2110, 547, 3, -271.0908, -418.6881, 3.032713, 4.122585, 900, 900, 2, 0, 0, 1), -- Black Rat
(@CGUID+236, 2110, 547, 3, -267.6875, -423.0457, 3.033333, 2.048809, 900, 900, 2, 0, 0, 1), -- Black Rat
(@CGUID+237, 3300, 547, 3, -92.67388, -682.744, 32.88058, 1.747012, 900, 900, 2, 0, 0, 1), -- Adder
(@CGUID+238, 3300, 547, 3, -93.79716, -688.0134, 34.53195, 4.112295, 900, 900, 2, 0, 0, 1), -- Adder
(@CGUID+239, 13321, 547, 3, -174.8439, -720.9562, 37.89231, 3.282116, 900, 900, 2, 0, 0, 1), -- Frog
(@CGUID+240, 2110, 547, 3, 44.73293, -384.43765, 3.0355592, 0.9511, 900, 900, 2, 0, 0, 1), -- Black Rat
(@CGUID+241, 13321, 547, 3, -91.8257, -156.66465, -2.648026, 2.597963, 900, 900, 2, 0, 0, 1); -- Frog

-- ===========
-- GAMEOBJECTS
-- ===========

INSERT INTO `gameobject` (`guid`, `id`, `map`, `spawnMask`, `position_x`, `position_y`, `position_z`, `orientation`, `rotation0`, `rotation1`, `rotation2`, `rotation3`, `spawntimesecsmin`, `spawntimesecsmax`, `animprogress`, `state`) VALUES
(@OGUID+1, 181270, 547, 3, -196.9489, -756.0709, 40.24133, 6.03884, 0, 0, -0.1218691, 0.9925462, 86400, 86400, 100, 1), -- Felweed
(@OGUID+2, 181270, 547, 3, -86.50966, -632.7056, 20.45266, 3.979355, 0, 0, -0.9135447, 0.4067384, 86400, 86400, 100, 1), -- Felweed
(@OGUID+3, 181275, 547, 3, -55.94149, -29.01741, -1.69497, 4.956738, 0, 0, -0.6156607, 0.7880114, 86400, 86400, 100, 1), -- Ragveil
(@OGUID+4, 181275, 547, 3, -170.8404, -779.5743, 42.78715, 3.246347, 0, 0, -0.9986286, 0.05235322, 86400, 86400, 100, 1), -- Ragveil
(@OGUID+5, 181275, 547, 3, -146.6875, -255.8805, -1.585126, 5.654869, 0, 0, -0.3090162, 0.9510568, 86400, 86400, 100, 1), -- Ragveil
(@OGUID+6, 181276, 547, 3, -131.5251, -133.7442, -1.971609, 1.884953, 0, 0, 0.8090162, 0.5877863, 86400, 86400, 100, 1), -- Flame Cap
(@OGUID+7, 181278, 547, 3, -55.62362, 13.89046, -1.58162, 0.9250238, 0, 0, 0.4461975, 0.8949345, 86400, 86400, 100, 1), -- Ancient Lichen
(@OGUID+8, 181278, 547, 3, -85.9097, -548.388, -1.58175, 0.104719, 0, 0, 0, 0, 86400, 86400, 100, 1), -- Ancient Lichen
(@OGUID+9, 181278, 547, 3, -9.246671, -186.4323, -1.567523, 6.056293, 0, 0, -0.113203, 0.9935719, 86400, 86400, 100, 1), -- Ancient Lichen
(@OGUID+10, 181278, 547, 3, -15.10876, -328.1017, -1.58162, 0.2443456, 0, 0, 0.1218691, 0.9925462, 86400, 86400, 100, 1), -- Ancient Lichen
(@OGUID+11, 181278, 547, 3, -9.610509, -69.09045, -1.581619, 2.844883, 0, 0, 0.9890156, 0.1478114, 86400, 86400, 100, 1), -- Ancient Lichen
(@OGUID+12, 181569, 547, 3, -78.15105, -601.8337, 3.770265, 2.286379, 0, 0, 0.9099607, 0.4146944, 86400, 86400, 255, 1), -- Rich Adamantite Deposit
(@OGUID+13, 181557, 547, 3, -78.15105, -601.8337, 3.770265, 2.286379, 0, 0, 0.9099607, 0.4146944, 86400, 86400, 255, 1), -- Khorium
(@OGUID+14, 181556, 547, 3, -136.8079, -128.9627, -1.692187, 1.919862, 0, 0, 0.8191519, 0.5735767, 86400, 86400, 255, 1), -- Adamantite Deposit
(@OGUID+15, 181556, 547, 3, -78.15105, -601.8337, 3.770265, 2.286379, 0, 0, 0.9099607, 0.4146944, 86400, 86400, 255, 1), -- Adamantite Deposit
(@OGUID+16, 181556, 547, 3, -70.0015, -481.9862, -1.594852, 2.356195, 0, 0, 0.9238796, 0.3826832, 86400, 86400, 255, 1), -- Adamantite Deposit
(@OGUID+17, 181569, 547, 3, -70.0015, -481.9862, -1.594852, 2.356195, 0, 0, 0.9238796, 0.3826832, 86400, 86400, 255, 1), -- Rich Adamantite Deposit
(@OGUID+18, 181569, 547, 3, -71.34264, -282.6859, -1.401498, 0.7330382, 0, 0, 0.3583679, 0.9335805, 86400, 86400, 255, 1), -- Rich Adamantite Deposit
(@OGUID+19, 182094, 547, 3, -192.2968, -799.3084, 43.80826, 5.98648, 0, 0, -0.147809, 0.9890159, 25, 25, 0, 1), -- Cage
(@OGUID+20, 184197, 547, 2, 119.7887, -137.3579, -0.7518879, 1.430738, 0, 0, 0.6558962, 0.7548511, 0, 0, 0, 0), -- Instance_Portal_Difficulty_1
(@OGUID+21, 184198, 547, 1, 119.7887, -137.3579, -0.7518879, 1.430738, 0, 0, 0.6558962, 0.7548511, 0, 0, 0, 0), -- Instance_Portal_Difficulty_0
(@OGUID+22, 185292, 547, 2, -297.0662, -459.9854, 3.035661, 0.1047193, 0, 0, 0.05233574, 0.9986296, 180, 180, 255, 1), -- Skar'this's Prison
(@OGUID+23, 187882, 547, 3, -69.9045, -162.245, -2.36656, 2.42601, 0, 0, 0, 0, 180, 180, 255, 1), -- Ice Stone
(@OGUID+24, 188067, 547, 3, -83.5253, -172.181, -3.81652, 0.017452, 0, 0, 0, 0, 180, 180, 255, 1), -- Ice Block
(@OGUID+25, 188067, 547, 3, -75.2318, -217.329, -3.0728, -0.488691, 0, 0, 0, 0, 180, 180, 255, 1), -- Ice Block
(@OGUID+26, 188067, 547, 3, -49.2725, -168.986, -1.89881, 2.00713, 0, 0, 0, 0, 180, 180, 255, 1), -- Ice Block
(@OGUID+27, 188067, 547, 3, -75.9514, -182.771, -4.88202, -1.15192, 0, 0, 0, 0, 180, 180, 255, 1), -- Ice Block
(@OGUID+28, 188067, 547, 3, -71.8962, -145.497, -1.55181, -1.95477, 0, 0, 0, 0, 180, 180, 255, 1), -- Ice Block
(@OGUID+29, 188067, 547, 3, -115.599, -162.772, -1.92403, -0.558504, 0, 0, 0, 0, 180, 180, 255, 1), -- Ice Block
(@OGUID+30, 188067, 547, 3, -79.397, -219.702, -4.04289, -2.19912, 0, 0, 0, 0, 180, 180, 255, 1), -- Ice Block
(@OGUID+31, 188072, 547, 3, -71.4892, -160.732, -4.18569, -0.418879, 0, 0, 0, 0, 180, 180, 255, 1), -- Ice Stone Mount
(@OGUID+32, 188072, 547, 3, -69.2177, -163.491, -2.04477, 2.96704, 0, 0, 0, 0, 180, 180, 255, 1), -- Ice Stone Mount
(@OGUID+33, 188072, 547, 3, -71.8249, -164.475, -3.96298, -0.925024, 0, 0, 0, 0, 180, 180, 255, 1), -- Ice Stone Mount
(@OGUID+34, 188072, 547, 3, -69.2084, -160.345, -4.25643, 1.85005, 0, 0, 0, 0, 180, 180, 255, 1), -- Ice Stone Mount
(@OGUID+35, 188073, 547, 3, -89.7521, -113.5, -2.70944, 0.453785, 0, 0, 0, 0, 180, 180, 255, 1), -- Ahune Bonfire
(@OGUID+36, 188073, 547, 3, -114.957, -117.302, -2.71, 2.00713, 0, 0, 0, 0, 180, 180, 255, 1), -- Ahune Bonfire
(@OGUID+37, 188142, 547, 3, -117.386, -165.965, -2.01865, 0.558504, 0, 0, 0, 0, 180, 180, 255, 1), -- Ice Block, Big
(@OGUID+38, 188142, 547, 3, -72.7531, -185.155, -4.93059, 0.157079, 0, 0, 0, 0, 180, 180, 255, 1), -- Ice Block, Big
(@OGUID+39, 188142, 547, 3, -75.4278, -221.16, -2.88294, 0.488691, 0, 0, 0, 0, 180, 180, 255, 1), -- Ice Block, Big
(@OGUID+40, 188142, 547, 3, -103.713, -245.504, -1.37788, -1.29154, 0, 0, 0, 0, 180, 180, 255, 1), -- Ice Block, Big
(@OGUID+41, 188142, 547, 3, -118.92, -204.802, -1.50416, 1.91986, 0, 0, 0, 0, 180, 180, 255, 1), -- Ice Block, Big
(@OGUID+42, 188142, 547, 3, -74.6596, -243.812, -2.736, 2.21656, 0, 0, 0, 0, 180, 180, 255, 1), -- Ice Block, Big
(@OGUID+43, 181270, 547, 3, -168.0389, -701.5123, 37.90126, 4.206246, 0, 0, -0.8616285, 0.5075394, 86400, 86400, 100, 1), -- Felweed
(@OGUID+44, 181270, 547, 3, -130.5034, -273.6095, -1.583286, 2.600535, 0, 0, 0.9636297, 0.267241, 86400, 86400, 100, 1), -- Felweed
(@OGUID+45, 181270, 547, 3, -110.273, -755.9543, 37.36126, 3.106652, 0, 0, 0.9998474, 0.01746928, 86400, 86400, 100, 1), -- Felweed
(@OGUID+46, 181270, 547, 3, -94.66685, -705.023, 37.34859, 2.18166, 0, 0, 0.8870106, 0.4617491, 86400, 86400, 100, 1), -- Felweed
(@OGUID+47, 181270, 547, 3, -43.26632, -451.8059, -1.961201, 2.426008, 0, 0, 0.9366722, 0.3502074, 86400, 86400, 100, 1), -- Felweed
(@OGUID+48, 181270, 547, 3, -19.01819, -556.112, -1.583509, 0.4537851, 0, 0, 0.2249508, 0.9743701, 86400, 86400, 100, 1), -- Felweed
(@OGUID+49, 181275, 547, 3, -131.5251, -133.7442, -1.971609, 1.884953, 0, 0, 0.8090162, 0.5877863, 86400, 86400, 100, 1), -- Ragveil
(@OGUID+50, 181275, 547, 3, -76.01762, -482.5548, -1.584484, 3.525572, 0, 0, -0.9816265, 0.1908124, 86400, 86400, 100, 1), -- Ragveil
(@OGUID+51, 181275, 547, 3, -61.49755, -616.1443, -0.567495, 3.019413, 0, 0, 0.9981346, 0.06105176, 86400, 86400, 100, 1), -- Ragveil
(@OGUID+52, 181275, 547, 3, -58.80912, -152.3546, -1.422245, 5.305802, 0, 0, -0.469471, 0.8829479, 86400, 86400, 100, 1), -- Ragveil
(@OGUID+53, 181275, 547, 3, -8.01602, -3.300659, -1.219501, 2.251473, 0, 0, 0.902585, 0.4305117, 86400, 86400, 100, 1), -- Ragveil
(@OGUID+54, 181276, 547, 3, -170.8404, -779.5743, 42.78715, 3.246347, 0, 0, -0.9986286, 0.05235322, 86400, 86400, 100, 1), -- Flame Cap
(@OGUID+55, 181276, 547, 3, -146.6875, -255.8805, -1.585126, 5.654869, 0, 0, -0.3090162, 0.9510568, 86400, 86400, 100, 1), -- Flame Cap
(@OGUID+56, 181276, 547, 3, -76.01762, -482.5548, -1.584484, 3.525572, 0, 0, -0.9816265, 0.1908124, 86400, 86400, 100, 1), -- Flame Cap
(@OGUID+57, 181276, 547, 3, -61.49755, -616.1443, -0.567495, 3.019413, 0, 0, 0.9981346, 0.06105176, 86400, 86400, 100, 1), -- Flame Cap
(@OGUID+58, 181276, 547, 3, -55.94149, -29.01741, -1.69497, 4.956738, 0, 0, -0.6156607, 0.7880114, 86400, 86400, 100, 1), -- Flame Cap
(@OGUID+59, 181276, 547, 3, -58.80912, -152.3546, -1.422245, 5.305802, 0, 0, -0.469471, 0.8829479, 86400, 86400, 100, 1), -- Flame Cap
(@OGUID+60, 181276, 547, 3, -8.01602, -3.300659, -1.219501, 2.251473, 0, 0, 0.902585, 0.4305117, 86400, 86400, 100, 1), -- Flame Cap
(@OGUID+61, 181278, 547, 3, -117.8392, -585.4933, 5.453074, 1.082103, 0, 0, 0.5150375, 0.8571676, 86400, 86400, 100, 1), -- Ancient Lichen
(@OGUID+62, 181278, 547, 3, -110.1741, -316.9949, -1.581104, 3.822273, 0, 0, -0.9426413, 0.3338076, 86400, 86400, 100, 1), -- Ancient Lichen
(@OGUID+63, 181278, 547, 3, -118.4895, -195.3849, -1.527576, 5.550147, 0, 0, -0.3583679, 0.9335805, 86400, 86400, 100, 1), -- Ancient Lichen
(@OGUID+64, 181278, 547, 3, -108.2034, -6.107696, -8.887132, 0.9948372, 0, 0, 0.4771585, 0.8788173, 86400, 86400, 100, 1), -- Ancient Lichen
(@OGUID+65, 181278, 547, 3, -146.8443, -479.7094, -0.817709, 2.809975, 0, 0, 0.9862852, 0.1650499, 86400, 86400, 100, 1), -- Ancient Lichen
(@OGUID+66, 181278, 547, 3, -67.62235, -275.9536, -1.35519, 5.044002, 0, 0, -0.5807028, 0.8141156, 86400, 86400, 100, 1), -- Ancient Lichen
(@OGUID+67, 181278, 547, 3, -76.63354, -194.1921, -3.674984, 4.24115, 0, 0, -0.8526402, 0.5224986, 86400, 86400, 100, 1), -- Ancient Lichen
(@OGUID+68, 181278, 547, 3, -71.76673, -314.1651, -1.477501, 3.68265, 0, 0, -0.9636297, 0.267241, 86400, 86400, 100, 1), -- Ancient Lichen
(@OGUID+69, 181278, 547, 3, -41.41404, -512.5812, -1.585812, 3.787367, 0, 0, -0.9483232, 0.3173059, 86400, 86400, 100, 1), -- Ancient Lichen
(@OGUID+70, 181278, 547, 3, -6.497858, -268.1306, -0.405657, 1.483528, 0, 0, 0.6755896, 0.7372779, 86400, 86400, 100, 1), -- Ancient Lichen
(@OGUID+71, 181278, 547, 3, 57.38564, -76.99403, -2.584514, 3.979355, 0, 0, -0.9135447, 0.4067384, 86400, 86400, 100, 1), -- Ancient Lichen
(@OGUID+72, 181556, 547, 3, -71.34264, -282.6859, -1.401498, 0.7330382, 0, 0, 0.3583679, 0.9335805, 86400, 86400, 255, 1), -- Adamantite Deposit
(@OGUID+73, 181556, 547, 3, 0.00864, -186.6674, -1.555333, 3.944446, 0, 0, -0.9205046, 0.3907318, 86400, 86400, 255, 1), -- Adamantite Deposit
(@OGUID+74, 181569, 547, 3, 0.00864, -186.6674, -1.555333, 3.944446, 0, 0, -0.9205046, 0.3907318, 86400, 86400, 255, 1), -- Rich Adamantite Deposit
(@OGUID+75, 181569, 547, 3, -136.8079, -128.9627, -1.692187, 1.919862, 0, 0, 0.8191519, 0.5735767, 86400, 86400, 255, 1), -- Rich Adamantite Deposit
-- 76 - 80
(@OGUID+81, 184932, 547, 1, -8.733916, -182.9387, -1.57517, 1.433549, 0, 0, 0, 0, 86400, 86400, 100, 1), -- Bound Fel Iron Chest
(@OGUID+82, 184933, 547, 1, -8.733916, -182.9387, -1.57517, 1.433549, 0, 0, 0, 0, 86400, 86400, 100, 1), -- Solid Fel Iron Chest
(@OGUID+83, 184940, 547, 2, -8.733916, -182.9387, -1.57517, 1.433549, 0, 0, 0, 0, 86400, 86400, 100, 1), -- Bound Adamantite Chest
(@OGUID+84, 184941, 547, 2, -8.733916, -182.9387, -1.57517, 1.433549, 0, 0, 0, 0, 86400, 86400, 100, 1), -- Solid Adamantite Chest
(@OGUID+85, 184932, 547, 1, -8.92, -209.92, -1.57, 1.93, 0, 0, 0, 0, 86400, 86400, 100, 1), -- Bound Fel Iron Chest
(@OGUID+86, 184933, 547, 1, -8.92, -209.92, -1.57, 1.93, 0, 0, 0, 0, 86400, 86400, 100, 1), -- Solid Fel Iron Chest
(@OGUID+87, 184940, 547, 2, -8.92, -209.92, -1.57, 1.93, 0, 0, 0, 0, 86400, 86400, 100, 1), -- Bound Adamantite Chest
(@OGUID+88, 184941, 547, 2, -8.92, -209.92, -1.57, 1.93, 0, 0, 0, 0, 86400, 86400, 100, 1), -- Solid Adamantite Chest
(@OGUID+89, 184932, 547, 1, -9.452101, -209.0335, -1.579993, 1.675516, 0, 0, 0, 0, 86400, 86400, 100, 1), -- Bound Fel Iron Chest
(@OGUID+90, 184933, 547, 1, -9.452101, -209.0335, -1.579993, 1.675516, 0, 0, 0, 0, 86400, 86400, 100, 1), -- Solid Fel Iron Chest
(@OGUID+91, 184940, 547, 2, -9.452101, -209.0335, -1.579993, 1.675516, 0, 0, 0, 0, 86400, 86400, 100, 1), -- Bound Adamantite Chest
(@OGUID+92, 184941, 547, 2, -9.452101, -209.0335, -1.579993, 1.675516, 0, 0, 0, 0, 86400, 86400, 100, 1), -- Solid Adamantite Chest
(@OGUID+93, 184932, 547, 1, -15.10876, -328.1017, -1.58162, 0.2443461, 0, 0, 0, 0, 86400, 86400, 100, 1), -- Bound Fel Iron Chest
(@OGUID+94, 184933, 547, 1, -15.10876, -328.1017, -1.58162, 0.2443461, 0, 0, 0, 0, 86400, 86400, 100, 1), -- Solid Fel Iron Chest
(@OGUID+95, 184940, 547, 2, -15.10876, -328.1017, -1.58162, 0.2443461, 0, 0, 0, 0, 86400, 86400, 100, 1), -- Bound Adamantite Chest
(@OGUID+96, 184941, 547, 2, -15.10876, -328.1017, -1.58162, 0.2443461, 0, 0, 0, 0, 86400, 86400, 100, 1), -- Solid Adamantite Chest
(@OGUID+97, 184932, 547, 1, -84.90, -294.53, -1.48, 5.39, 0, 0, 0, 0, 86400, 86400, 100, 1), -- Bound Fel Iron Chest				// guessed coords
(@OGUID+98, 184933, 547, 1, -84.90, -294.53, -1.48, 5.39, 0, 0, 0, 0, 86400, 86400, 100, 1), -- Solid Fel Iron Chest				// guessed coords
(@OGUID+99, 184940, 547, 2, -84.90, -294.53, -1.48, 5.39, 0, 0, 0, 0, 86400, 86400, 100, 1), -- Bound Adamantite Chest				// guessed coords
(@OGUID+100, 184941, 547, 2, -84.90, -294.53, -1.48, 5.39, 0, 0, 0, 0, 86400, 86400, 100, 1), -- Solid Adamantite Chest				// guessed coords
(@OGUID+101, 184932, 547, 1, 135.5916, -304.6217, 3.035721, -2.687807, 0, 0, 0, 0, 86400, 86400, 100, 1), -- Bound Fel Iron Chest
(@OGUID+102, 184933, 547, 1, 135.5916, -304.6217, 3.035721, -2.687807, 0, 0, 0, 0, 86400, 86400, 100, 1), -- Solid Fel Iron Chest
(@OGUID+103, 184940, 547, 2, 135.5916, -304.6217, 3.035721, -2.687807, 0, 0, 0, 0, 86400, 86400, 100, 1), -- Bound Adamantite Chest
(@OGUID+104, 184941, 547, 2, 135.5916, -304.6217, 3.035721, -2.687807, 0, 0, 0, 0, 86400, 86400, 100, 1), -- Solid Adamantite Chest
(@OGUID+105, 184932, 547, 1, 134.5852, -446.5189, 3.035388, 2.775068, 0, 0, 0, 0, 86400, 86400, 100, 1), -- Bound Fel Iron Chest
(@OGUID+106, 184933, 547, 1, 134.5852, -446.5189, 3.035388, 2.775068, 0, 0, 0, 0, 86400, 86400, 100, 1), -- Solid Fel Iron Chest
(@OGUID+107, 184940, 547, 2, 134.5852, -446.5189, 3.035388, 2.775068, 0, 0, 0, 0, 86400, 86400, 100, 1), -- Bound Adamantite Chest
(@OGUID+108, 184941, 547, 2, 134.5852, -446.5189, 3.035388, 2.775068, 0, 0, 0, 0, 86400, 86400, 100, 1), -- Solid Adamantite Chest
(@OGUID+109, 184932, 547, 1, -41.41404, -512.5812, -1.585812, -2.495821, 0, 0, 0, 0, 86400, 86400, 100, 1), -- Bound Fel Iron Chest
(@OGUID+110, 184933, 547, 1, -41.41404, -512.5812, -1.585812, -2.495821, 0, 0, 0, 0, 86400, 86400, 100, 1), -- Solid Fel Iron Chest
(@OGUID+111, 184940, 547, 2, -41.41404, -512.5812, -1.585812, -2.495821, 0, 0, 0, 0, 86400, 86400, 100, 1), -- Bound Adamantite Chest
(@OGUID+112, 184941, 547, 2, -41.41404, -512.5812, -1.585812, -2.495821, 0, 0, 0, 0, 86400, 86400, 100, 1), -- Solid Adamantite Chest
(@OGUID+113, 184932, 547, 1, -124.2653, -595.8683, 9.163177, 0.06981316, 0, 0, 0, 0, 86400, 86400, 100, 1), -- Bound Fel Iron Chest
(@OGUID+114, 184933, 547, 1, -124.2653, -595.8683, 9.163177, 0.06981316, 0, 0, 0, 0, 86400, 86400, 100, 1), -- Solid Fel Iron Chest
(@OGUID+115, 184940, 547, 2, -124.2653, -595.8683, 9.163177, 0.06981316, 0, 0, 0, 0, 86400, 86400, 100, 1), -- Bound Adamantite Chest
(@OGUID+116, 184941, 547, 2, -124.2653, -595.8683, 9.163177, 0.06981316, 0, 0, 0, 0, 86400, 86400, 100, 1); -- Solid Adamantite Chest

-- ======
-- EVENTS
-- ======

INSERT INTO `game_event_creature` (`guid`, `event`) VALUES
(@CGUID+211, 1), -- Luma Skymother (Midsummer Fire Festival)
(@CGUID+212, 1), -- Numa Cloudsister (Midsummer Fire Festival)
(@CGUID+213, 1), -- [PH] Ahune Summon Loc Bunny (Midsummer Fire Festival)
(@CGUID+214, 1), -- [PH] Ahune Loot Loc Bunny (Midsummer Fire Festival)
(@CGUID+215, 1), -- Earthen Ring Flamecaller (Midsummer Fire Festival)
(@CGUID+216, 1), -- Earthen Ring Flamecaller (Midsummer Fire Festival)
(@CGUID+217, 1), -- Earthen Ring Flamecaller (Midsummer Fire Festival)
(@CGUID+218, 1), -- Slippery Floor Bunny (Midsummer Fire Festival)
(@CGUID+219, 1), -- Slippery Floor Bunny (Midsummer Fire Festival)
(@CGUID+220, 1), -- Shaman Bonfire Bunny 000 (Midsummer Fire Festival)
(@CGUID+221, 1), -- Shaman Bonfire Bunny 001 (Midsummer Fire Festival)
(@CGUID+222, 1), -- Shaman Bonfire Bunny 002 (Midsummer Fire Festival)
(@CGUID+223, 1), -- Wisp Dest Bunny (Midsummer Fire Festival)
(@CGUID+224, 1); -- Wisp Source Bunny (Midsummer Fire Festival)

-- INSERT INTO `game_event_creature_data` (`guid`, `entry_id`, `modelid`, `equipment_id`, `spell_start`, `spell_end`, `event`) VALUES

INSERT INTO `game_event_gameobject` (`guid`, `event`) VALUES
(@OGUID+23, 1), -- Ice Stone (Midsummer Fire Festival)
(@OGUID+24, 1), -- Ice Block (Midsummer Fire Festival)
(@OGUID+25, 1), -- Ice Block (Midsummer Fire Festival)
(@OGUID+26, 1), -- Ice Block (Midsummer Fire Festival)
(@OGUID+27, 1), -- Ice Block (Midsummer Fire Festival)
(@OGUID+28, 1), -- Ice Block (Midsummer Fire Festival)
(@OGUID+29, 1), -- Ice Block (Midsummer Fire Festival)
(@OGUID+30, 1), -- Ice Block (Midsummer Fire Festival)
(@OGUID+31, 1), -- Ice Stone Mount (Midsummer Fire Festival)
(@OGUID+32, 1), -- Ice Stone Mount (Midsummer Fire Festival)
(@OGUID+33, 1), -- Ice Stone Mount (Midsummer Fire Festival)
(@OGUID+34, 1), -- Ice Stone Mount (Midsummer Fire Festival)
(@OGUID+35, 1), -- Ahune Bonfire (Midsummer Fire Festival)
(@OGUID+36, 1), -- Ahune Bonfire (Midsummer Fire Festival)
(@OGUID+37, 1), -- Ice Block, Big (Midsummer Fire Festival)
(@OGUID+38, 1), -- Ice Block, Big (Midsummer Fire Festival)
(@OGUID+39, 1), -- Ice Block, Big (Midsummer Fire Festival)
(@OGUID+40, 1), -- Ice Block, Big (Midsummer Fire Festival)
(@OGUID+41, 1), -- Ice Block, Big (Midsummer Fire Festival)
(@OGUID+42, 1); -- Ice Block, Big (Midsummer Fire Festival)

-- =======
-- POOLING
-- =======

INSERT INTO `pool_pool` (`pool_id`, `mother_pool`, `chance`, `description`) VALUES
(@PGUID+54, @PGUID+53, 0, 'Ragveil / Flame Cap - #1'),
(@PGUID+55, @PGUID+53, 0, 'Ragveil / Flame Cap - #2'),
(@PGUID+56, @PGUID+53, 0, 'Ragveil / Flame Cap - #3'),
(@PGUID+57, @PGUID+53, 0, 'Ragveil / Flame Cap - #4'),
(@PGUID+58, @PGUID+53, 0, 'Ragveil / Flame Cap - #5'),
(@PGUID+59, @PGUID+53, 0, 'Ragveil / Flame Cap - #6'),
(@PGUID+60, @PGUID+53, 0, 'Ragveil / Flame Cap - #7'),
(@PGUID+61, @PGUID+53, 0, 'Ragveil / Flame Cap - #8'),
(@PGUID+62, @PGUID+50, 0, 'Adamantite Deposit / Rich Adamantite Deposit - #1'),
(@PGUID+63, @PGUID+50, 0, 'Adamantite Deposit / Rich Adamantite Deposit - #2'),
(@PGUID+64, @PGUID+50, 0, 'Adamantite Deposit / Rich Adamantite Deposit - #3'),
(@PGUID+65, @PGUID+50, 0, 'Adamantite Deposit / Rich Adamantite Deposit / Khorium - #4'),
(@PGUID+66, @PGUID+50, 0, 'Adamantite Deposit / Rich Adamantite Deposit - #5'),
(@PGUID+91, @PGUID+90, 0, 'Slave Pens - Chest - #1'),
(@PGUID+92, @PGUID+90, 0, 'Slave Pens - Chest - #2'),
(@PGUID+93, @PGUID+90, 0, 'Slave Pens - Chest - #3'),
(@PGUID+94, @PGUID+90, 0, 'Slave Pens - Chest - #4'),
(@PGUID+95, @PGUID+90, 0, 'Slave Pens - Chest - #5'),
(@PGUID+96, @PGUID+90, 0, 'Slave Pens - Chest - #6'),
(@PGUID+97, @PGUID+90, 0, 'Slave Pens - Chest - #7'),
(@PGUID+98, @PGUID+90, 0, 'Slave Pens - Chest - #8'),
(@PGUID+99, @PGUID+90, 0, 'Slave Pens - Chest - #9');

INSERT INTO `pool_template` (`entry`, `max_limit`, `description`) VALUES
(@PGUID+50, 4, 'Slave Pens - Master Mineral Pool'),
(@PGUID+51, 4, 'Slave Pens - Master Anchient Lichen (181278) Pool'),
(@PGUID+52, 3, 'Slave Pens - Master Felweed (181270) Pool'),
(@PGUID+53, 2, 'Slave Pens - Master Ragveil (181275) / Flame Cap (181276) Pool'),
(@PGUID+54, 1, 'Slave Pens - Ragveil / Flame Cap - #1'),
(@PGUID+55, 1, 'Slave Pens - Ragveil / Flame Cap - #2'),
(@PGUID+56, 1, 'Slave Pens - Ragveil / Flame Cap - #3'),
(@PGUID+57, 1, 'Slave Pens - Ragveil / Flame Cap - #4'),
(@PGUID+58, 1, 'Slave Pens - Ragveil / Flame Cap - #5'),
(@PGUID+59, 1, 'Slave Pens - Ragveil / Flame Cap - #6'),
(@PGUID+60, 1, 'Slave Pens - Ragveil / Flame Cap - #7'),
(@PGUID+61, 1, 'Slave Pens - Ragveil / Flame Cap - #8'),
(@PGUID+62, 1, 'Slave Pens - Adamantite Deposit / Rich Adamantite Deposit - #1'),
(@PGUID+63, 1, 'Slave Pens - Adamantite Deposit / Rich Adamantite Deposit - #2'),
(@PGUID+64, 1, 'Slave Pens - Adamantite Deposit / Rich Adamantite Deposit - #3'),
(@PGUID+65, 1, 'Slave Pens - Adamantite Deposit / Rich Adamantite Deposit / Khorium - #4'),
(@PGUID+66, 1, 'Slave Pens - Adamantite Deposit / Rich Adamantite Deposit - #5'),
(@PGUID+90, 1, 'Slave Pens - Master Chest Pool'),
(@PGUID+91, 1, 'Slave Pens - Chest - #1'),
(@PGUID+92, 1, 'Slave Pens - Chest - #2'),
(@PGUID+93, 1, 'Slave Pens - Chest - #3'),
(@PGUID+94, 1, 'Slave Pens - Chest - #4'),
(@PGUID+95, 1, 'Slave Pens - Chest - #5'),
(@PGUID+96, 1, 'Slave Pens - Chest - #6'),
(@PGUID+97, 1, 'Slave Pens - Chest - #7'),
(@PGUID+98, 1, 'Slave Pens - Chest - #8'),
(@PGUID+99, 1, 'Slave Pens - Chest - #9');

-- INSERT INTO `pool_creature` (`guid`, `pool_entry`, `chance`, `description`) VALUES

-- INSERT INTO `pool_creature_template` (`id`, `pool_entry`, `chance`, `description`) VALUES

INSERT INTO `pool_gameobject` (`guid`, `pool_entry`, `chance`, `description`) VALUES
(@OGUID+7, @PGUID+51, 0, 'Slave Pens - Anchient Lichen (181278)'),
(@OGUID+8, @PGUID+51, 0, 'Slave Pens - Anchient Lichen (181278)'),
(@OGUID+9, @PGUID+51, 0, 'Slave Pens - Anchient Lichen (181278)'),
(@OGUID+10, @PGUID+51, 0, 'Slave Pens - Anchient Lichen (181278)'),
(@OGUID+11, @PGUID+51, 0, 'Slave Pens - Anchient Lichen (181278)'),
(@OGUID+61, @PGUID+51, 0, 'Slave Pens - Anchient Lichen (181278)'),
(@OGUID+62, @PGUID+51, 0, 'Slave Pens - Anchient Lichen (181278)'),
(@OGUID+63, @PGUID+51, 0, 'Slave Pens - Anchient Lichen (181278)'),
(@OGUID+64, @PGUID+51, 0, 'Slave Pens - Anchient Lichen (181278)'),
(@OGUID+65, @PGUID+51, 0, 'Slave Pens - Anchient Lichen (181278)'),
(@OGUID+66, @PGUID+51, 0, 'Slave Pens - Anchient Lichen (181278)'),
(@OGUID+67, @PGUID+51, 0, 'Slave Pens - Anchient Lichen (181278)'),
(@OGUID+68, @PGUID+51, 0, 'Slave Pens - Anchient Lichen (181278)'),
(@OGUID+69, @PGUID+51, 0, 'Slave Pens - Anchient Lichen (181278)'),
(@OGUID+70, @PGUID+51, 0, 'Slave Pens - Anchient Lichen (181278)'),
(@OGUID+71, @PGUID+51, 0, 'Slave Pens - Anchient Lichen (181278)'),
(@OGUID+1, @PGUID+52, 0, 'Slave Pens - Felweed (181270)'),
(@OGUID+2, @PGUID+52, 0, 'Slave Pens - Felweed (181270)'),
(@OGUID+43, @PGUID+52, 0, 'Slave Pens - Felweed (181270)'),
(@OGUID+44, @PGUID+52, 0, 'Slave Pens - Felweed (181270)'),
(@OGUID+45, @PGUID+52, 0, 'Slave Pens - Felweed (181270)'),
(@OGUID+46, @PGUID+52, 0, 'Slave Pens - Felweed (181270)'),
(@OGUID+47, @PGUID+52, 0, 'Slave Pens - Felweed (181270)'),
(@OGUID+48, @PGUID+52, 0, 'Slave Pens - Felweed (181270)'),
(@OGUID+3, @PGUID+54, 0, 'Slave Pens - Ragveil (181275) - #1'),
(@OGUID+58, @PGUID+54, 0, 'Slave Pens - Flame Cap (181276) - #1'),
(@OGUID+4, @PGUID+55, 0, 'Slave Pens - Ragveil (181275) - #2'),
(@OGUID+54, @PGUID+55, 0, 'Slave Pens - Flame Cap (181276) - #2'),
(@OGUID+5, @PGUID+56, 0, 'Slave Pens - Ragveil (181275) - #3'),
(@OGUID+55, @PGUID+56, 0, 'Slave Pens - Flame Cap (181276) - #3'),
(@OGUID+6, @PGUID+57, 0, 'Slave Pens - Flame Cap (181276) - #4'),
(@OGUID+49, @PGUID+57, 0, 'Slave Pens - Ragveil (181275) - #4'),
(@OGUID+50, @PGUID+58, 0, 'Slave Pens - Ragveil (181275) - #5'),
(@OGUID+56, @PGUID+58, 0, 'Slave Pens - Flame Cap (181276) - #5'),
(@OGUID+51, @PGUID+59, 0, 'Slave Pens - Ragveil (181275) - #6'),
(@OGUID+57, @PGUID+59, 0, 'Slave Pens - Flame Cap (181276) - #6'),
(@OGUID+52, @PGUID+60, 0, 'Slave Pens - Ragveil (181275) - #7'),
(@OGUID+59, @PGUID+60, 0, 'Slave Pens - Flame Cap (181276) - #7'),
(@OGUID+53, @PGUID+61, 0, 'Slave Pens - Ragveil (181275) - #8'),
(@OGUID+60, @PGUID+61, 0, 'Slave Pens - Flame Cap (181276) - #8'),
(@OGUID+16, @PGUID+62, 0, 'Slave Pens - Adamantite Deposit (181556) - #1'),
(@OGUID+17, @PGUID+62, 0, 'Slave Pens - Rich Adamantite Deposit (181569) - #1'),
(@OGUID+18, @PGUID+63, 0, 'Slave Pens - Rich Adamantite Deposit (181569) - #2'),
(@OGUID+72, @PGUID+63, 0, 'Slave Pens - Adamantite Deposit (181556) - #2'),
(@OGUID+73, @PGUID+64, 0, 'Slave Pens - Adamantite Deposit (181556) - #3'),
(@OGUID+74, @PGUID+64, 0, 'Slave Pens - Rich Adamantite Deposit (181569) - #3'),
(@OGUID+15, @PGUID+65, 0, 'Slave Pens - Adamantite Deposit (181556) - #4'),
(@OGUID+12, @PGUID+65, 0, 'Slave Pens - Rich Adamantite Deposit (181569) - #4'),
(@OGUID+13, @PGUID+65, 0, 'Slave Pens - Khorium (181557) - #4'),
(@OGUID+14, @PGUID+66, 0, 'Slave Pens - Adamantite Deposit (181556) - #5'),
(@OGUID+75, @PGUID+66, 0, 'Slave Pens - Rich Adamantite Deposit (181569) - #5'),
(@OGUID+81, @PGUID+91, 0, 'Slave Pens (Normal) - Bound Fel Iron Chest (184932) - #1'),
(@OGUID+82, @PGUID+91, 0, 'Slave Pens (Normal) - Solid Fel Iron Chest (184933) - #1'),
(@OGUID+83, @PGUID+91, 0, 'Slave Pens (Heroic) - Bound Adamantite Chest (184940) - #1'),
(@OGUID+84, @PGUID+91, 0, 'Slave Pens (Heroic) - Solid Adamantite Chest (184941) - #1'),
(@OGUID+85, @PGUID+92, 0, 'Slave Pens (Normal) - Bound Fel Iron Chest (184932) - #2'),
(@OGUID+86, @PGUID+92, 0, 'Slave Pens (Normal) - Solid Fel Iron Chest (184933) - #2'),
(@OGUID+87, @PGUID+92, 0, 'Slave Pens (Heroic) - Bound Adamantite Chest (184940) - #2'),
(@OGUID+88, @PGUID+92, 0, 'Slave Pens (Heroic) - Solid Adamantite Chest (184941) - #2'),
(@OGUID+89, @PGUID+93, 0, 'Slave Pens (Normal) - Bound Fel Iron Chest (184932) - #3'),
(@OGUID+90, @PGUID+93, 0, 'Slave Pens (Normal) - Solid Fel Iron Chest (184933) - #3'),
(@OGUID+91, @PGUID+93, 0, 'Slave Pens (Heroic) - Bound Adamantite Chest (184940) - #3'),
(@OGUID+92, @PGUID+93, 0, 'Slave Pens (Heroic) - Solid Adamantite Chest (184941) - #3'),
(@OGUID+93, @PGUID+94, 0, 'Slave Pens (Normal) - Bound Fel Iron Chest (184932) - #4'),
(@OGUID+94, @PGUID+94, 0, 'Slave Pens (Normal) - Solid Fel Iron Chest (184933) - #4'),
(@OGUID+95, @PGUID+94, 0, 'Slave Pens (Heroic) - Bound Adamantite Chest (184940) - #4'),
(@OGUID+96, @PGUID+94, 0, 'Slave Pens (Heroic) - Solid Adamantite Chest (184941) - #4'),
(@OGUID+97, @PGUID+95, 0, 'Slave Pens (Normal) - Bound Fel Iron Chest (184932) - #5'),
(@OGUID+98, @PGUID+95, 0, 'Slave Pens (Normal) - Solid Fel Iron Chest (184933) - #5'),
(@OGUID+99, @PGUID+95, 0, 'Slave Pens (Heroic) - Bound Adamantite Chest (184940) - #5'),
(@OGUID+100, @PGUID+95, 0, 'Slave Pens (Heroic) - Solid Adamantite Chest (184941) - #5'),
(@OGUID+101, @PGUID+96, 0, 'Slave Pens (Normal) - Bound Fel Iron Chest (184932) - #6'),
(@OGUID+102, @PGUID+96, 0, 'Slave Pens (Normal) - Solid Fel Iron Chest (184933) - #6'),
(@OGUID+103, @PGUID+96, 0, 'Slave Pens (Heroic) - Bound Adamantite Chest (184940) - #6'),
(@OGUID+104, @PGUID+96, 0, 'Slave Pens (Heroic) - Solid Adamantite Chest (184941) - #6'),
(@OGUID+105, @PGUID+97, 0, 'Slave Pens (Normal) - Bound Fel Iron Chest (184932) - #7'),
(@OGUID+106, @PGUID+97, 0, 'Slave Pens (Normal) - Solid Fel Iron Chest (184933) - #7'),
(@OGUID+107, @PGUID+97, 0, 'Slave Pens (Heroic) - Bound Adamantite Chest (184940) - #7'),
(@OGUID+108, @PGUID+97, 0, 'Slave Pens (Heroic) - Solid Adamantite Chest (184941) - #7'),
(@OGUID+109, @PGUID+98, 0, 'Slave Pens (Normal) - Bound Fel Iron Chest (184932) - #8'),
(@OGUID+110, @PGUID+98, 0, 'Slave Pens (Normal) - Solid Fel Iron Chest (184933) - #8'),
(@OGUID+111, @PGUID+98, 0, 'Slave Pens (Heroic) - Bound Adamantite Chest (184940) - #8'),
(@OGUID+112, @PGUID+98, 0, 'Slave Pens (Heroic) - Solid Adamantite Chest (184941) - #8'),
(@OGUID+113, @PGUID+99, 0, 'Slave Pens (Normal) - Bound Fel Iron Chest (184932) - #9'),
(@OGUID+114, @PGUID+99, 0, 'Slave Pens (Normal) - Solid Fel Iron Chest (184933) - #9'),
(@OGUID+115, @PGUID+99, 0, 'Slave Pens (Heroic) - Bound Adamantite Chest (184940) - #9'),
(@OGUID+116, @PGUID+99, 0, 'Slave Pens (Heroic) - Solid Adamantite Chest (184941) - #9');

-- INSERT INTO `pool_gameobject_template` (`id`, `pool_entry`, `chance`, `description`) VALUES

-- =========
-- DBSCRIPTS
-- =========

DELETE FROM dbscripts_on_creature_movement WHERE id IN (1789301,1789302,1795701);
INSERT INTO `dbscripts_on_creature_movement` (`id`, `delay`, `command`, `datalong`, `datalong2`, `datalong3`, `buddy_entry`, `search_radius`, `data_flags`, `dataint`, `dataint2`, `dataint3`, `dataint4`, `x`, `y`, `z`, `o`, `comments`) VALUES
(1789301, 0, 0, 0, 0, 0, 0, 0, 0, 2000020039, 0, 0, 0, 0, 0, 0, 0, 'Naturalist Bite - Say on orientation change'),
(1789302, 0, 29, 1, 1, 0, 0, 0, 0, 0, 0, 0, 0, 0, 0, 0, 0, 'Naturalist Bite - Add NPC Flag gossip'),
(1789302, 0, 32, 1, 0, 0, 0, 0, 0, 0, 0, 0, 0, 0, 0, 0, 0, 'Naturalist Bite - Pause Waypoints'),
(1795701, 0, 0, 0, 0, 0, 0, 0, 0, 2000020040, 0, 0, 0, 0, 0, 0, 0, 'Coilfang Champion - Say On Spawn');

-- INSERT INTO `dbscripts_on_creature_death` (`id`, `delay`, `command`, `datalong`, `datalong2`, `datalong3`, `buddy_entry`, `search_radius`, `data_flags`, `dataint`, `dataint2`, `dataint3`, `dataint4`, `x`, `y`, `z`, `o`, `comments`) VALUES
-- INSERT INTO `dbscripts_on_go_use` (`id`, `delay`, `command`, `datalong`, `datalong2`, `datalong3`, `buddy_entry`, `search_radius`, `data_flags`, `dataint`, `dataint2`, `dataint3`, `dataint4`, `x`, `y`, `z`, `o`, `comments`) VALUES
-- INSERT INTO `dbscripts_on_go_template_use` (`id`, `delay`, `command`, `datalong`, `datalong2`, `datalong3`, `buddy_entry`, `search_radius`, `data_flags`, `dataint`, `dataint2`, `dataint3`, `dataint4`, `x`, `y`, `z`, `o`, `comments`) VALUES

DELETE FROM dbscripts_on_relay WHERE id=10024;
INSERT INTO `dbscripts_on_relay` (`id`, `delay`, `command`, `datalong`, `datalong2`, `datalong3`, `buddy_entry`, `search_radius`, `data_flags`, `dataint`, `dataint2`, `dataint3`, `dataint4`, `x`, `y`, `z`, `o`, `comments`) VALUES
('10024', '0', '20', '2', '1', '0', '0', '0', '0', '0', '0', '0', '0', '0', '0', '0', '0', 'Coilfang mob - Move Waypoint');

-- INSERT INTO `dbscripts_on_event` (`id`, `delay`, `command`, `datalong`, `datalong2`, `datalong3`, `buddy_entry`, `search_radius`, `data_flags`, `dataint`, `dataint2`, `dataint3`, `dataint4`, `x`, `y`, `z`, `o`, `comments`) VALUES
-- INSERT INTO `dbscripts_on_spell` (`id`, `delay`, `command`, `datalong`, `datalong2`, `datalong3`, `buddy_entry`, `search_radius`, `data_flags`, `dataint`, `dataint2`, `dataint3`, `dataint4`, `x`, `y`, `z`, `o`, `comments`) VALUES

DELETE FROM dbscripts_on_gossip WHERE id IN(7540,7520);
INSERT INTO `dbscripts_on_gossip` (`id`, `delay`, `command`, `datalong`, `datalong2`, `datalong3`, `buddy_entry`, `search_radius`, `data_flags`, `dataint`, `dataint2`, `dataint3`, `dataint4`, `x`, `y`, `z`, `o`, `comments`) VALUES
('7520', '0', '8', '17893', '1', '0', '0', '0', '0', '0', '0', '0', '0', '0', '0', '0', '0', 'Naturalist Bite - Give Kill Credit to Group'),
('7520', '0', '13', '0', '0', '0', '182094', '5', '1', '0', '0', '0', '0', '0', '0', '0', '0', 'Naturalist Bite - Open cage'),
('7520', '0', '5', '46', '256', '0', '0', '0', '0', '0', '0', '0', '0', '0', '0', '0', '0', 'Naturalist Bite - Remove Unit Flag IMMUNE_TO_PLAYER'),
('7520', '0', '5', '46', '512', '0', '0', '0', '0', '0', '0', '0', '0', '0', '0', '0', '0', 'Naturalist Bite - Remove Unit Flag IMMUNE_TO_NPC'),
('7520', '0', '22', '113', '1', '0', '0', '0', '0', '0', '0', '0', '0', '0', '0', '0', '0', 'Naturalist Bite - Change faction'),
('7520', '0', '29', '1', '2', '0', '0', '0', '0', '0', '0', '0', '0', '0', '0', '0', '0', 'Naturalist Bite - Remove NPC Gossip flag'),
('7520', '0', '20', '2', '0', '0', '0', '0', '0', '0', '0', '0', '0', '0', '0', '0', '0', 'Naturalist Bite - Move Waypoint'),
('7520', '0', '10', '17957', '300000', '1', '0', '0', '8', '1', '0', '0', '0', '-97.29962', '-744.0187', '34.83808', '3.476041', 'Naturalist Bite - Spawn Coilfang Champion'),
('7520', '0', '10', '17960', '300000', '1', '0', '0', '8', '1', '0', '0', '0', '-93.89555', '-741.5464', '35.76108', '3.737259', 'Naturalist Bite - Spawn Coilfang Soothsayer'),
('7520', '0', '10', '17961', '300000', '1', '0', '0', '8', '1', '0', '0', '0', '-90.23283', '-740.959', '35.3191', '35.94978', 'Naturalist Bite - Spawn Coilfang Enchantress'),
('7540', '0', '15', '34906', '3', '0', '0', '0', '0', '0', '0', '0', '0', '0', '0', '0', '0', 'Naturalist Bite - Cast Mark of Bite');

-- INSERT INTO `dbscripts_on_quest_start` (`id`, `delay`, `command`, `datalong`, `datalong2`, `datalong3`, `buddy_entry`, `search_radius`, `data_flags`, `dataint`, `dataint2`, `dataint3`, `dataint4`, `x`, `y`, `z`, `o`, `comments`) VALUES
-- INSERT INTO `dbscripts_on_quest_end` (`id`, `delay`, `command`, `datalong`, `datalong2`, `datalong3`, `buddy_entry`, `search_radius`, `data_flags`, `dataint`, `dataint2`, `dataint3`, `dataint4`, `x`, `y`, `z`, `o`, `comments`) VALUES

DELETE FROM `dbscript_string` WHERE `entry` IN (2000020039,2000020040);
INSERT INTO `dbscript_string` (`entry`, `content_default`, `sound`, `type`, `language`, `emote`, `broadcast_text_id`, `comment`) VALUES
(2000020039,'Uh oh!  It would appear that all of the noise you''ve been making has attracted some unwanted attention!', '0', '0', '0', '0', '14575', 'Naturalist Bite on Waypoint 2'),
(2000020040,'Intrudersss with the prisssoner!  Kill them!!!','0','1','0','0','15896','Coilfang Champion on Releasing Naturalist Bite');

-- INSERT INTO `dbscript_random_templates` (`id`, `type`, `target_id`, `chance`, `comments`) VALUES


