/* DBScriptData
DBName: Tempest Keep - The Arcatraz
DBScriptName: instance_arcatraz
DB%Complete: 80
DBComment:
* Arcatraz Sentinel no respawn as they respawn with 100% hp
* General ACID Recheck for all Creatures required
* (@CGUID+86, @CGUID+80, 32768); -- Warden Mellichar -> Unchained Doombringer -- Need FLAG_AGGRO_ON_DEATH as the Death of the last Unchained Doombringer should put the group in combat with Endboss Event
EndDBScriptData */

SET @CGUID := 5520000; -- creatures
SET @OGUID := 5520000; -- gameobjects
SET @PGUID := 48900; -- pools

-- =========
-- CREATURES
-- =========

INSERT INTO `creature_movement` (`id`, `point`, `position_x`, `position_y`, `position_z`, `orientation`, `waittime`, `script_id`) VALUES
(@CGUID+10, 1, 218.647, 8.70929, -7.46839, 0.240802, 0, 0),
(@CGUID+10, 2, 223.847, -1.61805, -8.21044, 5.04115, 0, 0),
(@CGUID+10, 3, 224.021, -12.193, -9.42147, 4.71993, 0, 0),
(@CGUID+10, 4, 218.005, -17.9646, -10.1091, 3.90625, 0, 0),
(@CGUID+10, 5, 211.044, -16.0591, -10.0852, 2.75329, 0, 0),
(@CGUID+10, 6, 194.756, -1.59263, -10.1037, 2.45955, 0, 0),
(@CGUID+10, 7, 193.06, 5.98199, -10.1037, 3.41381, 30000, 0),
(@CGUID+10, 8, 184.626, 9.86983, -10.0783, 2.69596, 0, 0),
(@CGUID+10, 9, 183.575, 14.7281, -10.1035, 1.83987, 0, 0),
(@CGUID+10, 10, 188.755, 21.1087, -9.4469, 0.761518, 0, 0),
(@CGUID+10, 11, 196.325, 21.5705, -8.62626, 6.09908, 0, 0),
(@CGUID+10, 12, 205.939, 18.123, -7.58292, 5.93886, 0, 0),
(@CGUID+10, 13, 211.359, 9.43979, -7.46838, 4.86287, 0, 0),
(@CGUID+10, 14, 206.97, 5.47909, -7.46838, 3.94081, 30000, 0),
(@CGUID+11, 1, 202.676, -20.5791, -10.1033, 4.52311, 25000, 0),
(@CGUID+11, 2, 202.723, -41.737, -10.102, 4.52782, 25000, 0),
(@CGUID+12, 1, 206.893, 22.9948, 48.2139, 3.20196, 0, 7945901),
(@CGUID+12, 2, 223.208, 22.3428, 48.3392, 0.076076, 0, 0),
(@CGUID+12, 3, 267.205, 21.6406, 48.3504, 0.023454, 0, 0),
(@CGUID+12, 4, 313.569, 22.1016, 48.3504, 6.23281, 0, 0),
(@CGUID+12, 5, 344.487, 22.3783, 48.3379, 0.032093, 0, 0),
(@CGUID+12, 6, 368.271, 21.9975, 48.2127, 0.01717, 0, 0),
(@CGUID+12, 7, 400.191, 22.0121, 48.2127, 0.010102, 0, 0),
(@CGUID+12, 8, 419.79, 22.2101, 48.2133, 0.010102, 0, 0),
(@CGUID+12, 9, 424.231, 14.8928, 48.2133, 4.5984, 0, 0),
(@CGUID+12, 10, 425.881, 3.23986, 48.2061, 4.83402, 0, 0),
(@CGUID+12, 11, 443.302, -0.542986, 48.2114, 6.26109, 0, 0),
(@CGUID+12, 12, 457.661, 1.59947, 48.2307, 0.164825, 0, 0),
(@CGUID+12, 13, 464.795, 5.55337, 48.4041, 0.537104, 0, 0),
(@CGUID+12, 14, 468.035, 13.9639, 49.4229, 1.15207, 0, 0),
(@CGUID+12, 15, 467.408, 18.2939, 49.7933, 1.71442, 0, 0),
(@CGUID+12, 16, 463.347, 27.6971, 50.7511, 1.92019, 0, 0),
(@CGUID+12, 17, 459.654, 36.5773, 50.8465, 2.1134, 0, 0),
(@CGUID+12, 18, 455.16, 39.4752, 50.8465, 2.56893, 0, 0),
(@CGUID+12, 19, 445.222, 41.1223, 50.3475, 2.97734, 0, 0),
(@CGUID+12, 20, 437.781, 43.6748, 49.5498, 2.81633, 0, 0),
(@CGUID+12, 21, 432.252, 42.9315, 48.983, 3.2106, 0, 0),
(@CGUID+12, 22, 427.619, 39.6984, 48.3121, 3.75096, 0, 0),
(@CGUID+12, 23, 423.374, 27.9096, 48.2301, 4.36671, 0, 0),
(@CGUID+12, 24, 410.734, 22.5105, 48.2164, 3.56874, 0, 0),
(@CGUID+12, 25, 401.738, 22.0779, 48.2137, 3.15405, 0, 0),
(@CGUID+12, 26, 368.434, 21.9003, 48.2137, 3.11949, 0, 0),
(@CGUID+12, 27, 346.604, 22.3952, 48.3335, 3.11321, 0, 0),
(@CGUID+12, 28, 304.418, 22.7126, 48.3504, 3.15562, 0, 0),
(@CGUID+12, 29, 264.007, 22.3188, 48.3504, 3.11086, 0, 0),
(@CGUID+12, 30, 229.906, 22.6008, 48.3142, 3.10065, 0, 0),
(@CGUID+13, 1, 300.757, 40.6855, 22.4412, 6.1544, 0, 7946601),
(@CGUID+13, 2, 266.582, 45.6146, 22.4412, 3.00417, 0, 0),
(@CGUID+13, 3, 300.608, 40.5754, 22.4412, 6.27378, 0, 0),
(@CGUID+13, 4, 267.06, 41.3581, 22.4412, 3.06386, 0, 0),
(@CGUID+13, 5, 284.295, 41.9085, 22.4412, 0.031433, 0, 0),
(@CGUID+13, 6, 269.81, 34.1758, 22.4412, 3.61599, 0, 0),
(@CGUID+13, 7, 264.534, 44.0584, 22.4412, 2.10881, 0, 0),
(@CGUID+13, 8, 295.828, 42.0824, 22.4412, 6.1811, 0, 0),
(@CGUID+13, 9, 263.093, 44.3916, 22.4412, 3.74558, 0, 0),
(@CGUID+13, 10, 282.178, 42.4389, 22.4412, 6.16303, 0, 0),
(@CGUID+13, 11, 262.842, 42.3572, 22.4412, 3.1047, 0, 0),
(@CGUID+13, 12, 302.24, 41.5065, 22.4412, 6.20545, 0, 0),
(@CGUID+14, 1, 276.189, -4.19569, 22.4413, 1.57709, 0, 7946701),
(@CGUID+14, 2, 266.139, 7.79699, 22.4413, 2.25803, 0, 0),
(@CGUID+14, 3, 266.247, -22.6114, 22.4474, 4.7878, 0, 0),
(@CGUID+14, 4, 281.42, -21.5927, 22.446, 0.053416, 0, 0),
(@CGUID+14, 5, 283.91, -8.08894, 22.4417, 1.49541, 0, 0),
(@CGUID+14, 6, 276.132, -11.52, 22.4434, 3.88066, 0, 0),
(@CGUID+14, 7, 278.106, -27.9497, 22.4444, 4.90247, 0, 0),
(@CGUID+14, 8, 279.399, -11.1783, 22.444, 1.59359, 0, 0),
(@CGUID+14, 9, 268.779, -0.587566, 22.4415, 1.92031, 0, 0),
(@CGUID+14, 10, 279.827, -10.0563, 22.4419, 5.7719, 0, 0),
(@CGUID+14, 11, 267.893, -24.199, 22.448, 4.04324, 0, 0),
(@CGUID+14, 12, 266.199, 1.03333, 22.4423, 1.81585, 0, 0),
(@CGUID+14, 13, 278.067, -8.70831, 22.4423, 5.69965, 0, 0),
(@CGUID+14, 14, 277.867, -28.1689, 22.4441, 4.8789, 0, 0),
(@CGUID+14, 15, 279.703, -17.5282, 22.4439, 1.1192, 0, 0),
(@CGUID+14, 16, 287.853, -22.0041, 22.444, 5.8418, 0, 0),
(@CGUID+14, 17, 279.812, -8.4003, 22.4425, 2.11587, 0, 0),
(@CGUID+14, 18, 270.202, 0.472228, 22.4425, 2.36563, 0, 0),
(@CGUID+14, 19, 266.016, 9.32503, 22.4425, 1.98079, 0, 0),
(@CGUID+14, 20, 267.74, 0.89882, 22.4425, 5.03127, 0, 0),
(@CGUID+14, 21, 277.643, -5.01753, 22.4425, 5.71064, 0, 0),
(@CGUID+14, 22, 280.211, -20.0439, 22.4444, 5.08311, 0, 0),
(@CGUID+14, 23, 278.357, -7.86163, 22.4429, 1.74674, 0, 0),
(@CGUID+14, 24, 281.524, -20.043, 22.4442, 4.93074, 0, 0),
(@CGUID+14, 25, 278.958, -7.84203, 22.4428, 1.92738, 0, 0),
(@CGUID+14, 26, 263.749, 3.74835, 22.4414, 2.48894, 0, 0),
(@CGUID+14, 27, 267.41, -22.7768, 22.4477, 4.9386, 0, 0),
(@CGUID+14, 28, 278.467, -9.57264, 22.4435, 1.06658, 0, 0),
(@CGUID+14, 29, 278.335, -27.7132, 22.4453, 4.67706, 0, 0),
(@CGUID+14, 30, 282.311, -16.8075, 22.4453, 0.962126, 0, 0),
(@CGUID+15, 1, 219.424, -159.583, -10.1097, 3.38665, 0, 7948501),
(@CGUID+15, 2, 238.577, -156.829, -10.1063, 6.27142, 0, 0),
(@CGUID+15, 3, 238.719, -188.23, -10.1073, 4.64407, 0, 0),
(@CGUID+15, 4, 260.301, -187.154, -10.1059, 0.113109, 0, 0),
(@CGUID+15, 5, 273.417, -155.947, -10.1106, 1.33362, 0, 0),
(@CGUID+15, 6, 219.424, -159.583, -10.1097, 3.38665, 1000, 0),
(@CGUID+15, 7, 221.419, -170.111, -6.53047, 4.79173, 0, 0),
(@CGUID+15, 8, 224.955, -180.224, -2.25272, 5.1106, 0, 0),
(@CGUID+15, 9, 231.421, -186.305, 1.38963, 5.52843, 0, 0),
(@CGUID+15, 10, 239.355, -189.084, 5.0713, 5.94626, 0, 0),
(@CGUID+15, 11, 246.304, -189.989, 7.90651, 6.15361, 0, 0),
(@CGUID+15, 12, 253.009, -187.978, 10.7346, 0.291397, 0, 0),
(@CGUID+15, 13, 262.221, -180.072, 15.6434, 0.709229, 0, 0),
(@CGUID+15, 14, 266.804, -170.353, 20.7583, 1.1302, 0, 0),
(@CGUID+15, 15, 267.635, -160.139, 22.7099, 1.54568, 0, 0),
(@CGUID+15, 16, 267.699, -98.665, 22.5331, 1.65563, 0, 0),
(@CGUID+15, 17, 267.632, -163.2, 22.7211, 4.54197, 0, 0),
(@CGUID+15, 18, 264.619, -176.454, 17.3917, 4.49249, 0, 0),
(@CGUID+15, 19, 254.65, -185.509, 11.5545, 3.76129, 0, 0),
(@CGUID+15, 20, 249.937, -187.554, 9.21583, 3.34346, 0, 0),
(@CGUID+15, 21, 237.337, -187.445, 3.76991, 3.13297, 0, 0),
(@CGUID+15, 22, 232.253, -185.097, 1.49248, 2.70885, 0, 0),
(@CGUID+15, 23, 226.582, -180.258, -1.86956, 2.34286, 0, 0),
(@CGUID+15, 24, 221.052, -168.552, -7.27301, 2.13316, 0, 0),
(@CGUID+15, 25, 219.424, -159.583, -10.1097, 3.38665, 1000, 0),
(@CGUID+15, 26, 203.101, -150.08, -10.1142, 2.53528, 0, 0),
(@CGUID+15, 27, 198.944, -122.772, -10.1203, 1.69883, 0, 0),
(@CGUID+15, 28, 258.831, -121.747, -10.1231, 0.110756, 0, 0),
(@CGUID+15, 29, 258.965, -155.837, -10.1094, 4.6158, 0, 0),
(@CGUID+15, 30, 219.424, -159.583, -10.1097, 3.38665, 1000, 0),
(@CGUID+16, 1, 300.643, 132.433, 22.2279, 2.36485, 0, 7952001),
(@CGUID+16, 2, 280.268, 145.768, 22.2246, 2.50858, 0, 0),
(@CGUID+16, 3, 205.459, 147.222, 22.5299, 3.09684, 0, 0),
(@CGUID+16, 4, 178.317, 161.465, 22.4396, 2.62482, 0, 0),
(@CGUID+16, 5, 177.156, 132.55, 22.4396, 4.78466, 0, 0),
(@CGUID+16, 6, 206.137, 146.36, 22.5333, 0.494819, 0, 0),
(@CGUID+16, 7, 285.688, 145.898, 22.2281, 6.21723, 0, 0),
(@CGUID+16, 8, 299.448, 130.977, 22.2257, 5.41848, 0, 0),
(@CGUID+16, 9, 301.781, 110.523, 22.2247, 4.69827, 0, 0),
(@CGUID+16, 10, 301.419, 72.4437, 22.4521, 4.58046, 0, 0),
(@CGUID+19, 1, 216.848, -18.8814, -10.0988, 0.296885, 0, 0),
(@CGUID+19, 2, 224.405, -10.9059, -9.18466, 1.19931, 0, 0),
(@CGUID+19, 3, 224.719, -4.69658, -8.65524, 1.5441, 0, 0),
(@CGUID+19, 4, 219.63, 5.64645, -7.4853, 2.18342, 0, 0),
(@CGUID+19, 5, 207.05, 16.8875, -7.46839, 2.54077, 0, 0),
(@CGUID+19, 6, 198.094, 21.969, -8.38857, 2.45831, 0, 0),
(@CGUID+19, 7, 189.256, 21.1475, -9.35965, 3.23428, 0, 0),
(@CGUID+19, 8, 184.529, 17.1224, -10.0637, 3.84689, 0, 0),
(@CGUID+19, 9, 184.106, -12.7646, -10.1119, 4.69826, 0, 0),
(@CGUID+19, 10, 197.46, -22.8893, -10.1035, 5.63446, 0, 0),
(@CGUID+19, 11, 196.538, -38.4966, -10.1035, 4.67941, 0, 0),
(@CGUID+19, 12, 196.503, -61.2816, -10.0907, 4.71083, 0, 0),
(@CGUID+19, 13, 202.605, -63.8882, -10.0996, 5.8795, 0, 0),
(@CGUID+19, 14, 208.134, -60.9671, -10.0854, 0.595344, 0, 0),
(@CGUID+19, 15, 209.609, -48.5543, -10.0796, 1.73731, 0, 0),
(@CGUID+19, 16, 209.366, -22.7744, -10.0799, 1.58023, 0, 0),
(@CGUID+19, 17, 213.747, -20.2203, -10.0749, 0.5278, 0, 0),
(@CGUID+27, 1, 200.418, -117.797, -10.1219, 3.08269, 0, 0),
(@CGUID+27, 2, 196.68, -138.122, -10.1186, 4.56395, 0, 0),
(@CGUID+27, 3, 197.442, -146.304, -10.1164, 4.90953, 0, 0),
(@CGUID+27, 4, 211.091, -156.502, -10.1145, 5.49701, 0, 0),
(@CGUID+27, 5, 229.878, -157.159, -10.1106, 6.17795, 0, 0),
(@CGUID+27, 6, 235.302, -161.837, -10.1077, 5.55199, 0, 0),
(@CGUID+27, 7, 237.075, -172.45, -10.1063, 4.7823, 0, 0),
(@CGUID+27, 8, 232.312, -181.701, -10.1092, 4.03774, 0, 0),
(@CGUID+27, 9, 232.485, -190.903, -10.1075, 4.66684, 0, 0),
(@CGUID+27, 10, 260.107, -192.488, -10.1063, 0.003934, 0, 0),
(@CGUID+27, 11, 273.486, -175.799, -10.1063, 0.945627, 0, 0),
(@CGUID+27, 12, 274.817, -164.848, -10.1055, 1.43493, 0, 0),
(@CGUID+27, 13, 277.811, -152.978, -10.1134, 1.27942, 0, 0),
(@CGUID+27, 14, 277.98, -139.473, -10.1194, 1.64227, 0, 0),
(@CGUID+27, 15, 267.372, -132.869, -10.1209, 2.58475, 0, 0),
(@CGUID+27, 16, 259.279, -120.859, -10.1224, 2.16378, 0, 0),
(@CGUID+27, 17, 238.093, -122.443, -10.1224, 3.21621, 0, 0),
(@CGUID+27, 18, 218.314, -121.632, -10.1206, 3.04186, 0, 0),
(@CGUID+27, 19, 208.415, -118.459, -10.1192, 2.83137, 0, 0),
(@CGUID+33, 1, 245.293, -129.894, -10.1202, 0.001575, 0, 0),
(@CGUID+33, 2, 245.006, -144.436, -10.1122, 4.41237, 0, 0),
(@CGUID+33, 3, 272.793, -144.85, -10.1177, 6.20622, 0, 0),
(@CGUID+33, 4, 244.846, -143.878, -10.1128, 1.82763, 0, 0),
(@CGUID+33, 5, 244.414, -130.212, -10.1198, 1.87239, 0, 0),
(@CGUID+33, 6, 205.551, -130.426, -10.1177, 3.11647, 0, 0),
(@CGUID+34, 1, 253.96, -147.831, -10.1116, 0.245833, 0, 0),
(@CGUID+34, 2, 252.37, -174.19, -10.1034, 4.49719, 0, 0),
(@CGUID+34, 3, 253.709, -148.432, -10.1107, 1.30455, 0, 0),
(@CGUID+34, 4, 207.511, -153.823, -10.1137, 3.23977, 0, 0),
(@CGUID+36, 1, 217.516, -138.434, -10.1154, 6.27844, 0, 0),
(@CGUID+36, 2, 231.068, -138.498, -10.1133, 6.27844, 0, 0),
(@CGUID+36, 3, 245.9, -138.568, -10.1147, 6.27844, 0, 0),
(@CGUID+36, 4, 249.044, -142.178, -10.1141, 5.4145, 0, 0),
(@CGUID+36, 5, 248.015, -135.272, -10.117, 1.62888, 0, 0),
(@CGUID+36, 6, 242.028, -142.216, -10.1126, 3.8712, 0, 0),
(@CGUID+36, 7, 248.264, -141.626, -10.114, 0.026671, 0, 0),
(@CGUID+36, 8, 241.88, -135.16, -10.1154, 2.28076, 0, 0),
(@CGUID+36, 9, 246.127, -138.66, -10.1154, 5.49697, 0, 0),
(@CGUID+36, 10, 231.605, -138.778, -10.1132, 3.12899, 0, 0),
(@CGUID+36, 11, 218.07, -139.14, -10.1146, 3.08972, 0, 0),
(@CGUID+36, 12, 213.694, -135.836, -10.1174, 2.42214, 0, 0),
(@CGUID+36, 13, 221.123, -142.049, -10.1147, 5.603, 0, 0),
(@CGUID+36, 14, 214.64, -142.814, -10.1147, 3.30178, 0, 0),
(@CGUID+36, 15, 221.028, -136.064, -10.1147, 0.729604, 0, 0),
(@CGUID+39, 1, 259.678, -138.915, -10.1176, 2.44157, 0, 0),
(@CGUID+39, 2, 256.588, -142.08, -10.1148, 3.95346, 0, 0),
(@CGUID+39, 3, 262.804, -141.052, -10.1162, 0.163913, 0, 0),
(@CGUID+39, 4, 262.346, -135.71, -10.1191, 1.64832, 0, 0),
(@CGUID+39, 5, 259.746, -138.643, -10.1184, 1.55407, 0, 0),
(@CGUID+39, 6, 259.407, -121.773, -10.1228, 1.55799, 0, 0),
(@CGUID+39, 7, 262.854, -117.648, -10.1228, 0.874698, 0, 0),
(@CGUID+39, 8, 263.16, -126.043, -10.1228, 4.74278, 0, 0),
(@CGUID+39, 9, 251.495, -121.829, -10.1228, 2.90103, 0, 0),
(@CGUID+39, 10, 259.801, -121.404, -10.1228, 0.101081, 0, 0),
(@CGUID+58, 1, 293.068, 9.06769, 22.4412, 5.20909, 0, 0),
(@CGUID+58, 2, 299.217, 9.39975, 22.4412, 5.20909, 0, 0),
(@CGUID+58, 3, 289.77, 4.2795, 22.4412, 5.20909, 0, 0),
(@CGUID+58, 4, 291.079, 10.5524, 21.4829, 5.20909, 0, 0),
(@CGUID+58, 5, 295.308, 3.61129, 22.4412, 5.20909, 0, 0),
(@CGUID+58, 6, 302.637, -7.91027, 22.4412, 5.37009, 0, 0),
(@CGUID+58, 7, 307.828, -14.1909, 22.4412, 5.66069, 0, 0),
(@CGUID+58, 8, 305.289, -9.6896, 22.4414, 1.61023, 0, 0),
(@CGUID+58, 9, 308.783, -7.57181, 22.4414, 0.569579, 0, 0),
(@CGUID+58, 10, 305.408, -8.52473, 22.4414, 3.41665, 0, 0),
(@CGUID+58, 11, 309.159, -6.65172, 22.4414, 0.400719, 0, 0),
(@CGUID+58, 12, 309.704, -9.7612, 22.4414, 4.88534, 0, 0),
(@CGUID+58, 13, 307.84, -6.79902, 22.4414, 2.13252, 0, 0),
(@CGUID+58, 14, 300.231, -10.4407, 22.4414, 2.03435, 0, 0),
(@CGUID+58, 15, 294.277, 2.26656, 22.4414, 2.06969, 0, 0),
(@CGUID+59, 1, 271.906, 32.0908, 22.4128, 4.37827, 0, 0),
(@CGUID+59, 2, 279.664, 31.4638, 20.8149, 5.8823, 0, 0),
(@CGUID+59, 3, 277.18, 35.6081, 22.4412, 2.11239, 0, 0),
(@CGUID+59, 4, 280.351, 40.1525, 22.4412, 2.11239, 0, 0),
(@CGUID+59, 5, 272.927, 41.1023, 22.4412, 2.22627, 0, 0),
(@CGUID+59, 6, 280.04, 36.9946, 22.4412, 5.60349, 0, 0),
(@CGUID+59, 7, 271.893, 42.348, 22.4412, 2.15559, 0, 0),
(@CGUID+59, 8, 257.273, 50.5591, 22.4412, 3.04701, 0, 0),
(@CGUID+59, 9, 269.272, 62.4761, 22.4412, 0.76936, 0, 0),
(@CGUID+59, 10, 272.27, 44.0685, 22.4412, 5.13225, 0, 0),
(@CGUID+64, 1, 305.7355, 148.0587, 24.8633, 3.979351, 8000, 1001),
(@CGUID+64, 2, 305.7355, 148.0587, 24.8633, 3.979351, 18000, 1001),
(@CGUID+64, 3, 305.7355, 148.0587, 24.8633, 3.979351, 12000, 1001),
(@CGUID+64, 4, 305.7355, 148.0587, 24.8633, 3.979351, 6000, 1005),
(@CGUID+64, 5, 305.7355, 148.0587, 24.8633, 3.979351, 55000, 0),
(@CGUID+66, 1, 201.658, 138.055, 22.4799, 0.953483, 5000, 0),
(@CGUID+66, 2, 198.899, 135.182, 22.4372, 3.94742, 2000, 0),
(@CGUID+66, 3, 199.476, 140.64, 22.4996, 1.46556, 5000, 0),
(@CGUID+66, 4, 202.355, 134.739, 22.4127, 5.16636, 3000, 0),
(@CGUID+66, 5, 197.449, 140.796, 22.4224, 2.1897, 1000, 0),
(@CGUID+66, 6, 201.673, 135.624, 22.4131, 5.39727, 0, 0),
(@CGUID+66, 7, 189.193, 134.968, 22.4397, 3.26491, 0, 0),
(@CGUID+66, 8, 176.916, 133.268, 22.4397, 3.23899, 0, 0),
(@CGUID+66, 9, 177.012, 143.453, 22.4397, 1.56138, 4000, 0),
(@CGUID+66, 10, 177.485, 132.554, 22.4397, 4.89853, 0, 0),
(@CGUID+66, 11, 186.466, 134.748, 22.4397, 0.206567, 0, 0),
(@CGUID+66, 12, 200.482, 134.913, 22.417, 0.047131, 0, 0),
(@CGUID+68, 1, 203.624, 156.421, 22.4224, 0.04938, 5000, 0),
(@CGUID+68, 2, 201.115, 157.017, 22.43, 3.31035, 3000, 0),
(@CGUID+68, 3, 200.381, 154.526, 22.43, 4.42562, 4000, 0),
(@CGUID+68, 4, 198.234, 155.301, 22.437, 2.79513, 1000, 0),
(@CGUID+68, 5, 202.348, 156.521, 22.4264, 0.288139, 2000, 0),
(@CGUID+68, 6, 199.168, 158.033, 22.4371, 2.69774, 0, 0),
(@CGUID+68, 7, 188.511, 159.851, 22.4399, 3.13599, 0, 0),
(@CGUID+68, 8, 176.868, 160.7, 22.4399, 3.09515, 0, 0),
(@CGUID+68, 9, 176.784, 146.915, 22.4399, 4.59684, 5000, 0),
(@CGUID+68, 10, 181.198, 147.084, 22.4399, 0.038385, 1000, 0),
(@CGUID+68, 11, 178.418, 148.858, 22.4399, 2.57365, 3000, 0),
(@CGUID+68, 12, 177.629, 145.204, 22.4399, 4.49944, 2000, 0),
(@CGUID+68, 13, 176.239, 148.944, 22.4399, 1.92648, 5000, 0),
(@CGUID+68, 14, 176.538, 161.781, 22.4399, 1.54242, 0, 0),
(@CGUID+68, 15, 187.247, 159.955, 22.4399, 6.14171, 0, 0),
(@CGUID+68, 16, 201.458, 159.143, 22.4321, 6.20061, 0, 0),
(@CGUID+74, 1, 454.72, 39.4298, 50.8465, 2.84682, 0, 0),
(@CGUID+74, 2, 445.098, 43.0044, 50.307, 2.87274, 0, 0),
(@CGUID+74, 3, 436.149, 44.5008, 49.4455, 2.91201, 0, 0),
(@CGUID+74, 4, 429.378, 43.0711, 48.6463, 3.27958, 0, 0),
(@CGUID+74, 5, 425.88, 39.2374, 48.1989, 3.94246, 0, 0),
(@CGUID+74, 6, 427.007, 31.3021, 48.2374, 4.85352, 0, 0),
(@CGUID+74, 7, 437.728, 17.4817, 48.2131, 5.39544, 0, 0),
(@CGUID+74, 8, 440.471, 6.12514, 48.2117, 4.94934, 0, 0),
(@CGUID+74, 9, 440.767, -16.4589, 48.2117, 4.58805, 0, 0),
(@CGUID+74, 10, 450.292, -15.9272, 48.2264, 0.156837, 0, 0),
(@CGUID+74, 11, 451.301, -6.25667, 48.2343, 1.46688, 0, 0),
(@CGUID+74, 12, 451.922, 0.912464, 48.2306, 1.48416, 0, 0),
(@CGUID+74, 13, 453.763, 2.72407, 48.2348, 0.777301, 0, 0),
(@CGUID+74, 14, 463.693, 4.9248, 48.2929, 0.218098, 0, 0),
(@CGUID+74, 15, 468.068, 10.7025, 49.1064, 0.950874, 0, 0),
(@CGUID+74, 16, 467.922, 18.8861, 49.8541, 1.58862, 0, 0),
(@CGUID+74, 17, 466.032, 23.5883, 50.3245, 1.95304, 0, 0),
(@CGUID+74, 18, 462.582, 28.267, 50.8465, 2.23657, 0, 0),
(@CGUID+74, 19, 461.345, 34.9268, 50.8465, 1.70643, 0, 0),
(@CGUID+74, 20, 457.107, 38.777, 50.8465, 2.40465, 0, 0),
(@CGUID+78, 1, 445.795, -60.7897, 48.3955, 1.58077, 0, 0),
(@CGUID+78, 2, 445.867, -79.721, 48.3473, 4.88023, 0, 0),
(@CGUID+78, 3, 443.59, -111.476, 43.1001, 4.5056, 0, 0),
(@CGUID+78, 4, 442.417, -124.4, 43.1001, 4.66111, 0, 0),
(@CGUID+78, 5, 436.618, -138.834, 43.1021, 4.29432, 0, 0),
(@CGUID+78, 6, 443.983, -154.159, 43.0761, 5.29021, 0, 0),
(@CGUID+78, 7, 445.069, -160.755, 43.0662, 4.87552, 0, 0),
(@CGUID+78, 8, 462.308, -174.317, 43.107, 5.59494, 0, 0),
(@CGUID+78, 9, 444.268, -153.475, 43.0742, 2.27664, 0, 0),
(@CGUID+78, 10, 437.305, -134.904, 43.1011, 1.87373, 0, 0),
(@CGUID+78, 11, 444.127, -120.395, 43.1011, 1.12132, 0, 0),
(@CGUID+78, 12, 444.903, -95.8722, 43.1011, 1.53915, 0, 0),
(@CGUID+78, 13, 445.893, -77.8288, 48.3955, 1.5635, 0, 0),
(@CGUID+149, 1, 164.571, 164.083, 22.4412, 5.65782, 0, 0),
(@CGUID+149, 2, 170.578, 160.263, 22.4412, 5.71673, 0, 0),
(@CGUID+149, 3, 169.973, 154.136, 22.4412, 4.73498, 0, 0),
(@CGUID+149, 4, 169.182, 141.596, 22.4412, 4.73498, 0, 0),
(@CGUID+149, 5, 168.66, 131.837, 22.4412, 4.73498, 0, 0),
(@CGUID+149, 6, 156.824, 125.214, 22.4412, 3.6904, 0, 0),
(@CGUID+149, 7, 167.874, 131.315, 22.4412, 0.537026, 0, 0),
(@CGUID+149, 8, 169.395, 142.563, 22.4412, 1.63187, 0, 0),
(@CGUID+149, 9, 169.308, 160.427, 22.4412, 1.56904, 0, 0),
(@CGUID+149, 10, 160.217, 167.234, 22.4018, 2.57435, 0, 0),
(@CGUID+150, 1, 123.885, 145.896, 22.4412, 5.02403, 0, 0),
(@CGUID+150, 2, 127.482, 137.667, 22.4412, 5.26357, 0, 0),
(@CGUID+150, 3, 137.833, 130.779, 22.4412, 5.73481, 0, 0),
(@CGUID+150, 4, 149.739, 125.261, 22.4412, 5.9233, 0, 0),
(@CGUID+150, 5, 158.195, 129.08, 22.4412, 0.614008, 0, 0),
(@CGUID+150, 6, 166.062, 133.917, 22.4412, 0.614008, 0, 0),
(@CGUID+150, 7, 166.258, 147.552, 22.4412, 1.59576, 0, 0),
(@CGUID+150, 8, 166.267, 159.768, 22.4412, 1.61539, 0, 0),
(@CGUID+150, 9, 151.15, 168.768, 22.4313, 2.65212, 0, 0),
(@CGUID+150, 10, 140.21, 164.22, 22.4401, 3.68492, 0, 0),
(@CGUID+150, 11, 125.306, 157.433, 22.4401, 3.68492, 0, 0);

DELETE FROM creature_movement_template WHERE entry IN (20865,20864);
INSERT INTO `creature_movement_template` (`entry`, `pathId`, `point`, `position_x`, `position_y`, `position_z`, `orientation`, `waittime`, `script_id`) VALUES
-- Protean Horror
(20865, 1, 1, 123.2132, 0.05693996, -10.1021, 100, 0, 2086501),
(20865, 1, 2, 82.020, 0.306, -11.026, 100, 0, 0),
-- Protean Nightmare
(20864, 1, 1, 123.2132, 0.05693996, -10.1021, 100, 0, 0),
(20864, 1, 2, 82.020, 0.306, -11.026, 100, 0, 0);

-- INSERT INTO `creature_addon` (`guid`, `mount`, `bytes1`, `b2_0_sheath`, `b2_1_flags`, `emote`, `moveflags`, `auras`) VALUES

REPLACE INTO `creature_template_addon` (`entry`, `mount`, `bytes1`, `b2_0_sheath`, `b2_1_flags`, `emote`, `moveflags`, `auras`) VALUES
(20857, 0, 0, 1, 16, 333, 0, '38805'), -- Arcatraz Defender - Immolate (previously in ACID)
(20859, 0, 0, 2, 16, 376, 0, NULL), -- Arcatraz Warder
(20864, 0, 0, 1, 16, 0, 0, NULL), -- Protean Nightmare
(20865, 0, 0, 1, 16, 0, 0, NULL), -- Protean Horror
(20866, 0, 0, 1, 16, 0, 0, NULL), -- Soul Devourer
(20867, 0, 0, 1, 16, 0, 0, NULL), -- Death Watcher
(20870, 0, 0, 1, 16, 0, 0, NULL), -- Zereketh the Unbound
(20873, 0, 0, 1, 16, 0, 0, '19818'), -- Negaton Warp-Master
(20875, 0, 0, 1, 16, 0, 0, NULL), -- Negaton Screamer
(20880, 0, 0, 1, 16, 0, 0, ''), -- Eredar Deathbringer
(20881, 0, 0, 1, 16, 0, 0, NULL), -- Unbound Devastator
(20882, 0, 0, 1, 16, 0, 0, '16380'), -- Skulking Witch
(20883, 0, 0, 1, 16, 0, 0, NULL), -- Spiteful Temptress
(20885, 0, 0, 1, 16, 0, 0, NULL), -- Dalliah the Doomsayer
(20896, 0, 0, 1, 16, 0, 0, NULL), -- Ethereum Slayer
(20897, 0, 0, 1, 16, 0, 0, NULL), -- Ethereum Wave-Caster
(20898, 0, 0, 1, 16, 0, 0, NULL), -- Gargantuan Abyssal
(20900, 0, 0, 1, 16, 0, 0, NULL), -- Unchained Doombringer
(20901, 0, 0, 1, 16, 0, 0, NULL), -- Sargeron Archer
(20902, 0, 0, 1, 16, 0, 0, NULL), -- Sargeron Hellcaller
(20904, 0, 0, 1, 16, 0, 0, '36852'), -- Warden Mellichar
(20978, 0, 0, 1, 16, 0, 0, NULL), -- Wrath-Scryer's Felfire
(21186, 0, 0, 1, 16, 0, 0, NULL), -- Arcane Warder Target
(21303, 0, 0, 1, 16, 0, 0, '29266'), -- Defender Corpse
(21304, 0, 0, 1, 16, 0, 0, '29266'), -- Warder Corpse
(21346, 0, 0, 1, 16, 0, 0, '36649'), -- Sightless Eye
(21436, 0, 0, 1, 16, 0, 0, NULL), -- Tempest Keep Prison Alpha Pod Target
(21437, 0, 0, 1, 16, 0, 0, NULL), -- Tempest Keep Prison Beta Pod Target
(21438, 0, 0, 1, 16, 0, 0, NULL), -- Tempest Keep Prison Delta Pod Target
(21439, 0, 0, 1, 16, 0, 0, NULL), -- Tempest Keep Prison Gamma Pod Target
(21440, 0, 0, 1, 16, 0, 0, '36852'), -- Tempest Keep Prison Boss Pod Target
(21702, 0, 0, 1, 16, 0, 0, NULL), -- Ethereum Life-Binder
(21962, 0, 0, 1, 16, 0, 0, '29266'); -- Udalo

INSERT INTO `creature_linking` (`guid`, `master_guid`, `flag`) VALUES
(@CGUID+6, @CGUID+5, 1155), -- Arcatraz Warder -> Arcatraz Warder
(@CGUID+7, @CGUID+8, 1155), -- Arcatraz Warder -> Arcatraz Warder
(@CGUID+2, @CGUID+3, 1155), -- Arcatraz Defender -> Arcatraz Defender
(@CGUID+4, @CGUID+3, 1155), -- Arcatraz Defender -> Arcatraz Defender

-- Pack 1 - first room after intro
(@CGUID+17, @CGUID+10, 1679), -- Protean Horror -> Protean Nightmare
(@CGUID+18, @CGUID+10, 1679), -- Protean Horror -> Protean Nightmare
(@CGUID+10, @CGUID+5, 1024), -- Protean Nightmare -> Arcatraz Warder (FLAG_CANT_SPAWN_IF_BOSS_DEAD)

-- Pack 2- first room after intro
(@CGUID+20, @CGUID+19, 1679), -- Protean Horror -> Protean Horror
(@CGUID+21, @CGUID+19, 1679), -- Protean Horror -> Protean Horror
(@CGUID+22, @CGUID+19, 1679), -- Protean Horror -> Protean Horror
(@CGUID+23, @CGUID+19, 1679), -- Protean Horror -> Protean Horror
(@CGUID+24, @CGUID+19, 1679), -- Protean Horror -> Protean Horror
(@CGUID+19, @CGUID+8, 1024), -- Protean Horror -> Arcatraz Warder (FLAG_CANT_SPAWN_IF_BOSS_DEAD)

-- Pack 3 - first room after intro
(@CGUID+25, @CGUID+11, 1679), -- Protean Horror -> Protean Nightmare
(@CGUID+26, @CGUID+11, 1679), -- Protean Horror -> Protean Nightmare
(@CGUID+11, @CGUID+3, 1024), -- Protean Nightmare -> Arcatraz Defender (FLAG_CANT_SPAWN_IF_BOSS_DEAD)

(@CGUID+28, @CGUID+27, 1679), -- Protean Horror -> Protean Horror
(@CGUID+29, @CGUID+27, 1679), -- Protean Horror -> Protean Horror
(@CGUID+30, @CGUID+27, 1679), -- Protean Horror -> Protean Horror
(@CGUID+31, @CGUID+27, 1679), -- Protean Horror -> Protean Horror
(@CGUID+32, @CGUID+27, 1679), -- Protean Horror -> Protean Horror

(@CGUID+42, @CGUID+43, 1155), -- Arcatraz Sentinel -> Arcatraz Sentinel

(@CGUID+72, @CGUID+73, 1155), -- Ethereum Slayer -> Ethereum Slayer
(@CGUID+145, @CGUID+73, 1155), -- Ethereum Life-Binder -> Ethereum Slayer
(@CGUID+76, @CGUID+73, 1155), -- Ethereum Wave-Caster -> Ethereum Slayer
(@CGUID+75, @CGUID+74, 1679), -- Ethereum Slayer -> Ethereum Slayer
(@CGUID+77, @CGUID+74, 1679), -- Ethereum Wave-Caster -> Ethereum Slayer
(@CGUID+146, @CGUID+74, 1679), -- Ethereum Life-Binder -> Ethereum Slayer
(@CGUID+82, @CGUID+84, 1155), -- Sargeron Archer -> Sargeron Hellcaller
(@CGUID+83, @CGUID+85, 1155); -- Sargeron Archer -> Sargeron Hellcaller

REPLACE INTO `creature_linking_template` (`entry`, `map`, `master_entry`, `flag`, `search_range`) VALUES
-- (20859, 552, 20857, 1, 0), -- Arcatraz Warder -> Arcatraz Defender
(21466, 552, 20912, 4112, 0), -- Harbinger Skyriss -> Harbinger Skyriss
(21467, 552, 20912, 4112, 0); -- Harbinger Skyriss -> Harbinger Skyriss

INSERT INTO `creature_spawn_entry` (`guid`, `entry`) VALUES
(@CGUID+35, 20867), (@CGUID+35, 20868), -- Death Watcher Entropic Eye
(@CGUID+36, 20867), (@CGUID+36, 20868), -- Death Watcher Entropic Eye
(@CGUID+37, 20867), (@CGUID+37, 20868), -- Death Watcher Entropic Eye
(@CGUID+38, 20867), (@CGUID+38, 20868), -- Death Watcher Entropic Eye
(@CGUID+39, 20867), (@CGUID+39, 20868), -- Death Watcher Entropic Eye
(@CGUID+64, 20879), (@CGUID+64, 20880), -- Eredar Soul-Eater, Eredar Deathbringer
(@CGUID+67, 20881), (@CGUID+67, 20883); -- Unbound Devastator, Spiteful Temptress

INSERT INTO `creature` (`guid`, `id`, `map`, `spawnMask`, `position_x`, `position_y`, `position_z`, `orientation`, `spawntimesecsmin`, `spawntimesecsmax`, `spawndist`, `currentwaypoint`, `DeathState`, `MovementType`) VALUES
(@CGUID+1, 15384, 552, 3, 466.582, -126.723, 43.1834, 3.7001, 7200, 7200, 0, 0, 0, 0), -- OLDWorld Trigger (DO NOT DELETE)
(@CGUID+2, 20857, 552, 3, 101.977, -2.98757, -10.1691, 0.20944, 7200, 7200, 0, 0, 0, 0), -- Arcatraz Defender
(@CGUID+3, 20857, 552, 3, 103.497, 1.23046, -10.1701, 6.21804, 7200, 7200, 0, 0, 0, 0), -- Arcatraz Defender
(@CGUID+4, 20857, 552, 3, 101.624, 6.57745, -10.1856, 5.8294, 7200, 7200, 0, 0, 0, 0), -- Arcatraz Defender
(@CGUID+5, 20859, 552, 3, 69.6491, -14.8739, -10.0332, 0.541052, 7200, 7200, 0, 0, 0, 0), -- Arcatraz Warder
(@CGUID+6, 20859, 552, 3, 73.3906, -16.7659, -10.0612, 0.541052, 7200, 7200, 0, 0, 0, 0), -- Arcatraz Warder
(@CGUID+7, 20859, 552, 3, 76.9442, 18.8223, -10.1055, 5.68977, 7200, 7200, 0, 0, 0, 0), -- Arcatraz Warder
(@CGUID+8, 20859, 552, 3, 73.8442, 17.5507, -10.0701, 5.89921, 7200, 7200, 0, 0, 0, 0), -- Arcatraz Warder
(@CGUID+9, 20864, 552, 3, 108.104, 2.23135, -10.1613, 1.37852, 7200, 7200, 0, 0, 0, 0), -- Protean Nightmare
(@CGUID+10, 20864, 552, 3, 208.859, 6.44106, -7.46839, 4.26597, 25, 25, 0, 0, 0, 2), -- Protean Nightmare
(@CGUID+11, 20864, 552, 3, 202.329, -40.5555, -10.0961, 4.59888, 25, 25, 0, 0, 0, 2), -- Protean Nightmare
(@CGUID+12, 20865, 552, 3, 219.948, 22.4258, 48.3374, 3.14979, 7200, 7200, 5, 0, 0, 2), -- Protean Horror
(@CGUID+13, 20865, 552, 3, 285.555, 40.5121, 22.4412, 0.179863, 7200, 7200, 5, 0, 0, 2), -- Protean Horror
(@CGUID+14, 20865, 552, 3, 278.648, -12.6903, 22.4479, 1.41948, 7200, 7200, 5, 0, 0, 2), -- Protean Horror
(@CGUID+15, 20865, 552, 3, 253.873, -148.56, -10.1103, 2.60445, 7200, 7200, 5, 0, 0, 2), -- Protean Horror
(@CGUID+16, 20865, 552, 3, 301.17, 71.9341, 22.4508, 4.70266, 7200, 7200, 5, 0, 0, 2), -- Protean Horror
(@CGUID+17, 20865, 552, 3, 212.562, 6.48385, -7.46839, 3.46093, 7200, 7200, 0, 0, 0, 0), -- Protean Horror
(@CGUID+18, 20865, 552, 3, 209.099, 10.6454, -7.4684, 4.9173, 7200, 7200, 0, 0, 0, 0), -- Protean Horror
(@CGUID+19, 20865, 552, 3, 208.434, -21.0154, -10.0878, 0.166969, 25, 25, 0, 0, 0, 2), -- Protean Horror
(@CGUID+20, 20865, 552, 3, 206.383, -20.1627, -10.0984, 0.611504, 7200, 7200, 0, 0, 0, 0), -- Protean Horror
(@CGUID+21, 20865, 552, 3, 207.515, -23.0306, -10.0875, 0.361747, 7200, 7200, 0, 0, 0, 0), -- Protean Horror
(@CGUID+22, 20865, 552, 3, 205.901, -21.77, -10.0973, 0.187389, 7200, 7200, 0, 0, 0, 0), -- Protean Horror
(@CGUID+23, 20865, 552, 3, 204.041, -20.9714, -10.1009, 0.0931411, 7200, 7200, 0, 0, 0, 0), -- Protean Horror
(@CGUID+24, 20865, 552, 3, 205.502, -23.8515, -10.0948, 1.00813, 7200, 7200, 0, 0, 0, 0), -- Protean Horror
(@CGUID+25, 20865, 552, 3, 201.214, -36.4609, -10.0973, 3.43722, 7200, 7200, 0, 0, 0, 0), -- Protean Horror
(@CGUID+26, 20865, 552, 3, 205.26, -45.3562, -10.1119, 3.64711, 7200, 7200, 0, 0, 0, 0), -- Protean Horror
(@CGUID+27, 20865, 552, 3, 213.449, -120.089, -10.1083, 2.4144, 7200, 7200, 0, 0, 0, 2), -- Protean Horror
(@CGUID+28, 20865, 552, 3, 216.056, -119.667, -10.1204, 3.17144, 7200, 7200, 0, 0, 0, 0), -- Protean Horror
(@CGUID+29, 20865, 552, 3, 217.345, -121.596, -10.1199, 2.99551, 7200, 7200, 0, 0, 0, 0), -- Protean Horror
(@CGUID+30, 20865, 552, 3, 217.556, -118.237, -10.1212, 3.08662, 7200, 7200, 0, 0, 0, 0), -- Protean Horror
(@CGUID+31, 20865, 552, 3, 215.016, -121.252, -10.1204, 3.3945, 7200, 7200, 0, 0, 0, 0), -- Protean Horror
(@CGUID+32, 20865, 552, 3, 214.844, -118.252, -10.1188, 2.43393, 7200, 7200, 0, 0, 0, 0), -- Protean Horror
(@CGUID+33, 20866, 552, 3, 220.769, -128.934, -10.1098, 0.0107276, 7200, 7200, 0, 0, 0, 2), -- Soul Devourer
(@CGUID+34, 20866, 552, 3, 219.579, -152.526, -10.1123, 6.26082, 7200, 7200, 0, 0, 0, 2), -- Soul Devourer
(@CGUID+35, 0, 552, 3, 266.335, -187.128, -10.1051, 4.02795, 7200, 7200, 10, 0, 0, 1), -- creature_spawn_entry
(@CGUID+36, 0, 552, 3, 217.965, -138.522, -10.1157, 1.50322, 7200, 7200, 0, 0, 0, 2), -- creature_spawn_entry
(@CGUID+37, 0, 552, 3, 244.258, -156.479, -10.104, 4.38315, 7200, 7200, 10, 0, 0, 1), -- creature_spawn_entry
(@CGUID+38, 0, 552, 3, 254.91, -125.087, -10.1232, 2.89044, 7200, 7200, 10, 0, 0, 1), -- creature_spawn_entry
(@CGUID+39, 0, 552, 3, 259.678, -138.915, -10.1176, 2.33554, 7200, 7200, 0, 0, 0, 2), -- creature_spawn_entry
-- PLEASE RE-USE 40
(@CGUID+41, 20869, 552, 3, 264.2865, -61.32112, 22.45335, 5.288348, 7200, 7200, 0, 0, 0, 0), -- Arcatraz Sentinel
(@CGUID+42, 20869, 552, 3, 253.942, 131.8811, 22.39496, 0.7679449, 7200, 7200, 0, 0, 0, 0), -- Arcatraz Sentinel
(@CGUID+43, 20869, 552, 3, 255.4978, 158.9143, 22.36194, 5.410521, 7200, 7200, 0, 0, 0, 0), -- Arcatraz Sentinel
(@CGUID+44, 20869, 552, 3, 336.5143, 27.42666, 48.42604, 3.839724, 7200, 7200, 0, 0, 0, 0), -- Arcatraz Sentinel
(@CGUID+45, 20869, 552, 3, 395.413, 18.19484, 48.29602, 2.495821, 7200, 7200, 0, 0, 0, 0), -- Arcatraz Sentinel
-- PLEASE RE-USE 46-56
(@CGUID+57, 20870, 552, 3, 275.788, -123.343, -10.1232, 6.13695, 86400, 86400, 5, 0, 0, 1), -- Zereketh the Unbound
(@CGUID+58, 20873, 552, 3, 292.552, 8.8547, 22.4412, 5.35439, 7200, 7200, 0, 0, 0, 2), -- Negaton Warp-Master
(@CGUID+59, 20873, 552, 3, 274.324, 38.2864, 22.4412, 2.15167, 7200, 7200, 0, 0, 0, 2), -- Negaton Warp-Master
(@CGUID+60, 20875, 552, 3, 275.458, 7.17656, 22.4434, 1.48273, 7200, 7200, 5, 0, 0, 1), -- Negaton Screamer
(@CGUID+61, 20875, 552, 3, 292.445, 32.8977, 21.5072, 4.24085, 7200, 7200, 5, 0, 0, 1), -- Negaton Screamer
(@CGUID+62, 20875, 552, 3, 284.956, 22.5675, 20.8149, 0.3452, 7200, 7200, 0, 0, 0, 0), -- Negaton Screamer
(@CGUID+63, 20879, 552, 3, 285.519, 146.155, 22.3118, 5.79449, 7200, 7200, 0, 0, 0, 0), -- Eredar Soul-Eater
(@CGUID+64, 0, 552, 3, 305.7355, 148.0587, 24.8633, 3.979351, 7200, 7200, 0, 0, 0, 2), -- creature_spawn_entry
(@CGUID+65, 20880, 552, 3, 301.778, 125.168, 22.2269, 1.55752, 7200, 7200, 0, 0, 0, 0), -- Eredar Deathbringer
(@CGUID+66, 20881, 552, 3, 198.229, 134.81, 22.4779, 0.027622, 7200, 7200, 0, 0, 0, 2), -- Unbound Devastator
(@CGUID+67, 0, 552, 3, 148.05, 146.994, 20.8982, 6.26573, 7200, 7200, 0, 0, 0, 0), -- creature_spawn_entry
(@CGUID+68, 20883, 552, 3, 199.46, 154.953, 22.3714, 3.95347, 7200, 7200, 0, 0, 0, 2), -- Spiteful Temptress
-- PLEASE RE-USE 69
(@CGUID+70, 20885, 552, 3, 137.234, 128.506, 22.5245, 1.01229, 86400, 86400, 0, 0, 0, 0), -- Dalliah the Doomsayer
(@CGUID+71, 20886, 552, 3, 136.2, 168.31, 22.5245, 5.23599, 86400, 86400, 0, 0, 0, 0), -- Wrath-Scryer Soccothrates
(@CGUID+72, 20896, 552, 3, 433.027, 6.10896, 48.2954, 2.87979, 7200, 7200, 0, 0, 0, 0), -- Ethereum Slayer
(@CGUID+73, 20896, 552, 3, 429.812, 12.0886, 48.2949, 5.20108, 7200, 7200, 0, 0, 0, 0), -- Ethereum Slayer
(@CGUID+74, 20896, 552, 3, 457.725, 37.7515, 50.8465, 2.77771, 7200, 7200, 5, 0, 0, 2), -- Ethereum Slayer
(@CGUID+75, 20896, 552, 3, 458.313, 41.8073, 50.808, 1.93433, 7200, 7200, 0, 0, 0, 0), -- Ethereum Slayer
(@CGUID+76, 20897, 552, 3, 434.228, 9.77371, 48.2944, 3.57792, 7200, 7200, 0, 0, 0, 0), -- Ethereum Wave-Caster
(@CGUID+77, 20897, 552, 3, 461.361, 39.6362, 50.7995, 2.68896, 7200, 7200, 0, 0, 0, 0), -- Ethereum Wave-Caster
(@CGUID+78, 20898, 552, 3, 446.439, -77.5545, 48.3954, 1.57296, 7200, 7200, 5, 0, 0, 2), -- Gargantuan Abyssal
(@CGUID+79, 20898, 552, 3, 452.778, -136.182, 43.1001, 5.45005, 7200, 7200, 5, 0, 0, 1), -- Gargantuan Abyssal
(@CGUID+80, 20900, 552, 3, 429.11, -156.501, 43.0686, 1.99487, 7200, 7200, 5, 0, 0, 1), -- Unchained Doombringer
(@CGUID+81, 20900, 552, 3, 432.257, -114.243, 43.1834, 1.13446, 7200, 7200, 0, 0, 0, 0), -- Unchained Doombringer
(@CGUID+82, 20901, 552, 3, 431.237, -72.8754, 48.4787, 0.174533, 7200, 7200, 0, 0, 0, 0), -- Sargeron Archer
(@CGUID+83, 20901, 552, 3, 460.864, -74.1793, 48.4787, 2.94961, 7200, 7200, 0, 0, 0, 0), -- Sargeron Archer
(@CGUID+84, 20902, 552, 3, 436.245, -76.3012, 48.4787, 1.74533, 7200, 7200, 0, 0, 0, 0), -- Sargeron Hellcaller
(@CGUID+85, 20902, 552, 3, 457.611, -76.815, 48.4787, 1.09956, 7200, 7200, 0, 0, 0, 0), -- Sargeron Hellcaller
(@CGUID+86, 20904, 552, 3, 445.803, -169.007, 43.6442, 4.74729, 43200, 43200, 0, 0, 0, 0), -- Warden Mellichar
(@CGUID+87, 20978, 552, 3, 117.826, 198.081, 22.5245, 5.18363, 300, 300, 0, 0, 0, 0), -- Wrath-Scryer's Felfire
(@CGUID+88, 20978, 552, 3, 117.861, 198.068, 22.5245, 4.41568, 300, 300, 0, 0, 0, 0), -- Wrath-Scryer's Felfire
(@CGUID+89, 20978, 552, 3, 117.914, 198.068, 22.5245, 1.46608, 300, 300, 0, 0, 0, 0), -- Wrath-Scryer's Felfire
(@CGUID+90, 20978, 552, 3, 117.75, 198.164, 22.5245, 3.735, 300, 300, 0, 0, 0, 0), -- Wrath-Scryer's Felfire
(@CGUID+91, 20978, 552, 3, 117.868, 198.278, 22.5245, 1.97222, 300, 300, 0, 0, 0, 0), -- Wrath-Scryer's Felfire
(@CGUID+92, 20978, 552, 3, 117.959, 198.309, 22.5245, 1.65806, 300, 300, 0, 0, 0, 0), -- Wrath-Scryer's Felfire
(@CGUID+93, 21186, 552, 3, 115.734, -1.29285, -10.0188, 0.261799, 7200, 7200, 0, 0, 0, 0), -- Arcane Warder Target
(@CGUID+94, 21186, 552, 3, 114.841, 2.44889, -10.0188, 2.98451, 7200, 7200, 0, 0, 0, 0), -- Arcane Warder Target
(@CGUID+95, 21186, 552, 3, 118.098, 0.268171, -10.0188, 1.69297, 7200, 7200, 0, 0, 0, 0), -- Arcane Warder Target
(@CGUID+96, 21303, 552, 3, 197.795, -86.5381, -10.1018, 5.90384, 86400, 86400, 0, 0, 0, 0), -- Defender Corpse
(@CGUID+97, 21303, 552, 3, 206.342, -98.2784, -10.0262, 2.6529, 86400, 86400, 0, 0, 0, 0), -- Defender Corpse
(@CGUID+98, 21303, 552, 3, 213.626, -161.424, -10.0346, 2.74017, 86400, 86400, 0, 0, 0, 0), -- Defender Corpse
(@CGUID+99, 21303, 552, 3, 273.438, -64.07, 22.4534, 22.4534, 86400, 86400, 0, 0, 0, 0), -- Defender Corpse
(@CGUID+100, 21303, 552, 3, 270.819, -45.4794, 22.4534, 4.46804, 86400, 86400, 0, 0, 0, 0), -- Defender Corpse
(@CGUID+101, 21303, 552, 3, 226.184, -162.096, -10.0352, 0.349066, 86400, 86400, 0, 0, 0, 0), -- Defender Corpse
(@CGUID+102, 21303, 552, 3, 245.982, -194.617, -10.0217, 0.872665, 86400, 86400, 0, 0, 0, 0), -- Defender Corpse
(@CGUID+103, 21303, 552, 3, 285.416, 127.127, 22.2951, 4.69494, 86400, 86400, 0, 0, 0, 0), -- Defender Corpse
(@CGUID+104, 21303, 552, 3, 253.689, 139.868, 22.4121, 2.30383, 86400, 86400, 0, 0, 0, 0), -- Defender Corpse
(@CGUID+105, 21303, 552, 3, 253.951, 155.001, 22.3806, 4.93928, 86400, 86400, 0, 0, 0, 0), -- Defender Corpse
(@CGUID+106, 21303, 552, 3, 298.848, 151.748, 22.3105, 5.70723, 86400, 86400, 0, 0, 0, 0), -- Defender Corpse
(@CGUID+107, 21303, 552, 3, 306.976, 141.112, 22.2286, 3.0285, 86400, 86400, 0, 0, 0, 0), -- Defender Corpse
(@CGUID+108, 21303, 552, 3, 272.501, -40.1927, 22.509, 2.9147, 86400, 86400, 0, 0, 0, 0), -- Defender Corpse
(@CGUID+109, 21303, 552, 3, 232.754, -198.125, -10.023, 5.61996, 86400, 86400, 0, 0, 0, 0), -- Defender Corpse
(@CGUID+110, 21303, 552, 3, 262.56, -65.5981, 22.4534, 1.50098, 86400, 86400, 0, 0, 0, 0), -- Defender Corpse
(@CGUID+111, 21303, 552, 3, 312.929, -7.19062, 22.5245, 4.03171, 86400, 86400, 0, 0, 0, 0), -- Defender Corpse
(@CGUID+112, 21303, 552, 3, 311.119, -5.50369, 22.5245, 1.5708, 86400, 86400, 0, 0, 0, 0), -- Defender Corpse
(@CGUID+113, 21303, 552, 3, 293.885, 70.9368, 22.5262, 1.55334, 86400, 86400, 0, 0, 0, 0), -- Defender Corpse
(@CGUID+114, 21303, 552, 3, 291.632, 70.5809, 22.5269, 2.00713, 86400, 86400, 0, 0, 0, 0), -- Defender Corpse
(@CGUID+115, 21303, 552, 3, 397.07, 25.3331, 48.296, 0.523599, 86400, 86400, 0, 0, 0, 0), -- Defender Corpse
(@CGUID+116, 21303, 552, 3, 392.004, 18.3857, 48.296, 1.48353, 86400, 86400, 0, 0, 0, 0), -- Defender Corpse
(@CGUID+117, 21303, 552, 3, 257.344, 155.568, 22.3321, 4.71239, 86400, 86400, 0, 0, 0, 0), -- Defender Corpse
(@CGUID+118, 21304, 552, 3, 197.795, -86.5381, -10.1018, 5.90384, 86400, 86400, 0, 0, 0, 0), -- Warder Corpse
(@CGUID+119, 21304, 552, 3, 206.342, -98.2784, -10.0262, 2.6529, 86400, 86400, 0, 0, 0, 0), -- Warder Corpse
(@CGUID+120, 21304, 552, 3, 213.626, -161.424, -10.0346, 2.74017, 86400, 86400, 0, 0, 0, 0), -- Warder Corpse
(@CGUID+121, 21304, 552, 3, 273.438, -64.07, 22.4534, 22.4534, 86400, 86400, 0, 0, 0, 0), -- Warder Corpse
(@CGUID+122, 21304, 552, 3, 270.819, -45.4794, 22.4534, 4.46804, 86400, 86400, 0, 0, 0, 0), -- Warder Corpse
(@CGUID+123, 21304, 552, 3, 226.184, -162.096, -10.0352, 0.349066, 86400, 86400, 0, 0, 0, 0), -- Warder Corpse
(@CGUID+124, 21304, 552, 3, 245.982, -194.617, -10.0217, 0.872665, 86400, 86400, 0, 0, 0, 0), -- Warder Corpse
(@CGUID+125, 21304, 552, 3, 285.416, 127.127, 22.2951, 4.69494, 86400, 86400, 0, 0, 0, 0), -- Warder Corpse
(@CGUID+126, 21304, 552, 3, 253.689, 139.868, 22.4121, 2.30383, 86400, 86400, 0, 0, 0, 0), -- Warder Corpse
(@CGUID+127, 21304, 552, 3, 253.951, 155.001, 22.3806, 4.93928, 86400, 86400, 0, 0, 0, 0), -- Warder Corpse
(@CGUID+128, 21304, 552, 3, 298.848, 151.748, 22.3105, 5.70723, 86400, 86400, 0, 0, 0, 0), -- Warder Corpse
(@CGUID+129, 21304, 552, 3, 306.976, 141.112, 22.2286, 3.0285, 86400, 86400, 0, 0, 0, 0), -- Warder Corpse
(@CGUID+130, 21304, 552, 3, 272.501, -40.1927, 22.509, 2.9147, 86400, 86400, 0, 0, 0, 0), -- Warder Corpse
(@CGUID+131, 21304, 552, 3, 232.754, -198.125, -10.023, 5.61996, 86400, 86400, 0, 0, 0, 0), -- Warder Corpse
(@CGUID+132, 21304, 552, 3, 262.56, -65.5981, 22.4534, 1.50098, 86400, 86400, 0, 0, 0, 0), -- Warder Corpse
(@CGUID+133, 21304, 552, 3, 312.929, -7.19062, 22.5245, 4.03171, 86400, 86400, 0, 0, 0, 0), -- Warder Corpse
(@CGUID+134, 21304, 552, 3, 311.119, -5.50369, 22.5245, 1.5708, 86400, 86400, 0, 0, 0, 0), -- Warder Corpse
(@CGUID+135, 21304, 552, 3, 293.885, 70.9368, 22.5262, 1.55334, 86400, 86400, 0, 0, 0, 0), -- Warder Corpse
(@CGUID+136, 21304, 552, 3, 291.632, 70.5809, 22.5269, 2.00713, 86400, 86400, 0, 0, 0, 0), -- Warder Corpse
(@CGUID+137, 21304, 552, 3, 397.07, 25.3331, 48.296, 0.523599, 86400, 86400, 0, 0, 0, 0), -- Warder Corpse
(@CGUID+138, 21304, 552, 3, 392.004, 18.3857, 48.296, 1.48353, 86400, 86400, 0, 0, 0, 0), -- Warder Corpse
(@CGUID+139, 21304, 552, 3, 257.344, 155.568, 22.3321, 4.71239, 86400, 86400, 0, 0, 0, 0), -- Warder Corpse
(@CGUID+140, 21436, 552, 3, 478.326, -148.505, 55.2775, 2.54818, 7200, 7200, 0, 0, 0, 0), -- Tempest Keep Prison Alpha Pod Target
(@CGUID+141, 21437, 552, 3, 413.292, -148.378, 54.8771, 0.296706, 7200, 7200, 0, 0, 0, 0), -- Tempest Keep Prison Beta Pod Target
(@CGUID+142, 21438, 552, 3, 420.179, -174.396, 54.8305, 0.087266, 7200, 7200, 0, 0, 0, 0), -- Tempest Keep Prison Delta Pod Target
(@CGUID+143, 21439, 552, 3, 471.795, -174.58, 55.0008, 2.87979, 7200, 7200, 0, 0, 0, 0), -- Tempest Keep Prison Gamma Pod Target
(@CGUID+144, 21440, 552, 3, 445.763, -191.639, 57.5766, 3.9619, 7200, 7200, 0, 0, 0, 0), -- Tempest Keep Prison Boss Pod Target
(@CGUID+145, 21702, 552, 3, 429.409, 7.09051, 48.2896, 1.23918, 7200, 7200, 0, 0, 0, 0), -- Ethereum Life-Binder
(@CGUID+146, 21702, 552, 3, 460.075, 36.9325, 50.8465, 2.89159, 7200, 7200, 0, 0, 0, 0), -- Ethereum Life-Binder
(@CGUID+147, 21962, 552, 3, 468.6516, 12.2102, 49.38526, 1.291544, 7200, 7200, 0, 0, 0, 0), -- Udalo
(@CGUID+148, 20882, 552, 3, 193.005005, 147.296600, 22.441151, 6.204718, 7200, 7200, 10, 0, 0, 1), -- Skulking Witch
(@CGUID+149, 20882, 552, 3, 164.571, 164.083, 22.4412, 5.65782, 7200, 7200, 0, 0, 0, 2), -- Skulking Witch
(@CGUID+150, 20882, 552, 3, 123.33, 146.789, 22.4412, 0.00192785, 7200, 7200, 0, 0, 0, 2); -- Skulking Witch

-- ======
-- EVENTS
-- ======

-- INSERT INTO `game_event_creature` (`guid`, `event`) VALUES
-- INSERT INTO `game_event_creature_data` (`guid`, `entry_id`, `modelid`, `equipment_id`, `spell_start`, `spell_end`, `event`) VALUES
-- INSERT INTO `game_event_gameobject` (`guid`, `event`) VALUES

-- =======
-- POOLING
-- =======

INSERT INTO `pool_pool` (`pool_id`, `mother_pool`, `chance`, `description`) VALUES
(@PGUID+1, @PGUID+23, 0, 'Arcatraz - Warder/Defender Corpses - Pool 1'),
(@PGUID+2, @PGUID+23, 0, 'Arcatraz - Warder/Defender Corpses - Pool 2'),
(@PGUID+3, @PGUID+23, 0, 'Arcatraz - Warder/Defender Corpses - Pool 3'),
(@PGUID+4, @PGUID+23, 0, 'Arcatraz - Warder/Defender Corpses - Pool 4'),
(@PGUID+5, @PGUID+23, 0, 'Arcatraz - Warder/Defender Corpses - Pool 5'),
(@PGUID+6, @PGUID+23, 0, 'Arcatraz - Warder/Defender Corpses - Pool 6'),
(@PGUID+7, @PGUID+23, 0, 'Arcatraz - Warder/Defender Corpses - Pool 7'),
(@PGUID+8, @PGUID+23, 0, 'Arcatraz - Warder/Defender Corpses - Pool 8'),
(@PGUID+9, @PGUID+23, 0, 'Arcatraz - Warder/Defender Corpses - Pool 9'),
(@PGUID+10, @PGUID+23, 0, 'Arcatraz - Warder/Defender Corpses - Pool 10'),
(@PGUID+11, @PGUID+23, 0, 'Arcatraz - Warder/Defender Corpses - Pool 11'),
(@PGUID+12, @PGUID+23, 0, 'Arcatraz - Warder/Defender Corpses - Pool 12'),
(@PGUID+13, @PGUID+23, 0, 'Arcatraz - Warder/Defender Corpses - Pool 13'),
(@PGUID+14, @PGUID+23, 0, 'Arcatraz - Warder/Defender Corpses - Pool 14'),
(@PGUID+15, @PGUID+23, 0, 'Arcatraz - Warder/Defender Corpses - Pool 15'),
(@PGUID+16, @PGUID+23, 0, 'Arcatraz - Warder/Defender Corpses - Pool 16'),
(@PGUID+17, @PGUID+23, 0, 'Arcatraz - Warder/Defender Corpses - Pool 17'),
(@PGUID+18, @PGUID+23, 0, 'Arcatraz - Warder/Defender Corpses - Pool 18'),
(@PGUID+19, @PGUID+23, 0, 'Arcatraz - Warder/Defender Corpses - Pool 19'),
(@PGUID+20, @PGUID+23, 0, 'Arcatraz - Warder/Defender Corpses - Pool 20'),
(@PGUID+21, @PGUID+23, 0, 'Arcatraz - Warder/Defender Corpses - Pool 21'),
(@PGUID+22, @PGUID+23, 0, 'Arcatraz - Warder/Defender Corpses - Pool 22');

INSERT INTO `pool_template` (`entry`, `max_limit`, `description`) VALUES
(@PGUID+1, 1, 'Arcatraz - Warder/Defender Corpses - Pool 1'),
(@PGUID+2, 1, 'Arcatraz - Warder/Defender Corpses - Pool 2'),
(@PGUID+3, 1, 'Arcatraz - Warder/Defender Corpses - Pool 3'),
(@PGUID+4, 1, 'Arcatraz - Warder/Defender Corpses - Pool 4'),
(@PGUID+5, 1, 'Arcatraz - Warder/Defender Corpses - Pool 5'),
(@PGUID+6, 1, 'Arcatraz - Warder/Defender Corpses - Pool 6'),
(@PGUID+7, 1, 'Arcatraz - Warder/Defender Corpses - Pool 7'),
(@PGUID+8, 1, 'Arcatraz - Warder/Defender Corpses - Pool 8'),
(@PGUID+9, 1, 'Arcatraz - Warder/Defender Corpses - Pool 9'),
(@PGUID+10, 1, 'Arcatraz - Warder/Defender Corpses - Pool 10'),
(@PGUID+11, 1, 'Arcatraz - Warder/Defender Corpses - Pool 11'),
(@PGUID+12, 1, 'Arcatraz - Warder/Defender Corpses - Pool 12'),
(@PGUID+13, 1, 'Arcatraz - Warder/Defender Corpses - Pool 13'),
(@PGUID+14, 1, 'Arcatraz - Warder/Defender Corpses - Pool 14'),
(@PGUID+15, 1, 'Arcatraz - Warder/Defender Corpses - Pool 15'),
(@PGUID+16, 1, 'Arcatraz - Warder/Defender Corpses - Pool 16'),
(@PGUID+17, 1, 'Arcatraz - Warder/Defender Corpses - Pool 17'),
(@PGUID+18, 1, 'Arcatraz - Warder/Defender Corpses - Pool 18'),
(@PGUID+19, 1, 'Arcatraz - Warder/Defender Corpses - Pool 19'),
(@PGUID+20, 1, 'Arcatraz - Warder/Defender Corpses - Pool 20'),
(@PGUID+21, 1, 'Arcatraz - Warder/Defender Corpses - Pool 21'),
(@PGUID+22, 1, 'Arcatraz - Warder/Defender Corpses - Pool 22'),
(@PGUID+23, 16, 'Arcatraz - Warder/Defender Corpses - Master Pool'),
(@PGUID+24, 2, 'Arcatraz - Skulking Witch - Pool');

INSERT INTO `pool_creature` (`guid`, `pool_entry`, `chance`, `description`) VALUES
(@CGUID+96, @PGUID+1, 0, 'Arcatraz - Defender Corpse - Pool 1'),
(@CGUID+118, @PGUID+1, 0, 'Arcatraz - Warder Corpse - Pool 1'),
(@CGUID+97, @PGUID+2, 0, 'Arcatraz - Defender Corpse - Pool 2'),
(@CGUID+119, @PGUID+2, 0, 'Arcatraz - Warder Corpse - Pool 2'),
(@CGUID+98, @PGUID+3, 0, 'Arcatraz - Defender Corpse - Pool 3'),
(@CGUID+120, @PGUID+3, 0, 'Arcatraz - Warder Corpse - Pool 3'),
(@CGUID+99, @PGUID+4, 0, 'Arcatraz - Defender Corpse - Pool 4'),
(@CGUID+121, @PGUID+4, 0, 'Arcatraz - Warder Corpse - Pool 4'),
(@CGUID+100, @PGUID+5, 0, 'Arcatraz - Defender Corpse - Pool 5'),
(@CGUID+122, @PGUID+5, 0, 'Arcatraz - Warder Corpse - Pool 5'),
(@CGUID+101, @PGUID+6, 0, 'Arcatraz - Defender Corpse - Pool 6'),
(@CGUID+123, @PGUID+6, 0, 'Arcatraz - Warder Corpse - Pool 6'),
(@CGUID+102, @PGUID+7, 0, 'Arcatraz - Defender Corpse - Pool 7'),
(@CGUID+124, @PGUID+7, 0, 'Arcatraz - Warder Corpse - Pool 7'),
(@CGUID+103, @PGUID+8, 0, 'Arcatraz - Defender Corpse - Pool 8'),
(@CGUID+125, @PGUID+8, 0, 'Arcatraz - Warder Corpse - Pool 8'),
(@CGUID+104, @PGUID+9, 0, 'Arcatraz - Defender Corpse - Pool 9'),
(@CGUID+126, @PGUID+9, 0, 'Arcatraz - Warder Corpse - Pool 9'),
(@CGUID+105, @PGUID+10, 0, 'Arcatraz - Defender Corpse - Pool 10'),
(@CGUID+127, @PGUID+10, 0, 'Arcatraz - Warder Corpse - Pool 10'),
(@CGUID+106, @PGUID+11, 0, 'Arcatraz - Defender Corpse - Pool 11'),
(@CGUID+128, @PGUID+11, 0, 'Arcatraz - Warder Corpse - Pool 11'),
(@CGUID+107, @PGUID+12, 0, 'Arcatraz - Defender Corpse - Pool 12'),
(@CGUID+129, @PGUID+12, 0, 'Arcatraz - Warder Corpse - Pool 12'),
(@CGUID+108, @PGUID+13, 0, 'Arcatraz - Defender Corpse - Pool 13'),
(@CGUID+130, @PGUID+13, 0, 'Arcatraz - Warder Corpse - Pool 13'),
(@CGUID+109, @PGUID+14, 0, 'Arcatraz - Defender Corpse - Pool 14'),
(@CGUID+131, @PGUID+14, 0, 'Arcatraz - Warder Corpse - Pool 14'),
(@CGUID+110, @PGUID+15, 0, 'Arcatraz - Defender Corpse - Pool 15'),
(@CGUID+132, @PGUID+15, 0, 'Arcatraz - Warder Corpse - Pool 15'),
(@CGUID+111, @PGUID+16, 0, 'Arcatraz - Defender Corpse - Pool 16'),
(@CGUID+133, @PGUID+16, 0, 'Arcatraz - Warder Corpse - Pool 16'),
(@CGUID+112, @PGUID+17, 0, 'Arcatraz - Defender Corpse - Pool 17'),
(@CGUID+134, @PGUID+17, 0, 'Arcatraz - Warder Corpse - Pool 17'),
(@CGUID+113, @PGUID+18, 0, 'Arcatraz - Defender Corpse - Pool 18'),
(@CGUID+135, @PGUID+18, 0, 'Arcatraz - Warder Corpse - Pool 18'),
(@CGUID+114, @PGUID+19, 0, 'Arcatraz - Defender Corpse - Pool 19'),
(@CGUID+136, @PGUID+19, 0, 'Arcatraz - Warder Corpse - Pool 19'),
(@CGUID+115, @PGUID+20, 0, 'Arcatraz - Defender Corpse - Pool 20'),
(@CGUID+137, @PGUID+20, 0, 'Arcatraz - Warder Corpse - Pool 20'),
(@CGUID+116, @PGUID+21, 0, 'Arcatraz - Defender Corpse - Pool 21'),
(@CGUID+138, @PGUID+21, 0, 'Arcatraz - Warder Corpse - Pool 21'),
(@CGUID+117, @PGUID+22, 0, 'Arcatraz - Defender Corpse - Pool 22'),
(@CGUID+139, @PGUID+22, 0, 'Arcatraz - Warder Corpse - Pool 22'),
(@CGUID+148, @PGUID+24, 0, 'Arcatraz - Skulking Witch - Pool'),
(@CGUID+149, @PGUID+24, 0, 'Arcatraz - Skulking Witch - Pool'),
(@CGUID+150, @PGUID+24, 0, 'Arcatraz - Skulking Witch - Pool');

-- INSERT INTO `pool_gameobject` (`guid`, `pool_entry`, `chance`, `description`) VALUES
-- INSERT INTO `pool_gameobject_template` (`id`, `pool_entry`, `chance`, `description`) VALUES
-- INSERT INTO `pool_creature_template` (`id`, `pool_entry`, `chance`, `description`) VALUES

-- ===========
-- GAMEOBJECTS
-- ===========

INSERT INTO `gameobject` (`guid`, `id`, `map`, `spawnMask`, `position_x`, `position_y`, `position_z`, `orientation`, `rotation0`, `rotation1`, `rotation2`, `rotation3`, `spawntimesecsmin`, `spawntimesecsmax`, `animprogress`, `state`) VALUES
(@OGUID+1, 182198, 552, 3, 320.304, -21.8057, 22.4412, 1.8675, 0, 0, 0, 0, 86400, 86400, 100, 1), -- Arcane Container
(@OGUID+2, 183362, 552, 3, 439.832, 32.7644, 48.2747, -3.10335, 0, 0, 0, 0, 180, 180, 100, 1), -- Brazier
(@OGUID+3, 183363, 552, 3, 455.298, 16.4321, 48.2747, -3.10335, 0, 0, 0, 0, 180, 180, 100, 1), -- Brazier
(@OGUID+4, 183961, 552, 3, 484.1, -150.403, 61.5632, -0.436333, 0, 0, 0, 0, 180, 180, 100, 1), -- Stasis Pod Alpha
(@OGUID+5, 183962, 552, 3, 477.488, -174.455, 61.5633, -0.087266, 0, 0, 0, 0, 43200, 43200, 100, 1), -- Stasis Pod Gamma
(@OGUID+6, 183963, 552, 3, 407.962, -151.243, 61.5632, -2.70526, 0, 0, 0, 0, 180, 180, 100, 1), -- Stasis Pod Beta
(@OGUID+7, 183964, 552, 3, 414.255, -175.364, 61.5589, -3.05433, 0, 0, 0, 0, 180, 180, 100, 1), -- Stasis Pod Delta
(@OGUID+8, 183965, 552, 3, 445.835, -208.129, 73.9555, 3.14159, 0, 0, 0, 0, 43200, 43200, 100, 1), -- Stasis Pod Omega
(@OGUID+9, 184213, 552, 3, -3.77762, 0.178076, -1.55146, 3.14159, 0, 0, 0, 0, 0, 0, 0, 0), -- Instance_Portal_Difficulty_0
(@OGUID+10, 184214, 552, 3, -3.77762, 0.178076, -1.55146, 3.14159, 0, 0, 0, 0, 0, 0, 0, 0), -- Instance_Portal_Difficulty_1
(@OGUID+11, 184318, 552, 3, 199.827, 117.488, 23.8766, 3.14159, 0, 0, 0, 0, 43200, 43200, 100, 1), -- Containment Core Security Field Alpha
(@OGUID+12, 184319, 552, 3, 199.911, 102.009, 23.6937, 3.14159, 0, 0, 0, 0, 43200, 43200, 100, 1), -- Containment Core Security Field Beta
(@OGUID+13, 184802, 552, 3, 445.786, -169.263, 43.0466, -0.558505, 0, 0, 0, 0, 43200, 43200, 100, 0); -- Warden's Shield

-- =========
-- DBSCRIPTS
-- =========

DELETE FROM dbscripts_on_creature_movement WHERE id IN (7945901,7946601,7946701,7948501,7952001,2086501);
INSERT INTO `dbscripts_on_creature_movement` (`id`, `delay`, `command`, `datalong`, `datalong2`, `datalong3`, `buddy_entry`, `search_radius`, `data_flags`, `dataint`, `dataint2`, `dataint3`, `dataint4`, `x`, `y`, `z`, `o`, `comments`) VALUES
(7945901, 0, 25, 1, 0, 0, 0, 0, 0, 0, 0, 0, 0, 0, 0, 0, 0, 'Protean Horror (Arcatraz) RUN ON'),
(7946601, 0, 25, 1, 0, 0, 0, 0, 0, 0, 0, 0, 0, 0, 0, 0, 0, 'Protean Horror (Arcatraz) RUN ON'),
(7946701, 0, 25, 1, 0, 0, 0, 0, 0, 0, 0, 0, 0, 0, 0, 0, 0, 'Protean Horror (Arcatraz) RUN ON'),
(7948501, 0, 25, 1, 0, 0, 0, 0, 0, 0, 0, 0, 0, 0, 0, 0, 0, 'Protean Horror (Arcatraz) RUN ON'),
(7952001, 0, 25, 1, 0, 0, 0, 0, 0, 0, 0, 0, 0, 0, 0, 0, 0, 'Protean Horror (Arcatraz) RUN ON'),

(2086501, 0, 2, 46, 0, 0, 0, 0, 0, 0, 0, 0, 0, 0, 0, 0, 0, 'Protean Horror - Set UnitFlags to 0');

-- INSERT INTO `dbscripts_on_go_use` (`id`, `delay`, `command`, `datalong`, `datalong2`, `datalong3`, `buddy_entry`, `search_radius`, `data_flags`, `dataint`, `dataint2`, `dataint3`, `dataint4`, `x`, `y`, `z`, `o`, `comments`) VALUES
-- INSERT INTO `dbscripts_on_go_template_use` (`id`, `delay`, `command`, `datalong`, `datalong2`, `datalong3`, `buddy_entry`, `search_radius`, `data_flags`, `dataint`, `dataint2`, `dataint3`, `dataint4`, `x`, `y`, `z`, `o`, `comments`) VALUES
-- INSERT INTO `dbscripts_on_creature_death` (`id`, `delay`, `command`, `datalong`, `datalong2`, `datalong3`, `buddy_entry`, `search_radius`, `data_flags`, `dataint`, `dataint2`, `dataint3`, `dataint4`, `x`, `y`, `z`, `o`, `comments`) VALUES
-- INSERT INTO `dbscripts_on_relay` (`id`, `delay`, `command`, `datalong`, `datalong2`, `datalong3`, `buddy_entry`, `search_radius`, `data_flags`, `dataint`, `dataint2`, `dataint3`, `dataint4`, `x`, `y`, `z`, `o`, `comments`) VALUES
-- INSERT INTO `dbscripts_on_event` (`id`, `delay`, `command`, `datalong`, `datalong2`, `datalong3`, `buddy_entry`, `search_radius`, `data_flags`, `dataint`, `dataint2`, `dataint3`, `dataint4`, `x`, `y`, `z`, `o`, `comments`) VALUES
-- INSERT INTO `dbscripts_on_spell` (`id`, `delay`, `command`, `datalong`, `datalong2`, `datalong3`, `buddy_entry`, `search_radius`, `data_flags`, `dataint`, `dataint2`, `dataint3`, `dataint4`, `x`, `y`, `z`, `o`, `comments`) VALUES
-- INSERT INTO `dbscripts_on_gossip` (`id`, `delay`, `command`, `datalong`, `datalong2`, `datalong3`, `buddy_entry`, `search_radius`, `data_flags`, `dataint`, `dataint2`, `dataint3`, `dataint4`, `x`, `y`, `z`, `o`, `comments`) VALUES
-- INSERT INTO `dbscripts_on_quest_start` (`id`, `delay`, `command`, `datalong`, `datalong2`, `datalong3`, `buddy_entry`, `search_radius`, `data_flags`, `dataint`, `dataint2`, `dataint3`, `dataint4`, `x`, `y`, `z`, `o`, `comments`) VALUES
-- INSERT INTO `dbscripts_on_quest_end` (`id`, `delay`, `command`, `datalong`, `datalong2`, `datalong3`, `buddy_entry`, `search_radius`, `data_flags`, `dataint`, `dataint2`, `dataint3`, `dataint4`, `x`, `y`, `z`, `o`, `comments`) VALUES
-- INSERT INTO `dbscript_string` (`entry`, `content_default`, `sound`, `type`, `language`, `emote`, `comment`) VALUES
-- INSERT INTO `dbscript_random_templates` (`id`, `type`, `target_id`, `chance`, `comments`) VALUES


