/* DBScriptData
DBName: Sunwell Plateau
DBScriptName: instance_sunwell_plateau
DB%Complete: 85
DBComment:
* Sunblade Scout AI
* Sunblade Protector AI
Shadowsword Deathbringers 25485 spawned by spell 46245 cast by Shadowsword Commander @CGUID+316 on spawn EVERY 50 seconds.
The Shadowsword Deathbringer will aggro to the closest player on spawn and run to him/her.
Issues:
Spell 46319 http://www.wowhead.com/spell=46319/felblood-channel is a 15 second channelled spell which is not ending after 15 seconds.
Doodad_Sunwell_Ice_Barrier01 Entry: 188119 Should activate when area trigger activates script for Brutallus. Brutallus should shatter the ice barrier in his script.
Add Serverside Taunt Hit Chance 45210, ss.47067
EndDBScriptData */

SET @CGUID := 5800000; -- creatures
SET @OGUID := 5800000; -- gameobjects
SET @PGUID := 50000; -- pools

-- =========
-- CREATURES
-- =========

INSERT INTO `creature_movement` (`id`, `point`, `position_x`, `position_y`, `position_z`, `orientation`, `waittime`, `script_id`) VALUES
-- Pathing for Sunblade Vindicator Entry: 25369
(@CGUID+99, 1, 1612.504, 1069.74, 36.54088, 0, 0, 0),
(@CGUID+99, 2, 1623.098, 1084.906, 38.59561, 0, 0, 0),
(@CGUID+99, 3, 1636.604, 1093.099, 41.89016, 0, 0, 0),
(@CGUID+99, 4, 1646.123, 1094.137, 44.31969, 0, 0, 0),
(@CGUID+99, 5, 1662.944, 1095.168, 47.95127, 0, 0, 0),
(@CGUID+99, 6, 1680.21, 1095.865, 51.14401, 0, 0, 0),
(@CGUID+99, 7, 1689.766, 1096.077, 52.76806, 0, 0, 0),
(@CGUID+99, 8, 1706.036, 1095.975, 52.78514, 0, 0, 0),
(@CGUID+99, 9, 1722.817, 1095.916, 52.76872, 0, 0, 0),
(@CGUID+99, 10, 1737.716, 1094.958, 50.69076, 0, 0, 0),
(@CGUID+99, 11, 1758.963, 1094.388, 46.62092, 0, 0, 0),
(@CGUID+99, 12, 1776.157, 1091.317, 42.73067, 0, 0, 0),
(@CGUID+99, 13, 1795.451, 1079.286, 37.95823, 0, 0, 0),
(@CGUID+99, 14, 1802.001, 1065.321, 36.41524, 0, 0, 0),
(@CGUID+99, 15, 1803.239, 1049.792, 35.75908, 0, 0, 0),
(@CGUID+99, 16, 1802.001, 1065.321, 36.41524, 0, 0, 0),
(@CGUID+99, 17, 1795.451, 1079.286, 37.95823, 0, 0, 0),
(@CGUID+99, 18, 1776.157, 1091.317, 42.73067, 0, 0, 0),
(@CGUID+99, 19, 1759.162, 1094.353, 46.57588, 0, 0, 0),
(@CGUID+99, 20, 1737.716, 1094.958, 50.69076, 0, 0, 0),
(@CGUID+99, 21, 1722.817, 1095.916, 52.76872, 0, 0, 0),
(@CGUID+99, 22, 1706.036, 1095.975, 52.78514, 0, 0, 0),
(@CGUID+99, 23, 1689.766, 1096.077, 52.76806, 0, 0, 0),
(@CGUID+99, 24, 1680.21, 1095.865, 51.14401, 0, 0, 0),
(@CGUID+99, 25, 1662.944, 1095.168, 47.95127, 0, 0, 0),
(@CGUID+99, 26, 1646.288, 1094.155, 44.35245, 0, 0, 0),
(@CGUID+99, 27, 1636.604, 1093.099, 41.89016, 0, 0, 0),
(@CGUID+99, 28, 1623.098, 1084.906, 38.59561, 0, 0, 0),
(@CGUID+99, 29, 1612.504, 1069.74, 36.54088, 0, 0, 0),
(@CGUID+99, 30, 1611.199, 1059.485, 35.99176, 0, 0, 0),
(@CGUID+99, 31, 1611.313, 1049.952, 35.64724, 0, 0, 0),
(@CGUID+99, 32, 1611.199, 1059.485, 35.99176, 0, 0, 0),
-- Pathing for Sunblade Vindicator Entry: 25369
(@CGUID+102, 1, 1647.324, 996.7984, 16.10431, 0, 0, 0),
(@CGUID+102, 2, 1651.942, 1013.945, 16.11007, 0, 0, 0),
(@CGUID+102, 3, 1657.114, 1022.965, 16.11007, 0, 0, 0),
(@CGUID+102, 4, 1662.921, 1031.976, 16.11007, 0, 0, 0),
(@CGUID+102, 5, 1671.689, 1044.911, 16.11073, 0, 0, 0),
(@CGUID+102, 6, 1688.925, 1056.034, 16.11073, 0, 0, 0),
(@CGUID+102, 7, 1698.74, 1058.056, 18.02951, 0, 0, 0),
(@CGUID+102, 8, 1712.989, 1058.221, 18.02951, 0, 0, 0),
(@CGUID+102, 9, 1732.618, 1055.407, 16.11051, 0, 0, 0),
(@CGUID+102, 10, 1743.39, 1041.823, 16.10991, 0, 0, 0),
(@CGUID+102, 11, 1756.496, 1019.775, 16.11079, 0, 0, 0),
(@CGUID+102, 12, 1776.512, 986.125, 16.11079, 0, 0, 0),
(@CGUID+102, 13, 1756.496, 1019.775, 16.11079, 0, 0, 0),
(@CGUID+102, 14, 1743.39, 1041.823, 16.10991, 0, 0, 0),
(@CGUID+102, 15, 1732.618, 1055.407, 16.11051, 0, 0, 0),
(@CGUID+102, 16, 1712.989, 1058.221, 18.02951, 0, 0, 0),
(@CGUID+102, 17, 1698.74, 1058.056, 18.02951, 0, 0, 0),
(@CGUID+102, 18, 1688.925, 1056.034, 16.11073, 0, 0, 0),
(@CGUID+102, 19, 1671.689, 1044.911, 16.11073, 0, 0, 0),
(@CGUID+102, 20, 1662.921, 1031.976, 16.11007, 0, 0, 0),
(@CGUID+102, 21, 1657.114, 1022.965, 16.11007, 0, 0, 0),
(@CGUID+102, 22, 1651.942, 1013.945, 16.11007, 0, 0, 0),
(@CGUID+102, 23, 1647.324, 996.7984, 16.10431, 0, 0, 0),
(@CGUID+102, 24, 1646.149, 978.1148, 16.10431, 0, 0, 0),
(@CGUID+102, 25, 1646.284, 964.768, 16.1043, 0, 0, 0),
(@CGUID+102, 26, 1646.149, 978.1148, 16.10431, 0, 0, 0),
-- Pathing for Sunblade Vindicator Entry: 25369
(@CGUID+110, 1, 1752.846, 836.4012, 33.92809, 0, 0, 0),
(@CGUID+110, 2, 1733.849, 836.577, 33.92806, 0, 0, 0),
(@CGUID+110, 3, 1714.563, 836.6511, 35.55497, 0, 0, 0),
(@CGUID+110, 4, 1694.059, 837.0853, 35.56247, 0, 0, 0),
(@CGUID+110, 5, 1658.319, 838.1326, 33.92808, 0, 0, 0),
(@CGUID+110, 6, 1637.456, 838.439, 35.3343, 0, 0, 0),
(@CGUID+110, 7, 1624.532, 840.1978, 36.07137, 0, 0, 0),
(@CGUID+110, 8, 1617.169, 849.7756, 36.07135, 0, 0, 0),
(@CGUID+110, 9, 1610.096, 858.7788, 36.07133, 0, 0, 0),
(@CGUID+110, 10, 1607.275, 866.5177, 36.33961, 0, 0, 0),
(@CGUID+110, 11, 1606.87, 884.1786, 35.57532, 0, 0, 0),
(@CGUID+110, 12, 1606.955, 907.5817, 35.57426, 0, 0, 0),
(@CGUID+110, 13, 1607.656, 933.418, 35.57269, 0, 0, 0),
(@CGUID+110, 14, 1608.352, 957.584, 35.57119, 0, 0, 0),
(@CGUID+110, 15, 1608.94, 987.1241, 35.57898, 0, 0, 0),
(@CGUID+110, 16, 1608.352, 957.584, 35.57119, 0, 0, 0),
(@CGUID+110, 17, 1607.656, 933.418, 35.57269, 0, 0, 0),
(@CGUID+110, 18, 1606.955, 907.5817, 35.57426, 0, 0, 0),
(@CGUID+110, 19, 1606.87, 884.1786, 35.57532, 0, 0, 0),
(@CGUID+110, 20, 1607.275, 866.5177, 36.33961, 0, 0, 0),
(@CGUID+110, 21, 1610.096, 858.7788, 36.07133, 0, 0, 0),
(@CGUID+110, 22, 1617.169, 849.7756, 36.07135, 0, 0, 0),
(@CGUID+110, 23, 1624.486, 840.2041, 36.07137, 0, 0, 0),
(@CGUID+110, 24, 1637.412, 838.4397, 35.4757, 0, 0, 0),
(@CGUID+110, 25, 1658.319, 838.1326, 33.92808, 0, 0, 0),
(@CGUID+110, 26, 1694.059, 837.0853, 35.56247, 0, 0, 0),
(@CGUID+110, 27, 1714.563, 836.6511, 35.55497, 0, 0, 0),
(@CGUID+110, 28, 1733.849, 836.577, 33.92806, 0, 0, 0),
(@CGUID+110, 29, 1752.846, 836.4012, 33.92809, 0, 0, 0),
(@CGUID+110, 30, 1768.207, 836.3605, 35.1517, 0, 0, 0),
-- Scripting for Sunblade Cabalist Entry: 25363
(@CGUID+78, 1, 1808.752, 845.2795, 36.1014, 3.787364, 63000, 2536301),
(@CGUID+78, 2, 1808.752, 845.2795, 36.1014, 3.787364, 42000, 2536301),
(@CGUID+78, 3, 1808.752, 845.2795, 36.1014, 3.787364, 83000, 2536301),
(@CGUID+78, 4, 1808.752, 845.2795, 36.1014, 3.787364, 22000, 2536301),
-- Scripting for Sunblade Arch Mage Entry: 25367
(@CGUID+93, 1, 1789.789, 830.6739, 36.1109, 0.6806784, 1000, 2536701),
(@CGUID+93, 2, 1789.789, 830.6739, 36.1109, 0.6806784, 40000, 2536701),
(@CGUID+93, 3, 1789.789, 830.6739, 36.1109, 0.6806784, 19000, 2536701),
(@CGUID+93, 4, 1789.789, 830.6739, 36.1109, 0.6806784, 11000, 2536701),
-- Scripting for Sunblade Vindicator Entry: 25369
(@CGUID+112, 1, 1799.571, 851.0526, 36.11535, 4.625123, 67000, 2536901),
(@CGUID+112, 2, 1799.571, 851.0526, 36.11535, 4.625123, 7000, 2536901),
(@CGUID+112, 3, 1799.571, 851.0526, 36.11535, 4.625123, 26000, 2536901),
(@CGUID+112, 4, 1799.571, 851.0526, 36.11535, 4.625123, 86000, 2536901),
-- Scripting for Sunblade Dusk Priest Entry: 25370
(@CGUID+124, 1, 1800.934, 825.5906, 36.11398, 1.727876, 6000, 2537001),
(@CGUID+124, 2, 1800.934, 825.5906, 36.11398, 1.727876, 35000, 2537001),
(@CGUID+124, 3, 1800.934, 825.5906, 36.11398, 1.727876, 15000, 2537001),
(@CGUID+124, 4, 1800.934, 825.5906, 36.11398, 1.727876, 52000, 2537001),
-- Scripting for Sunblade Dawn Priest Entry: 25371
(@CGUID+143, 1, 1790.5, 844.5107, 36.09677, 5.811946, 27000, 2537101),
(@CGUID+143, 2, 1790.5, 844.5107, 36.09677, 5.811946, 6000, 2537101),
(@CGUID+143, 3, 1790.5, 844.5107, 36.09677, 5.811946, 5000, 2537101),
(@CGUID+143, 4, 1790.5, 844.5107, 36.09677, 5.811946, 10000, 2537101),
-- Scripting for Sunblade Dawn Priest Entry: 25371
(@CGUID+145, 1, 1809.878, 833.4017, 36.09933, 2.984513, 11000, 2537101),
(@CGUID+145, 2, 1809.878, 833.4017, 36.09933, 2.984513, 5000, 2537101),
(@CGUID+145, 3, 1809.878, 833.4017, 36.09933, 2.984513, 5000, 2537101),
(@CGUID+145, 4, 1809.878, 833.4017, 36.09933, 2.984513, 38000, 2537101),
-- Scripting for Sunblade Cabalist Entry: 25363
(@CGUID+69, 1, 1615.848, 831.3292, 36.15471, 2.321288, 63000, 2536301),
(@CGUID+69, 2, 1615.848, 831.3292, 36.15471, 2.321288, 42000, 2536301),
(@CGUID+69, 3, 1615.848, 831.3292, 36.15471, 2.321288, 83000, 2536301),
(@CGUID+69, 4, 1615.848, 831.3292, 36.15471, 2.321288, 22000, 2536301),
-- Scripting for Sunblade Arch Mage Entry: 25367
(@CGUID+80, 1, 1601.444, 852.2513, 36.15467, 5.270895, 1000, 2536701),
(@CGUID+80, 2, 1601.444, 852.2513, 36.15467, 5.270895, 40000, 2536701),
(@CGUID+80, 3, 1601.444, 852.2513, 36.15467, 5.270895, 19000, 2536701),
(@CGUID+80, 4, 1601.444, 852.2513, 36.15467, 5.270895, 11000, 2536701),
-- Scripting for Sunblade Vindicator Entry: 25369
(@CGUID+100, 1, 1620.703, 840.9047, 36.1547, 3.141593, 67000, 2536901),
(@CGUID+100, 2, 1620.703, 840.9047, 36.1547, 3.141593, 7000, 2536901),
(@CGUID+100, 3, 1620.703, 840.9047, 36.1547, 3.141593, 26000, 2536901),
(@CGUID+100, 4, 1620.703, 840.9047, 36.1547, 3.141593, 86000, 2536901),
-- Scripting for Sunblade Dusk Priest Entry: 25370
(@CGUID+114, 1, 1595.125, 841.7625, 36.1547, 0.1919862, 6000, 2537001),
(@CGUID+114, 2, 1595.125, 841.7625, 36.1547, 0.1919862, 35000, 2537001),
(@CGUID+114, 3, 1595.125, 841.7625, 36.1547, 0.1919862, 15000, 2537001),
(@CGUID+114, 4, 1595.125, 841.7625, 36.1547, 0.1919862, 52000, 2537001),
-- Scripting for Sunblade Dawn Priest Entry: 25371
(@CGUID+127, 1, 1602.75, 831.1286, 36.15472, 1.169371, 27000, 2537101),
(@CGUID+127, 2, 1602.75, 831.1286, 36.15472, 1.169371, 6000, 2537101),
(@CGUID+127, 3, 1602.75, 831.1286, 36.15472, 1.169371, 5000, 2537101),
(@CGUID+127, 4, 1602.75, 831.1286, 36.15472, 1.169371, 10000, 2537101),
-- Scripting for Sunblade Dawn Priest Entry: 25371
(@CGUID+129, 1, 1616.22, 850.0135, 36.15468, 4.153883, 11000, 2537101),
(@CGUID+129, 2, 1616.22, 850.0135, 36.15468, 4.153883, 5000, 2537101),
(@CGUID+129, 3, 1616.22, 850.0135, 36.15468, 4.153883, 5000, 2537101),
(@CGUID+129, 4, 1616.22, 850.0135, 36.15468, 4.153883, 38000, 2537101),
-- Scripting for Sunblade Cabalist Entry: 25363
(@CGUID+68, 1, 1601.496, 1012.656, 36.15469, 0.5759587, 63000, 2536301),
(@CGUID+68, 2, 1601.496, 1012.656, 36.15469, 0.5759587, 42000, 2536301),
(@CGUID+68, 3, 1601.496, 1012.656, 36.15469, 0.5759587, 83000, 2536301),
(@CGUID+68, 4, 1601.496, 1012.656, 36.15469, 0.5759587, 22000, 2536301),
-- Scripting for Sunblade Arch Mage Entry: 25367
(@CGUID+82, 1, 1622.067, 1027.104, 36.15471, 3.682645, 1000, 2536701),
(@CGUID+82, 2, 1622.067, 1027.104, 36.15471, 3.682645, 40000, 2536701),
(@CGUID+82, 3, 1622.067, 1027.104, 36.15471, 3.682645, 19000, 2536701),
(@CGUID+82, 4, 1622.067, 1027.104, 36.15471, 3.682645, 11000, 2536701),
-- Scripting for Sunblade Vindicator Entry: 25369
(@CGUID+98, 1, 1610.039, 1005.992, 36.15468, 1.570796, 67000, 2536901),
(@CGUID+98, 2, 1610.039, 1005.992, 36.15468, 1.570796, 7000, 2536901),
(@CGUID+98, 3, 1610.039, 1005.992, 36.15468, 1.570796, 26000, 2536901),
(@CGUID+98, 4, 1610.039, 1005.992, 36.15468, 1.570796, 86000, 2536901),
-- Scripting for Sunblade Dusk Priest Entry: 25370
(@CGUID+115, 1, 1610.821, 1033.822, 36.15471, 4.817109, 6000, 2537001),
(@CGUID+115, 2, 1610.821, 1033.822, 36.15471, 4.817109, 35000, 2537001),
(@CGUID+115, 3, 1610.821, 1033.822, 36.15471, 4.817109, 15000, 2537001),
(@CGUID+115, 4, 1610.821, 1033.822, 36.15471, 4.817109, 52000, 2537001),
-- Scripting for Sunblade Dawn Priest Entry: 25371
(@CGUID+126, 1, 1600.453, 1025.696, 36.1547, 5.759586, 27000, 2537101),
(@CGUID+126, 2, 1600.453, 1025.696, 36.1547, 5.759586, 6000, 2537101),
(@CGUID+126, 3, 1600.453, 1025.696, 36.1547, 5.759586, 5000, 2537101),
(@CGUID+126, 4, 1600.453, 1025.696, 36.1547, 5.759586, 10000, 2537101),
-- Scripting for Sunblade Dawn Priest Entry: 25371
(@CGUID+130, 1, 1620.54, 1011.616, 36.15469, 2.530727, 11000, 2537101),
(@CGUID+130, 2, 1620.54, 1011.616, 36.15469, 2.530727, 5000, 2537101),
(@CGUID+130, 3, 1620.54, 1011.616, 36.15469, 2.530727, 5000, 2537101),
(@CGUID+130, 4, 1620.54, 1011.616, 36.15469, 2.530727, 38000, 2537101),
-- Scripting for Sunblade Cabalist Entry: 25363
(@CGUID+79, 1, 1810.951, 1018.313, 36.15471, 3.228859, 63000, 2536301),
(@CGUID+79, 2, 1810.951, 1018.313, 36.15471, 3.228859, 42000, 2536301),
(@CGUID+79, 3, 1810.951, 1018.313, 36.15471, 3.228859, 83000, 2536301),
(@CGUID+79, 4, 1810.951, 1018.313, 36.15471, 3.228859, 22000, 2536301),
-- Scripting for Sunblade Arch Mage Entry: 25367
(@CGUID+94, 1, 1799.236, 1025.188, 36.15472, 4.886922, 1000, 2536701),
(@CGUID+94, 2, 1799.236, 1025.188, 36.15472, 4.886922, 40000, 2536701),
(@CGUID+94, 3, 1799.236, 1025.188, 36.15472, 4.886922, 19000, 2536701),
(@CGUID+94, 4, 1799.236, 1025.188, 36.15472, 4.886922, 11000, 2536701),
-- Scripting for Sunblade Vindicator Entry: 25369
(@CGUID+111, 1, 1798.134, 1009.513, 36.1547, 1.308997, 67000, 2536301),
(@CGUID+111, 2, 1798.134, 1009.513, 36.1547, 1.308997, 7000, 2536301),
(@CGUID+111, 3, 1798.134, 1009.513, 36.1547, 1.308997, 26000, 2536301),
(@CGUID+111, 4, 1798.134, 1009.513, 36.1547, 1.308997, 86000, 2536301),
-- Scripting for Sunblade Vindicator Entry: 25369
(@CGUID+113, 1, 1806.778, 1008.494, 36.1547, 1.762783, 11000, 2536901),
(@CGUID+113, 2, 1806.778, 1008.494, 36.1547, 1.762783, 5000, 2536901),
(@CGUID+113, 3, 1806.778, 1008.494, 36.1547, 1.762783, 5000, 2536901),
(@CGUID+113, 4, 1806.778, 1008.494, 36.1547, 1.762783, 38000, 2536901),
-- Scripting for Sunblade Dusk Priest Entry: 25370
(@CGUID+125, 1, 1805.409, 1025.041, 36.15472, 4.380776, 6000, 2537001),
(@CGUID+125, 2, 1805.409, 1025.041, 36.15472, 4.380776, 35000, 2537001),
(@CGUID+125, 3, 1805.409, 1025.041, 36.15472, 4.380776, 15000, 2537001),
(@CGUID+125, 4, 1805.409, 1025.041, 36.15472, 4.380776, 52000, 2537001),
-- Scripting for Sunblade Dawn Priest Entry: 25371
(@CGUID+144, 1, 1794.171, 1017.787, 36.15471, 0.4886922, 27000, 2537101),
(@CGUID+144, 2, 1794.171, 1017.787, 36.15471, 0.4886922, 6000, 2537101),
(@CGUID+144, 3, 1794.171, 1017.787, 36.15471, 0.4886922, 5000, 2537101),
(@CGUID+144, 4, 1794.171, 1017.787, 36.15471, 0.4886922, 10000, 2537101),
-- Scripting for Sunblade Cabalist Entry: 25363
(@CGUID+75, 1, 1663.316, 744.1035, 53.48292, 1.064651, 21000, 1396),
(@CGUID+75, 2, 1663.316, 744.1035, 53.48292, 1.064651, 6000, 1273),
(@CGUID+75, 3, 1663.316, 744.1035, 53.48292, 1.064651, 5000, 1273),
(@CGUID+75, 4, 1663.316, 744.1035, 53.48292, 1.064651, 39000, 1005),
-- Scripting for Sunblade Arch Mage Entry: 25367
(@CGUID+86, 1, 1657.57, 730.2337, 53.48614, 0.541052, 25000, 1273),
(@CGUID+86, 2, 1657.57, 730.2337, 53.48614, 0.541052, 6000, 1273),
(@CGUID+86, 3, 1657.57, 730.2337, 53.48614, 0.541052, 38000, 1396),
(@CGUID+86, 4, 1657.57, 730.2337, 53.48614, 0.541052, 6000, 1396),
-- Scripting for Sunblade Vindicator Entry: 25369
(@CGUID+103, 1, 1650.827, 739.0778, 53.48655, 0.296706, 2000, 1005),
(@CGUID+103, 2, 1650.827, 739.0778, 53.48655, 0.296706, 23000, 1273),
(@CGUID+103, 3, 1650.827, 739.0778, 53.48655, 0.296706, 5000, 1273),
(@CGUID+103, 4, 1650.827, 739.0778, 53.48655, 0.296706, 21000, 1396),
-- Scripting for Sunblade Dusk Priest Entry: 25370
(@CGUID+118, 1, 1661.507, 734.1816, 53.4848, 3.630285, 25000, 1273),
(@CGUID+118, 2, 1661.507, 734.1816, 53.4848, 3.630285, 5000, 1273),
(@CGUID+118, 3, 1661.507, 734.1816, 53.4848, 3.630285, 12000, 1273),
(@CGUID+118, 4, 1661.507, 734.1816, 53.4848, 3.630285, 11000, 1273),
-- Scripting for Sunblade Dawn Priest Entry: 25371
(@CGUID+135, 1, 1656.752, 741.8227, 53.48462, 4.607669, 25000, 1273),
(@CGUID+135, 2, 1656.752, 741.8227, 53.48462, 4.607669, 5000, 1273),
(@CGUID+135, 3, 1656.752, 741.8227, 53.48462, 4.607669, 5000, 1396),
(@CGUID+135, 4, 1656.752, 741.8227, 53.48462, 4.607669, 11000, 1005),
-- Scripting for Sunblade Dawn Priest Entry: 25371
(@CGUID+136, 1, 1662.47, 748.0851, 53.48222, 5.794493, 7000, 1396),
(@CGUID+136, 2, 1662.47, 748.0851, 53.48222, 5.794493, 6000, 1396),
(@CGUID+136, 3, 1662.47, 748.0851, 53.48222, 5.794493, 12000, 1273),
(@CGUID+136, 4, 1662.47, 748.0851, 53.48222, 5.794493, 5000, 1273),
-- Pathing for Sunblade Scout Entry: 25372
(@CGUID+146, 1, 1640.144, 973.1131, 16.10431, 0, 0, 0),
(@CGUID+146, 2, 1636.545, 977.0506, 16.46502, 0, 0, 0),
(@CGUID+146, 3, 1635.685, 985.3231, 16.58343, 0, 0, 0),
(@CGUID+146, 4, 1636.628, 994.7483, 16.27142, 0, 0, 0),
(@CGUID+146, 5, 1640.704, 1002.128, 16.16304, 0, 0, 0),
(@CGUID+146, 6, 1647.364, 996.0251, 16.10431, 0, 0, 0),
(@CGUID+146, 7, 1652.455, 986.1442, 16.10431, 0, 0, 0),
(@CGUID+146, 8, 1657.936, 985.8649, 16.10431, 0, 0, 0),
(@CGUID+146, 9, 1663.813, 986.7366, 16.10431, 0, 0, 0),
(@CGUID+146, 10, 1669.316, 989.0823, 16.105, 0, 0, 0),
(@CGUID+146, 11, 1673.772, 991.6613, 16.105, 0, 0, 0),
(@CGUID+146, 12, 1679.046, 989.0131, 16.105, 0, 0, 0),
(@CGUID+146, 13, 1679.724, 981.8279, 16.105, 0, 0, 0),
(@CGUID+146, 14, 1676.189, 979.7906, 16.105, 0, 0, 0),
(@CGUID+146, 15, 1671.008, 982.4798, 16.105, 0, 0, 0),
(@CGUID+146, 16, 1665.338, 983.6517, 16.10431, 0, 0, 0),
(@CGUID+146, 17, 1659.576, 983.6514, 16.10431, 0, 0, 0),
(@CGUID+146, 18, 1654.136, 983.3094, 16.10431, 0, 0, 0),
(@CGUID+146, 19, 1647.443, 977.4816, 16.10431, 0, 0, 0),
-- Pathing for Sunblade Scout Entry: 25372
(@CGUID+147, 1, 1683.619, 1061.337, 16.11073, 0, 0, 0),
(@CGUID+147, 2, 1683.811, 1052.461, 16.11073, 0, 0, 0),
(@CGUID+147, 3, 1684.526, 1042.533, 16.31923, 0, 0, 0),
(@CGUID+147, 4, 1677.618, 1034.837, 16.36244, 0, 0, 0),
(@CGUID+147, 5, 1671.93, 1027.017, 16.53454, 0, 0, 0),
(@CGUID+147, 6, 1667.498, 1021.246, 16.25256, 0, 0, 0),
(@CGUID+147, 7, 1663.426, 1027.58, 16.11007, 0, 0, 0),
(@CGUID+147, 8, 1659.631, 1033.707, 16.11068, 0, 0, 0),
(@CGUID+147, 9, 1664.062, 1040.953, 16.11068, 0, 0, 0),
(@CGUID+147, 10, 1669.373, 1048.873, 16.11073, 0, 0, 0),
(@CGUID+147, 11, 1672.802, 1053.73, 16.11073, 0, 0, 0),
-- Pathing for Sunblade Scout Entry: 25372
(@CGUID+148, 1, 1738.579, 1041.178, 16.10991, 0, 0, 0),
(@CGUID+148, 2, 1733.703, 1045.975, 16.10991, 0, 0, 0),
(@CGUID+148, 3, 1730.953, 1049.619, 16.11051, 0, 0, 0),
(@CGUID+148, 4, 1730.878, 1056.547, 16.11051, 0, 0, 0),
(@CGUID+148, 5, 1732.236, 1063.637, 16.11051, 0, 0, 0),
(@CGUID+148, 6, 1739.627, 1071.504, 16.09276, 0, 0, 0),
(@CGUID+148, 7, 1738.242, 1065.407, 16.10991, 0, 0, 0),
(@CGUID+148, 8, 1742.066, 1060.755, 16.10991, 0, 0, 0),
(@CGUID+148, 9, 1740.933, 1052.749, 16.10991, 0, 0, 0),
(@CGUID+148, 10, 1747.839, 1049.098, 16.10991, 0, 0, 0),
(@CGUID+148, 11, 1750.998, 1046.277, 16.10991, 0, 0, 0),
(@CGUID+148, 12, 1749.748, 1041.254, 16.10991, 0, 0, 0),
(@CGUID+148, 13, 1743.421, 1035.359, 16.10991, 0, 0, 0),
-- Pathing for Sunblade Scout Entry: 25372
(@CGUID+149, 1, 1750.652, 1007.795, 16.47004, 0, 0, 0),
(@CGUID+149, 2, 1746.192, 1010.403, 16.48579, 0, 0, 0),
(@CGUID+149, 3, 1742.435, 1013.364, 16.61079, 0, 0, 0),
(@CGUID+149, 4, 1737.445, 1014.103, 16.73579, 0, 0, 0),
(@CGUID+149, 5, 1728.354, 1015.227, 16.67807, 0, 0, 0),
(@CGUID+149, 6, 1725.034, 1013.835, 16.5383, 0, 0, 0),
(@CGUID+149, 7, 1721.401, 1010.155, 16.31943, 0, 0, 0),
(@CGUID+149, 8, 1717.573, 1004.571, 16.32645, 0, 0, 0),
(@CGUID+149, 9, 1717.18, 997.6118, 16.32623, 0, 0, 0),
(@CGUID+149, 10, 1719.632, 991.1544, 16.4804, 0, 0, 0),
(@CGUID+149, 11, 1721.177, 983.3319, 16.9804, 0, 0, 0),
(@CGUID+149, 12, 1724.738, 977.2932, 17.13653, 0, 0, 0),
(@CGUID+149, 13, 1730.051, 970.6154, 17.3554, 0, 0, 0),
(@CGUID+149, 14, 1731.994, 964.3101, 17.42277, 0, 0, 0),
(@CGUID+149, 15, 1739.179, 961.0293, 17.43689, 0, 0, 0),
(@CGUID+149, 16, 1747.876, 962.5565, 17.18689, 0, 0, 0),
(@CGUID+149, 17, 1749.06, 970.6877, 17.36079, 0, 0, 0),
(@CGUID+149, 18, 1749.824, 977.0768, 17.46528, 0, 0, 0),
(@CGUID+149, 19, 1751.377, 982.8675, 17.2292, 0, 0, 0),
(@CGUID+149, 20, 1752.531, 987.4033, 16.9261, 0, 0, 0),
(@CGUID+149, 21, 1752.983, 991.1971, 16.47956, 0, 0, 0),
(@CGUID+149, 22, 1752.873, 997.4159, 16.11079, 0, 0, 0),
(@CGUID+149, 23, 1752.196, 1003.475, 16.11079, 0, 0, 0),
-- Pathing for Sunblade Protector Entry: 25507
(@CGUID+153, 1, 1656.958, 904.9578, 14.6282, 0, 0, 0),
(@CGUID+153, 2, 1643.973, 906.4864, 14.62474, 0, 0, 0),
(@CGUID+153, 3, 1634.53, 900.7702, 14.62455, 0, 0, 0),
(@CGUID+153, 4, 1630.198, 888.2294, 14.63085, 0, 0, 0),
(@CGUID+153, 5, 1637.007, 872.7303, 14.62847, 0, 0, 0),
(@CGUID+153, 6, 1649.198, 865.3496, 14.62843, 0, 0, 0),
(@CGUID+153, 7, 1660.889, 865.8581, 14.62406, 0, 0, 0),
(@CGUID+153, 8, 1670.322, 870.1398, 14.62656, 0, 0, 0),
(@CGUID+153, 9, 1675.426, 877.5245, 14.63163, 0, 0, 0),
(@CGUID+153, 10, 1674.867, 887.4402, 14.62993, 0, 0, 0),
(@CGUID+153, 11, 1667.468, 898.4063, 14.62648, 0, 0, 0),
-- Pathing for Sunblade Protector Entry: 25507
(@CGUID+155, 1, 1701.198, 771.9117, 53.0237, 0, 0, 0),
(@CGUID+155, 2, 1701.183, 785.6947, 53.00465, 0, 0, 0),
(@CGUID+155, 3, 1701.544, 799.5693, 53.00465, 0, 0, 0),
(@CGUID+155, 4, 1701.762, 815.6016, 53.00464, 0, 0, 0),
(@CGUID+155, 5, 1702.058, 836.8223, 53.00464, 0, 0, 0),
(@CGUID+155, 6, 1702.441, 852.4349, 53.00463, 0, 0, 0),
(@CGUID+155, 7, 1702.058, 836.8223, 53.00464, 0, 0, 0),
(@CGUID+155, 8, 1701.762, 815.6016, 53.00464, 0, 0, 0),
(@CGUID+155, 9, 1701.544, 799.5693, 53.00465, 0, 0, 0),
(@CGUID+155, 10, 1701.183, 785.6947, 53.00465, 0, 0, 0),
(@CGUID+155, 11, 1701.198, 771.9117, 53.0237, 0, 0, 0),
(@CGUID+155, 12, 1700.995, 749.6776, 53.41657, 0, 0, 0),
-- Pathing for Sunblade Protector Entry: 25507
(@CGUID+156, 1, 1705.285, 1005.85, 53.02963, 0, 0, 0),
(@CGUID+156, 2, 1705.858, 1030.087, 53.00914, 0, 0, 0),
(@CGUID+156, 3, 1706.84, 1066.139, 52.84335, 0, 0, 0),
(@CGUID+156, 4, 1705.858, 1030.087, 53.00914, 0, 0, 0),
(@CGUID+156, 5, 1705.285, 1005.85, 53.02963, 0, 0, 0),
(@CGUID+156, 6, 1704.826, 986.7211, 53.0458, 0, 0, 0),
(@CGUID+156, 7, 1704.397, 970.1668, 53.05979, 0, 0, 0),
(@CGUID+156, 8, 1704.826, 986.7211, 53.0458, 0, 0, 0),
-- Pathing for Shadowsword Guardian Entry: 25508
(@CGUID+161, 1, 1635.731, 679.5251, 45.54032, 0, 0, 0),
(@CGUID+161, 2, 1628.779, 666.8651, 41.77283, 0, 0, 0),
(@CGUID+161, 3, 1635.731, 679.5251, 45.54032, 0, 0, 0),
(@CGUID+161, 4, 1648.47, 691.6264, 51.47282, 0, 0, 0),
(@CGUID+161, 5, 1668.306, 703.7833, 59.2332, 0, 0, 0),
(@CGUID+161, 6, 1648.47, 691.6264, 51.47282, 0, 0, 0),
-- Pathing for Shadowsword Guardian Entry: 25508
(@CGUID+162, 1, 1633.081, 585.6543, 33.32112, 0, 0, 0),
(@CGUID+162, 2, 1624.14, 608.2837, 33.32114, 0, 0, 0),
(@CGUID+162, 3, 1619.825, 631.8298, 32.88988, 0, 0, 0),
(@CGUID+162, 4, 1624.14, 608.2837, 33.32114, 0, 0, 0),
(@CGUID+162, 5, 1633.081, 585.6543, 33.32112, 0, 0, 0),
(@CGUID+162, 6, 1650.488, 567.7746, 33.32108, 0, 0, 0),
(@CGUID+162, 7, 1673.086, 556.555, 33.32099, 0, 0, 0),
(@CGUID+162, 8, 1650.488, 567.7746, 33.32108, 0, 0, 0),
-- Pathing for Chaos Gazer Entry: 25595
(@CGUID+180, 1, 1938.038, 499.297, 32.03221, 0, 0, 0),
(@CGUID+180, 2, 1944.04, 517.6599, 32.0313, 0, 0, 0),
(@CGUID+180, 3, 1938.038, 499.297, 32.03221, 0, 0, 0),
(@CGUID+180, 4, 1912.38, 472.6481, 32.0322, 0, 0, 0),
-- Pathing for Chaos Gazer Entry: 25595
(@CGUID+181, 1, 1927.034, 564.501, 32.02485, 0, 0, 0),
(@CGUID+181, 2, 1935.337, 541.041, 32.02621, 0, 0, 0),
(@CGUID+181, 3, 1927.034, 564.501, 32.02485, 0, 0, 0),
(@CGUID+181, 4, 1907.388, 579.3162, 32.01674, 0, 0, 0),
-- Scripting for Oblivion Mage Entry: 25597
(@CGUID+182, 1, 1830.805, 692.5985, 32.11551, 6.126106, 11000, 2559701),
-- Scripting for Oblivion Mage Entry: 25597
(@CGUID+184, 1, 1849.583, 683.4805, 32.11378, 1.762783, 11000, 2559701),
-- Scripting for Oblivion Mage Entry: 25597
(@CGUID+187, 1, 1945.679, 557.8885, 32.11449, 4.939282, 11000, 2559701),
-- Scripting for Oblivion Mage Entry: 25597
(@CGUID+188, 1, 1954.708, 530.5291, 32.11552, 1.954769, 11000, 2559701),
-- Pathing for Cataclysm Hound Entry: 25599
(@CGUID+189, 1, 1842.338, 534.4492, 39.95562, 0, 0, 0),
(@CGUID+189, 2, 1843.721, 513.7527, 43.49996, 0, 0, 0),
(@CGUID+189, 3, 1852.249, 497.1709, 47.16502, 0, 0, 0),
(@CGUID+189, 4, 1868.925, 485.3844, 51.6066, 0, 0, 0),
(@CGUID+189, 5, 1852.249, 497.1709, 47.16502, 0, 0, 0),
(@CGUID+189, 6, 1843.721, 513.7527, 43.49996, 0, 0, 0),
(@CGUID+189, 7, 1842.338, 534.4492, 39.95562, 0, 0, 0),
(@CGUID+189, 8, 1847.72, 551.5335, 35.13744, 0, 0, 0),
-- Pathing for Cataclysm Hound Entry: 25599
(@CGUID+190, 1, 1893.475, 483.8274, 56.6045, 0, 0, 0),
(@CGUID+190, 2, 1905.492, 489.5805, 59.42706, 0, 0, 0),
(@CGUID+190, 3, 1914.388, 499.3655, 62.0698, 0, 0, 0),
(@CGUID+190, 4, 1919.84, 512.0693, 65.00438, 0, 0, 0),
(@CGUID+190, 5, 1920.579, 524.655, 68.57312, 0, 0, 0),
(@CGUID+190, 6, 1917.45, 537.6804, 71.29482, 0, 0, 0),
(@CGUID+190, 7, 1920.579, 524.655, 68.57312, 0, 0, 0),
(@CGUID+190, 8, 1919.84, 512.0693, 65.00438, 0, 0, 0),
(@CGUID+190, 9, 1914.388, 499.3655, 62.0698, 0, 0, 0),
(@CGUID+190, 10, 1905.492, 489.5805, 59.42706, 0, 0, 0),
-- Pathing for Sunblade Dragonhawk Entry: 25867
(@CGUID+245, 1, 1653.372, 1063.028, 16.11068, 0, 0, 0),
(@CGUID+245, 2, 1651.502, 1068.2, 16.11068, 0, 0, 0),
(@CGUID+245, 3, 1646.18, 1072.877, 16.11068, 0, 0, 0),
(@CGUID+245, 4, 1639.064, 1074.773, 16.11068, 0, 0, 0),
(@CGUID+245, 5, 1632.087, 1070.618, 16.06526, 0, 0, 0),
(@CGUID+245, 6, 1628.43, 1063.64, 16.09912, 0, 0, 0),
(@CGUID+245, 7, 1628.603, 1057.884, 16.09912, 0, 0, 0),
(@CGUID+245, 8, 1631.294, 1053.159, 16.09912, 0, 0, 0),
(@CGUID+245, 9, 1635.765, 1050.026, 16.11068, 0, 0, 0),
(@CGUID+245, 10, 1641.806, 1049.82, 16.11068, 0, 0, 0),
(@CGUID+245, 11, 1649.549, 1054.832, 16.11068, 0, 0, 0),
(@CGUID+245, 12, 1649.549, 1054.832, 16.11068, 5.550147, 8000, 0),
-- Pathing for Shadowsword Commander Entry: 25837
(@CGUID+316, 1, 1682.332, 537.6241, 85.33395, 2.076942, 50000, 2583701),
-- Pathing for Shadowsword Manafiend Entry: 25483
(@CGUID+326, 1, 1796.504, 565.1455, 53.83252, 100, 5000, 2548301), -- emote and set idle movement
-- Pathing for Shadowsword Vanquisher Entry: 25486
(@CGUID+327, 1, 1812.618, 586.0417, 50.79887, 3.717551, 0, 2548601), -- Yell text
(@CGUID+327, 2, 1806.641, 586.4019, 51.12543, 0, 0, 0),
(@CGUID+327, 3, 1800.891, 580.1519, 51.12543, 0, 0, 0),
(@CGUID+327, 4, 1797.641, 568.9019, 53.12543, 0, 0, 0),
(@CGUID+327, 5, 1795.163, 559.262, 55.45198, 0, 100, 2548602), -- Emote state
-- Pathing for Shadowsword Vanquisher Entry: 25486
(@CGUID+328, 1, 1797.451, 588.6753, 51.14029, 0, 0, 0),
(@CGUID+328, 2, 1798.701, 581.4253, 51.14029, 0, 0, 0),
(@CGUID+328, 3, 1793.201, 573.4253, 53.14029, 0, 0, 0),
(@CGUID+328, 4, 1782.493, 565.2297, 56.48238, 0, 100, 2548602), -- Emote state
-- Pathing for Shadowsword Manafiend Entry: 25483
(@CGUID+330, 1, 1761.895, 511.8103, 80.35925, 0, 0, 0),
(@CGUID+330, 2, 1770.5, 498.5753, 74.15498, 0, 0, 0),
(@CGUID+330, 3, 1782.676, 498.8569, 74.14127, 0, 0, 0),
(@CGUID+330, 4, 1790.207, 509.9032, 74.16136, 0, 0, 0),
(@CGUID+330, 5, 1783.75, 522.1627, 69.59276, 0, 0, 0),
(@CGUID+330, 6, 1774.792, 537.0277, 62.09303, 0, 0, 0),
(@CGUID+330, 7, 1772.609, 545.9611, 62.09303, 0, 0, 0),
(@CGUID+330, 8, 1781.791, 556.1232, 59.4439, 0, 0, 0),
(@CGUID+330, 9, 1792.061, 567.6834, 53.97069, 0, 0, 0),
(@CGUID+330, 10, 1781.791, 556.1232, 59.4439, 0, 0, 0),
(@CGUID+330, 11, 1772.609, 545.9611, 62.09303, 0, 0, 0),
(@CGUID+330, 12, 1774.792, 537.0277, 62.09303, 0, 0, 0),
(@CGUID+330, 13, 1783.75, 522.1627, 69.59276, 0, 0, 0),
(@CGUID+330, 14, 1790.207, 509.9032, 74.16136, 0, 0, 0),
(@CGUID+330, 15, 1782.676, 498.8569, 74.14127, 0, 0, 0),
(@CGUID+330, 16, 1770.5, 498.5753, 74.15498, 0, 0, 0),
(@CGUID+330, 17, 1761.895, 511.8103, 80.35925, 0, 0, 0),
(@CGUID+330, 18, 1756.622, 520.4323, 85.27325, 0, 0, 0),
(@CGUID+330, 19, 1747.67, 535.4413, 85.28307, 0, 0, 0),
(@CGUID+330, 20, 1756.622, 520.4323, 85.27325, 0, 0, 0),
-- Pathing for Shadowsword Soulbinder Entry: 25373
(@CGUID+336, 1, 1662.868, 524.444, 50.57551, 0, 0, 0),
(@CGUID+336, 2, 1660.803, 507.3988, 50.57551, 0, 0, 0),
(@CGUID+336, 3, 1655.291, 495.2188, 50.5755, 0, 0, 0),
(@CGUID+336, 4, 1660.803, 507.3988, 50.57551, 0, 0, 0),
-- Pathing for Shadowsword Soulbinder Entry: 25373
(@CGUID+337, 1, 1604.47, 571.6755, 80.41999, 0, 0, 0),
(@CGUID+337, 2, 1614.62, 557.9446, 72.18298, 0, 0, 0),
(@CGUID+337, 3, 1630.154, 541.5376, 62.27378, 0, 0, 0),
(@CGUID+337, 4, 1648.82, 527.8489, 52.86671, 0, 0, 0),
(@CGUID+337, 5, 1630.154, 541.5376, 62.27378, 0, 0, 0),
(@CGUID+337, 6, 1614.62, 557.9446, 72.18298, 0, 0, 0),
(@CGUID+337, 7, 1604.47, 571.6755, 80.41999, 0, 0, 0),
(@CGUID+337, 8, 1598.747, 584.1803, 84.96148, 0, 0, 0),
(@CGUID+337, 9, 1594.038, 597.8856, 85.12286, 0, 0, 0),
(@CGUID+337, 10, 1598.747, 584.1803, 84.96148, 0, 0, 0),
-- Pathing for Shadowsword Commander Entry: 25837
(@CGUID+338, 1, 1764.02, 578.5973, 85.12091, 0, 0, 0),
(@CGUID+338, 2, 1758.39, 570.5671, 85.12949, 0, 0, 0),
(@CGUID+338, 3, 1752.362, 564.8392, 85.1283, 0, 0, 0),
(@CGUID+338, 4, 1758.39, 570.5671, 85.12949, 0, 0, 0),
-- Gauntlet Imp Trigger
(@CGUID+342, 1, 1697.917, 502.315, 86.48821, 1.658063, 10000, 2584801);

DELETE FROM `creature_movement_template` WHERE `entry` IN (25485,25502,25319); -- nonstatic spawns
INSERT INTO `creature_movement_template` (`entry`, `pathId`, `point`, `position_x`, `position_y`, `position_z`, `orientation`, `waittime`, `script_id`) VALUES
-- Pathing for Anchorite Elbadon Entry: 25639
(25639, 0, 1, 1770.309, 930.3347, 15.5708, 0, 0, 0),
(25639, 0, 2, 1776.947, 929.8568, 15.57034, 0, 0, 0),
(25639, 0, 3, 1777.713, 925.7539, 15.57855, 2.691652, 7000, 2563901),
(25639, 0, 4, 1778.005, 924.1937, 15.58167, 0, 0, 0),
(25639, 0, 5, 1774.918, 920.2488, 15.59039, 0, 0, 0),
(25639, 0, 6, 1769.521, 918.2831, 15.60812, 0, 0, 0),
(25639, 0, 7, 1761.993, 918.35, 15.60189, 0, 0, 0),
(25639, 0, 8, 1756.424, 918.3069, 15.59745, 0, 0, 0),
(25639, 0, 9, 1752.59, 918.3641, 15.59423, 0, 0, 0),
(25639, 0, 10, 1751.6, 921.1, 15.58843, 0, 0, 0),
(25639, 0, 11, 1751.745, 926.3292, 15.57901, 0, 0, 0),
(25639, 0, 12, 1754.544, 930.3795, 15.5739, 0, 0, 0),
(25639, 0, 13, 1758.476, 930.4343, 15.57699, 0, 0, 0),
(25639, 0, 14, 1763.809, 930.536, 15.57179, 0, 0, 0),
(25639, 0, 15, 1770.309, 930.3347, 15.5708, 0, 0, 0),
(25639, 0, 16, 1773.382, 930.1135, 15.57059, 5.182572, 7000, 2563901),
(25639, 0, 17, 1776.947, 929.8568, 15.57034, 0, 0, 0),
(25639, 0, 18, 1778.005, 924.1937, 15.58167, 0, 0, 0),
(25639, 0, 19, 1774.918, 920.2488, 15.59039, 0, 0, 0),
(25639, 0, 20, 1769.521, 918.2831, 15.60812, 0, 0, 0),
(25639, 0, 21, 1762.603, 918.3446, 15.6024, 2.512519, 7000, 2563901),
(25639, 0, 22, 1761.993, 918.35, 15.60189, 0, 0, 0),
(25639, 0, 23, 1756.424, 918.3069, 15.59745, 0, 0, 0),
(25639, 0, 24, 1752.59, 918.3641, 15.59423, 0, 0, 0),
(25639, 0, 25, 1751.6, 921.1, 15.58843, 0, 0, 0),
(25639, 0, 26, 1751.745, 926.3292, 15.57901, 0, 0, 0),
(25639, 0, 27, 1754.544, 930.3795, 15.5739, 0, 0, 0),
(25639, 0, 28, 1755.722, 930.3959, 15.57482, 2.154428, 7000, 2563901),
(25639, 0, 29, 1758.476, 930.4343, 15.57699, 0, 0, 0),
(25639, 0, 30, 1763.809, 930.536, 15.57179, 0, 0, 0),
(25639, 0, 31, 1770.309, 930.3347, 15.5708, 0, 0, 0),
(25639, 0, 32, 1776.947, 929.8568, 15.57034, 0, 0, 0),
(25639, 0, 33, 1778.005, 924.1937, 15.58167, 0, 0, 0),
(25639, 0, 34, 1774.918, 920.2488, 15.59039, 0, 0, 0),
(25639, 0, 35, 1769.521, 918.2831, 15.60812, 0, 0, 0),
(25639, 0, 36, 1761.993, 918.35, 15.60189, 0, 0, 0),
(25639, 0, 37, 1756.424, 918.3069, 15.59745, 0, 0, 0),
(25639, 0, 38, 1752.59, 918.3641, 15.59423, 0, 0, 0),
(25639, 0, 39, 1751.6, 921.1, 15.58843, 0, 0, 0),
(25639, 0, 40, 1751.715, 925.272, 15.58092, 0.4217374, 5000, 2563902),
(25639, 0, 41, 1751.745, 926.3292, 15.57901, 0, 0, 0),
(25639, 0, 42, 1754.544, 930.3795, 15.5739, 0, 0, 0),
(25639, 0, 43, 1758.476, 930.4343, 15.57699, 0, 0, 0),
(25639, 0, 44, 1763.809, 930.536, 15.57179, 0, 0, 0),
(25639, 0, 45, 1770.309, 930.3347, 15.5708, 0, 0, 0),
(25639, 0, 46, 1776.947, 929.8568, 15.57034, 0, 0, 0),
(25639, 0, 47, 1778.005, 924.1937, 15.58167, 0, 0, 0),
(25639, 0, 48, 1774.918, 920.2488, 15.59039, 0, 0, 0),
(25639, 0, 49, 1769.521, 918.2831, 15.60812, 0, 0, 0),
(25639, 0, 50, 1761.993, 918.35, 15.60189, 0, 0, 0),
(25639, 0, 51, 1756.424, 918.3069, 15.59745, 0, 0, 0),
(25639, 0, 52, 1752.59, 918.3641, 15.59423, 0, 0, 0),
(25639, 0, 53, 1751.6, 921.1, 15.58843, 0, 0, 0),
(25639, 0, 54, 1751.745, 926.3292, 15.57901, 0, 0, 0),
(25639, 0, 55, 1754.544, 930.3795, 15.5739, 0, 0, 0),
(25639, 0, 56, 1758.476, 930.4343, 15.57699, 5.461651, 7000, 2563901),
(25639, 0, 57, 1763.809, 930.536, 15.57179, 0, 0, 0),
(25639, 0, 58, 1770.309, 930.3347, 15.5708, 0, 0, 0),
(25639, 0, 59, 1776.947, 929.8568, 15.57034, 0, 0, 0),
(25639, 0, 60, 1777.962, 924.1386, 15.5818, 2.370006, 7000, 2563901),
(25639, 0, 61, 1778.005, 924.1937, 15.58167, 0, 0, 0),
(25639, 0, 62, 1774.918, 920.2488, 15.59039, 0, 0, 0),
(25639, 0, 63, 1769.521, 918.2831, 15.60812, 0, 0, 0),
(25639, 0, 64, 1761.993, 918.35, 15.60189, 0, 0, 0),
(25639, 0, 65, 1756.424, 918.3069, 15.59745, 0, 0, 0),
(25639, 0, 66, 1752.59, 918.3641, 15.59423, 0, 0, 0),
(25639, 0, 67, 1751.6, 921.1, 15.58843, 0, 0, 0),
(25639, 0, 68, 1751.745, 926.3292, 15.57901, 0, 0, 0),
(25639, 0, 69, 1753.222, 928.4664, 15.57631, 5.452662, 5000, 2563902),
(25639, 0, 70, 1754.544, 930.3795, 15.5739, 0, 0, 0),
(25639, 0, 71, 1758.476, 930.4343, 15.57699, 0, 0, 0),
(25639, 0, 72, 1763.809, 930.536, 15.57179, 0, 0, 0),
(25639, 0, 73, 1770.309, 930.3347, 15.5708, 0, 0, 0),
(25639, 0, 74, 1776.947, 929.8568, 15.57034, 0, 0, 0),
(25639, 0, 75, 1778.005, 924.1937, 15.58167, 0, 0, 0),
(25639, 0, 76, 1774.918, 920.2488, 15.59039, 0, 0, 0),
(25639, 0, 77, 1769.521, 918.2831, 15.60812, 0, 0, 0),
(25639, 0, 78, 1761.993, 918.35, 15.60189, 0, 0, 0),
(25639, 0, 79, 1756.424, 918.3069, 15.59745, 0, 0, 0),
(25639, 0, 80, 1752.59, 918.3641, 15.59423, 0, 0, 0),
(25639, 0, 81, 1751.6, 921.1, 15.58843, 0, 0, 0),
(25639, 0, 82, 1751.745, 926.3292, 15.57901, 0, 0, 0),
(25639, 0, 83, 1754.544, 930.3795, 15.5739, 0, 0, 0),
(25639, 0, 84, 1758.476, 930.4343, 15.57699, 0, 0, 0),
(25639, 0, 85, 1763.809, 930.536, 15.57179, 0, 0, 0),
-- Pathing for Neophyte Narama Entry: 25644
(25644, 0, 1, 1769.627, 923.5256, 15.58485, 0, 0, 0),
(25644, 0, 2, 1770.862, 921.8461, 15.58801, 100, 8000, 2564401),
(25644, 0, 3, 1770.862, 921.8461, 15.58801, 100, 0, 2564402),
(25644, 0, 4, 1762.864, 925.4075, 15.58972, 100, 16000, 2564401),
(25644, 0, 5, 1762.864, 925.4075, 15.58972, 100, 0, 2564402),
(25644, 0, 6, 1758.366, 922.5452, 15.59129, 0, 0, 0),
(25644, 0, 7, 1755.888, 924.1495, 15.58635, 100, 20000, 2564401),
(25644, 0, 8, 1755.888, 924.1495, 15.58635, 100, 0, 2564402),
(25644, 0, 9, 1769.627, 923.5256, 15.58485, 0, 0, 0),
(25644, 0, 10, 1770.862, 921.8461, 15.58801, 100, 22000, 2564401),
(25644, 0, 11, 1770.862, 921.8461, 15.58801, 100, 0, 2564402),
(25644, 0, 12, 1762.864, 925.4075, 15.58972, 100, 10000, 2564401),
(25644, 0, 13, 1762.864, 925.4075, 15.58972, 100, 0, 2564402),
(25644, 0, 14, 1758.366, 922.5452, 15.59129, 0, 0, 0),
(25644, 0, 15, 1755.888, 924.1495, 15.58635, 100, 18000, 2564401),
(25644, 0, 16, 1755.888, 924.1495, 15.58635, 100, 0, 2564402),
-- Shadowsword Deathbringer 25485 - ZoneCombatPulse would pull all surrounding groups which is not intended - HACK
(25485, 0, 1, 1676.9564, 547.49713, 85.14562, 0, 0, 0),
(25485, 0, 2, 1666.52, 562.1425, 85.08298, 0, 0, 0),
(25485, 0, 3, 1650.734, 568.0248, 85.12753, 0, 0, 0),
(25485, 0, 4, 1632.968, 584.8542, 84.9715, 0, 0, 0),
(25485, 0, 5, 1617.302, 593.497, 84.95953, 0, 0, 0),
(25485, 0, 6, 1606.182, 593.9218, 85.00244, 0, 0, 0),
(25485, 0, 7, 1599.674, 575.067, 82.91006, 0, 0, 0),
(25485, 0, 8, 1610.961, 561.9214, 75.01524, 0, 0, 0),
(25485, 0, 9, 1624.267, 547.5203, 65.55171, 0, 0, 0),
(25485, 0, 10, 1644.597, 533.4363, 55.62391, 0, 0, 0),
(25485, 0, 11, 1656.572, 522.5062, 50.57551, 0, 0, 0),
(25485, 0, 12, 1658.951, 510.4464, 50.57551, 0, 0, 0),
(25485, 0, 13, 1651.978, 501.9107, 50.5755, 0, 0, 0),
(25485, 0, 14, 1633.829, 510.4207, 50.57551, 0, 0, 0),
(25485, 0, 15, 1616.004, 526.3128, 50.57551, 0, 0, 0),
(25485, 0, 16, 1592.684, 544.038, 50.57549, 0, 0, 0),
(25485, 0, 17, 1584.224, 557.6014, 50.57546, 0, 0, 0),
(25485, 0, 18, 1574.685, 572.4893, 50.59242, 0, 0, 0),
(25485, 0, 19, 1563.84, 576.0819, 50.60739, 0, 0, 0),
(25485, 0, 20, 1556.568, 568.1849, 50.57519, 0, 0, 0),
(25485, 0, 21, 1561.983, 553.1981, 47.47012, 0, 0, 0),
(25485, 0, 22, 1572.274, 537.1907, 38.79183, 0, 0, 0),
(25485, 0, 23, 1583.751, 521.8306, 32.67748, 0, 0, 0),
(25485, 0, 24, 1588.915, 506.6923, 32.80248, 0, 0, 0),
(25485, 0, 25, 1588.915, 506.6923, 32.80248, 0, 1, 1),
-- Pathing for Volatile Fiend Entry: 25851
(25851, 0, 1, 1676.9564, 547.49713, 85.14562, 0, 0, 0),
(25851, 0, 2, 1666.52, 562.1425, 85.08298, 0, 0, 0),
(25851, 0, 3, 1650.734, 568.0248, 85.12753, 0, 0, 0),
(25851, 0, 4, 1632.968, 584.8542, 84.9715, 0, 0, 0),
(25851, 0, 5, 1617.302, 593.497, 84.95953, 0, 0, 0),
(25851, 0, 6, 1606.182, 593.9218, 85.00244, 0, 0, 0),
(25851, 0, 7, 1599.674, 575.067, 82.91006, 0, 0, 0),
(25851, 0, 8, 1610.961, 561.9214, 75.01524, 0, 0, 0),
(25851, 0, 9, 1624.267, 547.5203, 65.55171, 0, 0, 0),
(25851, 0, 10, 1644.597, 533.4363, 55.62391, 0, 0, 0),
(25851, 0, 11, 1656.572, 522.5062, 50.57551, 0, 0, 0),
(25851, 0, 12, 1658.951, 510.4464, 50.57551, 0, 0, 0),
(25851, 0, 13, 1651.978, 501.9107, 50.5755, 0, 0, 0),
(25851, 0, 14, 1633.829, 510.4207, 50.57551, 0, 0, 0),
(25851, 0, 15, 1616.004, 526.3128, 50.57551, 0, 0, 0),
(25851, 0, 16, 1592.684, 544.038, 50.57549, 0, 0, 0),
(25851, 0, 17, 1584.224, 557.6014, 50.57546, 0, 0, 0),
(25851, 0, 18, 1574.685, 572.4893, 50.59242, 0, 0, 0),
(25851, 0, 19, 1563.84, 576.0819, 50.60739, 0, 0, 0),
(25851, 0, 20, 1556.568, 568.1849, 50.57519, 0, 0, 0),
(25851, 0, 21, 1561.983, 553.1981, 47.47012, 0, 0, 0),
(25851, 0, 22, 1572.274, 537.1907, 38.79183, 0, 0, 0),
(25851, 0, 23, 1583.751, 521.8306, 32.67748, 0, 0, 0),
(25851, 0, 24, 1588.915, 506.6923, 32.80248, 0, 0, 0),
(25851, 0, 25, 1588.915, 506.6923, 32.80248, 0, 1, 1);

-- shield orb
INSERT INTO `creature_movement_template` (`entry`,`pathId`,`point`,`position_x`,`position_y`,`position_z`,`waittime`,`script_id`,`orientation`) VALUES
(25502,1,1,1716.676,609.9067,38.71685,0,0,100),
(25502,1,2,1724.266,627.7841,38.42346,0,0,100),
(25502,1,3,1717.002,645.8284,38.47029,0,0,100),
(25502,1,4,1699.418,653.405,38.40003,0,0,100),
(25502,1,5,1681.662,646.2591,38.16982,0,0,100),
(25502,1,6,1674.128,628.8367,38.01023,0,0,100),
(25502,1,7,1681.295,610.9768,37.87618,0,0,100),
(25502,1,8,1698.669,603.1641,38.2095,0,0,100),
(25502,2,1,1716.646,610.2211,43.65623,0,0,100),
(25502,2,2,1698.839,602.9315,43.32286,0,0,100),
(25502,2,3,1680.682,610.5521,43.23953,0,0,100),
(25502,2,4,1673.756,628.4573,43.20995,0,0,100),
(25502,2,5,1681.487,646.2489,43.76206,0,0,100),
(25502,2,6,1699.295,653.3788,44.42872,0,0,100),
(25502,2,7,1717.078,645.6512,44.23425,0,0,100),
(25502,2,8,1724.045,627.7382,44.17869,0,0,100),
(25502,3,1,1716.408,610.5047,46.76184,0,0,100),
(25502,3,2,1723.808,627.7258,47.01969,0,0,100),
(25502,3,3,1717.031,645.5077,47.38081,0,0,100),
(25502,3,4,1699.741,653.221,47.96413,0,0,100),
(25502,3,5,1681.604,646.2708,48.18636,0,0,100),
(25502,3,6,1674.025,628.6194,47.32945,0,0,100),
(25502,3,7,1680.969,610.6469,46.82945,0,0,100),
(25502,3,8,1698.773,603.3993,47.029,0,0,100),
-- kalec path
(25319,1,1,1735.393,593.6747,140.5267,0,0,100),
(25319,1,2,1746.861,621.0573,141.2209,0,0,100),
(25319,1,3,1734.7,663.6804,139.3877,0,0,100),
(25319,1,4,1695.096,677.7586,139.9433,0,0,100),
(25319,1,5,1663.575,664.397,139.9152,0,0,100),
(25319,1,6,1651.432,634.5519,140.1377,0,0,100),
(25319,1,7,1666.39,594.8594,139.1098,0,0,100),
(25319,1,8,1704.55,579.4996,140.3171,0,0,100);

INSERT INTO `creature_addon` (`guid`, `mount`, `bytes1`, `b2_0_sheath`, `b2_1_flags`, `emote`, `moveflags`, `auras`) VALUES
(@CGUID+153, 0, 0, 1, 0, 0, 0, '45769 18950 18943'), -- Sunblade Protector
(@CGUID+156, 0, 0, 1, 0, 0, 0, '45769 18950 18943'), -- Sunblade Protector
(@CGUID+197, 0, 1, 1, 16, 0, 0, NULL), -- Shattered Sun Soldier
(@CGUID+198, 0, 3, 1, 16, 0, 0, NULL), -- Shattered Sun Soldier
(@CGUID+199, 0, 3, 1, 16, 0, 0, NULL), -- Shattered Sun Soldier
(@CGUID+200, 0, 3, 1, 16, 0, 0, NULL), -- Shattered Sun Soldier
(@CGUID+201, 0, 6, 1, 16, 0, 0, NULL), -- Shattered Sun Soldier
(@CGUID+202, 0, 7, 1, 16, 0, 0, NULL), -- Shattered Sun Soldier
(@CGUID+203, 0, 6, 1, 16, 0, 0, NULL), -- Shattered Sun Soldier
(@CGUID+204, 0, 3, 1, 16, 0, 0, NULL), -- Shattered Sun Soldier
(@CGUID+205, 0, 3, 1, 16, 0, 0, NULL), -- Shattered Sun Soldier
(@CGUID+206, 0, 3, 1, 16, 0, 0, NULL), -- Shattered Sun Soldier
(@CGUID+219, 0, 0, 1, 16, 0, 0, '45769'), -- Volatile Fiend
(@CGUID+220, 0, 0, 1, 16, 0, 0, '45769'), -- Volatile Fiend
(@CGUID+221, 0, 0, 1, 16, 0, 0, '45769'), -- Volatile Fiend
(@CGUID+222, 0, 0, 1, 16, 0, 0, '45769'), -- Volatile Fiend
(@CGUID+223, 0, 0, 1, 16, 0, 0, '45769'), -- Volatile Fiend
(@CGUID+224, 0, 0, 1, 16, 0, 0, '45769'), -- Volatile Fiend
(@CGUID+225, 0, 0, 1, 16, 0, 0, '45769'), -- Volatile Fiend
(@CGUID+226, 0, 0, 1, 16, 0, 0, '45769'), -- Volatile Fiend
(@CGUID+227, 0, 0, 1, 16, 0, 0, '45769'), -- Volatile Fiend
(@CGUID+228, 0, 0, 1, 16, 0, 0, '45769'), -- Volatile Fiend
(@CGUID+229, 0, 0, 1, 16, 0, 0, '45769'), -- Volatile Fiend
(@CGUID+230, 0, 0, 1, 16, 0, 0, '45769'), -- Volatile Fiend
(@CGUID+231, 0, 0, 1, 16, 0, 0, '45769'), -- Volatile Fiend
(@CGUID+232, 0, 0, 1, 16, 0, 0, '45769'), -- Volatile Fiend
(@CGUID+233, 0, 0, 1, 16, 0, 0, '45769'), -- Volatile Fiend
(@CGUID+234, 0, 0, 1, 16, 0, 0, '45769'), -- Volatile Fiend
(@CGUID+235, 0, 0, 1, 16, 0, 0, '45769'), -- Volatile Fiend
(@CGUID+236, 0, 0, 1, 16, 0, 0, '45769'), -- Volatile Fiend
(@CGUID+237, 0, 0, 1, 16, 0, 0, '45769'), -- Volatile Fiend
(@CGUID+238, 0, 0, 1, 16, 0, 0, '45769'), -- Volatile Fiend
(@CGUID+239, 0, 0, 1, 16, 0, 0, '45769'), -- Volatile Fiend
(@CGUID+240, 0, 0, 1, 16, 0, 0, '45769'), -- Volatile Fiend
(@CGUID+241, 0, 0, 1, 16, 0, 0, '45769'), -- Volatile Fiend
(@CGUID+242, 0, 0, 1, 16, 0, 0, '45769'), -- Volatile Fiend
(@CGUID+243, 0, 0, 1, 16, 0, 0, '45769'); -- Volatile Fiend

REPLACE INTO `creature_template_addon` (`entry`, `mount`, `bytes1`, `b2_0_sheath`, `b2_1_flags`, `emote`, `moveflags`, `auras`) VALUES
(24850, 0, 3, 1, 16, 0, 0, NULL), -- Kalecgos
(24882, 0, 0, 1, 16, 27, 0, '45769 42459'), -- Brutallus ss.45210
(24891, 0, 0, 1, 16, 0, 0, '44801'), -- Kalecgos
(24892, 0, 0, 1, 16, 0, 0, '44800 44801'), -- Sathrovarr the Corruptor
(24928, 0, 0, 1, 16, 0, 1024, NULL), -- Sunwell Daily Bunny x 1.00
(25165, 0, 0, 1, 16, 0, 0, '42459'), -- Lady Sacrolash
(25315, 0, 0, 1, 0, 0, 0, '45769 47113 46548'), -- Kil'jaeden
(25357, 0, 0, 1, 16, 0, 1024, NULL), -- Felmyst Flight Target - Left
(25358, 0, 0, 1, 16, 0, 1024, NULL), -- Felmyst Flight Target - Right
(25363, 0, 0, 1, 16, 0, 0, '45769'), -- Sunblade Cabalist
(25367, 0, 0, 1, 16, 0, 0, '45769'), -- Sunblade Arch Mage
(25368, 0, 0, 1, 16, 0, 0, '45769 42459'), -- Sunblade Slayer
(25369, 0, 0, 1, 16, 0, 0, '45769'), -- Sunblade Vindicator
(25370, 0, 0, 1, 16, 0, 0, '45769'), -- Sunblade Dusk Priest
(25371, 0, 0, 1, 16, 0, 0, '45769'), -- Sunblade Dawn Priest
(25372, 0, 0, 1, 0, 0, 0, '18950 45769 42459'), -- Sunblade Scout
(25373, 0, 0, 1, 16, 0, 0, '45769'), -- Shadowsword Soulbinder
(25483, 0, 0, 1, 16, 0, 0, '45769 46744'), -- Shadowsword Manafiend
(25484, 0, 0, 1, 16, 0, 0, '45769 16380'), -- Shadowsword Assassin
(25485, 0, 0, 1, 16, 0, 0, '45769 42459'), -- Shadowsword Deathbringer
(25486, 0, 0, 1, 16, 0, 0, '45769 18950'), -- Shadowsword Vanquisher
(25506, 0, 0, 1, 16, 0, 0, '45769'), -- Shadowsword Lifeshaper
(25507, 0, 0, 1, 0, 0, 0, '45769 18950 10255 18943'), -- Sunblade Protector
(25508, 0, 0, 1, 16, 0, 0, '45769'), -- Shadowsword Guardian
(25509, 0, 0, 1, 16, 0, 0, '45769 46267'), -- Priestess of Torment
(25588, 0, 0, 1, 0, 0, 0, '45769'), -- Hand of the Deceiver
(25591, 0, 0, 1, 16, 0, 0, '45769 46277'), -- Painbringer
(25592, 0, 0, 1, 16, 0, 0, '45769 31722'), -- Doomfire Destroyer
(25593, 0, 0, 1, 16, 0, 0, '45769'), -- Apocalypse Guard
(25595, 0, 0, 1, 16, 0, 0, '45769'), -- Chaos Gazer
(25597, 0, 0, 1, 16, 0, 0, '45769'), -- Oblivion Mage
(25598, 0, 0, 1, 16, 0, 0, '45769'), -- Volatile Felfire Fiend ss.47067
(25599, 0, 0, 1, 16, 0, 0, '45769'), -- Cataclysm Hound
(25632, 0, 0, 1, 16, 0, 0, NULL), -- Vindicator Moorba
(25638, 0, 0, 1, 16, 0, 0, NULL), -- Captain Selana
(25639, 0, 0, 1, 16, 0, 0, NULL), -- Anchorite Elbadon
(25644, 0, 0, 1, 16, 0, 0, NULL), -- Neophyte Narama
(25708, 0, 0, 1, 16, 0, 0, '42459'), -- Sinister Reflection
(25744, 0, 0, 1, 0, 0, 0, '45769 45934'), -- Dark Fiend
(25772, 0, 0, 1, 16, 0, 0, '45769 46086'), -- Void Sentinal
(25798, 0, 0, 1, 16, 0, 0, '45769 42459'), -- Shadowsword Berserker
(25799, 0, 0, 1, 16, 0, 0, '45769'), -- Shadowsword Fury Mage
(25824, 0, 0, 1, 16, 0, 0, '45769'), -- Void Spawn
(25837, 0, 0, 1, 16, 0, 0, '45769'), -- Shadowsword Commander
(25851, 0, 0, 1, 16, 0, 0, '45769 46308'), -- Volatile Fiend
(25867, 0, 0, 1, 16, 0, 0, '45769'), -- Sunblade Dragonhawk
(25948, 0, 0, 1, 16, 0, 0, '45769 31722'), -- Doomfire Shard
(25953, 0, 0, 1, 16, 0, 0, NULL), -- Fel Crystal Spell Target
(26101, 0, 0, 1, 16, 0, 0, '45769'); -- Fire Fiend

INSERT INTO `creature_linking` (`guid`, `master_guid`, `flag`) VALUES
-- Sunblade Protectors
(@CGUID+150, @CGUID+61, 1024), -- Sunblade Protector -> Kalecgos
(@CGUID+151, @CGUID+61, 1024), -- Sunblade Protector -> Kalecgos
(@CGUID+152, @CGUID+61, 1024), -- Sunblade Protector -> Kalecgos
(@CGUID+153, @CGUID+61, 1024), -- Sunblade Protector -> Kalecgos
(@CGUID+154, @CGUID+61, 1024), -- Sunblade Protector -> Kalecgos
(@CGUID+155, @CGUID+62, 1024), -- Sunblade Protector -> Brutallus
(@CGUID+156, @CGUID+61, 1024), -- Sunblade Protector -> Kalecgos
(@CGUID+157, @CGUID+61, 1024), -- Sunblade Protector -> Kalecgos
(@CGUID+158, @CGUID+61, 1024), -- Sunblade Protector -> Kalecgos
(@CGUID+159, @CGUID+61, 1024), -- Sunblade Protector -> Kalecgos
-- Sunblade Scouts
(@CGUID+146, @CGUID+61, 1024), -- Sunblade Scout -> Kalecgos
(@CGUID+147, @CGUID+61, 1024), -- Sunblade Scout -> Kalecgos
(@CGUID+148, @CGUID+61, 1024), -- Sunblade Scout -> Kalecgos
(@CGUID+149, @CGUID+61, 1024), -- Sunblade Scout -> Kalecgos
-- Sunblade Group #1
(@CGUID+72, @CGUID+71, 1167), -- Sunblade Cabalist -> Sunblade Cabalist
(@CGUID+97, @CGUID+71, 1167), -- Sunblade Slayer -> Sunblade Cabalist
(@CGUID+104, @CGUID+71, 1167), -- Sunblade Vindicator -> Sunblade Cabalist
(@CGUID+119, @CGUID+71, 1167), -- Sunblade Dusk Priest -> Sunblade Cabalist
(@CGUID+133, @CGUID+71, 1167), -- Sunblade Dawn Priest -> Sunblade Cabalist
(@CGUID+221, @CGUID+71, 1167), -- Sunblade Dragonhawk -> Sunblade Cabalist
(@CGUID+71, @CGUID+61, 1024), -- Sunblade Cabalist -> Kalecgos
-- Sunblade Group #2
(@CGUID+83, @CGUID+70, 1167), -- Sunblade Arch Mage -> Sunblade Cabalist
(@CGUID+84, @CGUID+70, 1167), -- Sunblade Arch Mage -> Sunblade Cabalist
(@CGUID+95, @CGUID+70, 1167), -- Sunblade Slayer -> Sunblade Cabalist
(@CGUID+101, @CGUID+70, 1167), -- Sunblade Vindicator -> Sunblade Cabalist
(@CGUID+131, @CGUID+70, 1167), -- Sunblade Dawn Priest -> Sunblade Cabalist
(@CGUID+219, @CGUID+70, 1167), -- Sunblade Dragonhawk -> Sunblade Cabalist
(@CGUID+70, @CGUID+61, 1024), -- Sunblade Cabalist -> Kalecgos
-- Sunblade Group #3
(@CGUID+89, @CGUID+73, 1167), -- Sunblade Arch Mage -> Sunblade Cabalist
(@CGUID+106, @CGUID+73, 1167), -- Sunblade Vindicator -> Sunblade Cabalist
(@CGUID+120, @CGUID+73, 1167), -- Sunblade Dusk Priest -> Sunblade Cabalist
(@CGUID+137, @CGUID+73, 1167), -- Sunblade Dawn Priest -> Sunblade Cabalist
(@CGUID+138, @CGUID+73, 1167), -- Sunblade Dawn Priest -> Sunblade Cabalist
(@CGUID+73, @CGUID+61, 1024), -- Sunblade Cabalist -> Kalecgos
-- Sunblade Group #4
(@CGUID+87, @CGUID+74, 1167), -- Sunblade Arch Mage -> Sunblade Cabalist
(@CGUID+88, @CGUID+74, 1167), -- Sunblade Arch Mage -> Sunblade Cabalist
(@CGUID+96, @CGUID+74, 1167), -- Sunblade Slayer -> Sunblade Cabalist
(@CGUID+105, @CGUID+74, 1167), -- Sunblade Vindicator -> Sunblade Cabalist
(@CGUID+134, @CGUID+74, 1167), -- Sunblade Dawn Priest -> Sunblade Cabalist
(@CGUID+220, @CGUID+74, 1167), -- Sunblade Dragonhawk -> Sunblade Cabalist
(@CGUID+74, @CGUID+61, 1024), -- Sunblade Cabalist -> Kalecgos
-- Sunblade Group #5
(@CGUID+90, @CGUID+77, 1167), -- Sunblade Arch Mage -> Sunblade Cabalist
(@CGUID+107, @CGUID+77, 1167), -- Sunblade Vindicator -> Sunblade Cabalist
(@CGUID+122, @CGUID+77, 1167), -- Sunblade Dusk Priest -> Sunblade Cabalist
(@CGUID+140, @CGUID+77, 1167), -- Sunblade Dawn Priest -> Sunblade Cabalist
(@CGUID+141, @CGUID+77, 1167), -- Sunblade Dawn Priest -> Sunblade Cabalist
(@CGUID+77, @CGUID+61, 1024), -- Sunblade Cabalist -> Kalecgos
-- Sunblade Group #6
(@CGUID+91, @CGUID+76, 1167), -- creature_spawn_entry -> Sunblade Cabalist
(@CGUID+108, @CGUID+76, 1167), -- creature_spawn_entry -> Sunblade Cabalist
(@CGUID+109, @CGUID+76, 1167), -- Sunblade Vindicator -> Sunblade Cabalist
(@CGUID+121, @CGUID+76, 1167), -- creature_spawn_entry -> Sunblade Cabalist
(@CGUID+139, @CGUID+76, 1167), -- creature_spawn_entry -> Sunblade Cabalist
(@CGUID+76, @CGUID+61, 1024), -- Sunblade Cabalist -> Kalecgos
-- Sunblade Group #7
(@CGUID+93, @CGUID+78, 1167), -- Sunblade Arch Mage -> Sunblade Cabalist
(@CGUID+112, @CGUID+78, 1167), -- Sunblade Vindicator -> Sunblade Cabalist
(@CGUID+124, @CGUID+78, 1167), -- creature_spawn_entry -> Sunblade Cabalist
(@CGUID+143, @CGUID+78, 1167), -- creature_spawn_entry -> Sunblade Cabalist
(@CGUID+145, @CGUID+78, 1167), -- creature_spawn_entry -> Sunblade Cabalist
(@CGUID+78, @CGUID+61, 1024), -- Sunblade Cabalist -> Kalecgos
-- Sunblade Group #8
(@CGUID+80, @CGUID+69, 1167), -- creature_spawn_entry -> Sunblade Cabalist
(@CGUID+100, @CGUID+69, 1167), -- Sunblade Vindicator -> Sunblade Cabalist
(@CGUID+114, @CGUID+69, 1167), -- creature_spawn_entry -> Sunblade Cabalist
(@CGUID+127, @CGUID+69, 1167), -- creature_spawn_entry -> Sunblade Cabalist
(@CGUID+129, @CGUID+69, 1167), -- creature_spawn_entry -> Sunblade Cabalist
(@CGUID+69, @CGUID+61, 1024), -- Sunblade Cabalist -> Kalecgos
-- Sunblade Group #9
(@CGUID+82, @CGUID+68, 1167), -- creature_spawn_entry -> Sunblade Cabalist
(@CGUID+98, @CGUID+68, 1167), -- Sunblade Vindicator -> Sunblade Cabalist
(@CGUID+115, @CGUID+68, 1167), -- creature_spawn_entry -> Sunblade Cabalist
(@CGUID+126, @CGUID+68, 1167), -- creature_spawn_entry -> Sunblade Cabalist
(@CGUID+130, @CGUID+68, 1167), -- creature_spawn_entry -> Sunblade Cabalist
(@CGUID+68, @CGUID+61, 1024), -- Sunblade Cabalist -> Kalecgos
-- Sunblade Group #10
(@CGUID+94, @CGUID+79, 1167), -- creature_spawn_entry -> Sunblade Cabalist
(@CGUID+111, @CGUID+79, 1167), -- creature_spawn_entry -> Sunblade Cabalist
(@CGUID+113, @CGUID+79, 1167), -- Sunblade Vindicator -> Sunblade Cabalist
(@CGUID+125, @CGUID+79, 1167), -- creature_spawn_entry -> Sunblade Cabalist
(@CGUID+144, @CGUID+79, 1167), -- creature_spawn_entry -> Sunblade Cabalist
(@CGUID+79, @CGUID+61, 1024), -- Sunblade Cabalist -> Kalecgos
-- Sunblade Group #11
(@CGUID+86, @CGUID+75, 1167), -- creature_spawn_entry -> Sunblade Cabalist
(@CGUID+103, @CGUID+75, 1167), -- Sunblade Vindicator -> Sunblade Cabalist
(@CGUID+118, @CGUID+75, 1167), -- creature_spawn_entry -> Sunblade Cabalist
(@CGUID+135, @CGUID+75, 1167), -- Sunblade Dawn Priest -> Sunblade Cabalist
(@CGUID+136, @CGUID+75, 1167), -- creature_spawn_entry -> Sunblade Cabalist
(@CGUID+75, @CGUID+62, 1024), -- Sunblade Cabalist -> Brutallus
-- Sunblade Pathing Group #1
(@CGUID+85, @CGUID+102, 1679), -- Sunblade Arch Mage -> Sunblade Vindicator
(@CGUID+117, @CGUID+102, 1679), -- Sunblade Dusk Priest -> Sunblade Vindicator
(@CGUID+132, @CGUID+102, 1679), -- Sunblade Dawn Priest -> Sunblade Vindicator
(@CGUID+102, @CGUID+61, 1024), -- Sunblade Vindicator -> Kalecgos
-- Sunblade Pathing Group #2
(@CGUID+92, @CGUID+110, 1679), -- Sunblade Arch Mage -> Sunblade Vindicator
(@CGUID+123, @CGUID+110, 1679), -- Sunblade Dusk Priest -> Sunblade Vindicator
(@CGUID+142, @CGUID+110, 1679), -- Sunblade Dawn Priest -> Sunblade Vindicator
(@CGUID+110, @CGUID+61, 1024), -- Sunblade Vindicator -> Kalecgos
-- Sunblade Pathing Group #3
(@CGUID+81, @CGUID+99, 1679), -- Sunblade Arch Mage -> Sunblade Vindicator
(@CGUID+116, @CGUID+99, 1679), -- Sunblade Dusk Priest -> Sunblade Vindicator
(@CGUID+128, @CGUID+99, 1679), -- Sunblade Dawn Priest -> Sunblade Vindicator
(@CGUID+99, @CGUID+61, 1024), -- Sunblade Vindicator -> Kalecgos
-- Demon Group #1
(@CGUID+182, @CGUID+172, 1167), -- Oblivion Mage -> Doomfire Destroyer
(@CGUID+184, @CGUID+172, 1167), -- Oblivion Mage -> Doomfire Destroyer
-- Demon Group #2
(@CGUID+164, @CGUID+169, 1167), -- creature_spawn_entry -> Painbringer
(@CGUID+165, @CGUID+169, 1167), -- creature_spawn_entry -> Painbringer
(@CGUID+185, @CGUID+169, 1167), -- Oblivion Mage -> Painbringer
-- Demon Group #3
(@CGUID+174, @CGUID+177, 1167), -- Apocalypse Guard -> Apocalypse Guard
-- Demon Group #4
(@CGUID+187, @CGUID+173, 1167), -- Oblivion Mage -> Doomfire Destroyer
(@CGUID+188, @CGUID+173, 1167), -- Oblivion Mage -> Doomfire Destroyer
-- Demon Group #5
(@CGUID+166, @CGUID+170, 1167), -- Priestess of Torment -> creature_spawn_entry
(@CGUID+167, @CGUID+170, 1167), -- Priestess of Torment -> creature_spawn_entry
(@CGUID+186, @CGUID+170, 1167), -- creature_spawn_entry -> creature_spawn_entry
-- Demon Group #6
(@CGUID+178, @CGUID+179, 1167), -- Apocalypse Guard -> Apocalypse Guard
-- Demon Group #7
(@CGUID+163, @CGUID+168, 1167), -- Priestess of Torment -> Painbringer
(@CGUID+183, @CGUID+168, 1167), -- Oblivion Mage -> Painbringer
-- Demon Group #8
(@CGUID+175, @CGUID+176, 1167), -- Apocalypse Guard -> Apocalypse Guard
-- Shadowsword Ungrouped
(@CGUID+332, @CGUID+346, 1024), -- Shadowsword Soulbinder -> Lady Sacrolash
(@CGUID+333, @CGUID+346, 1024), -- Shadowsword Assassin -> Lady Sacrolash
(@CGUID+334, @CGUID+346, 1024), -- Shadowsword Assassin -> Lady Sacrolash
(@CGUID+335, @CGUID+346, 1024), -- Shadowsword Assassin -> Lady Sacrolash
(@CGUID+336, @CGUID+346, 1024), -- Shadowsword Soulbinder -> Lady Sacrolash
(@CGUID+337, @CGUID+346, 1024), -- Shadowsword Soulbinder -> Lady Sacrolash
-- Shadowsword Group #1
(@CGUID+301, @CGUID+300, 1167), -- Shadowsword Vanquisher -> Shadowsword Manafiend
(@CGUID+302, @CGUID+300, 1167), -- Shadowsword Vanquisher -> Shadowsword Manafiend
(@CGUID+303, @CGUID+300, 1167), -- Shadowsword Lifeshaper -> Shadowsword Manafiend
-- Shadowsword Group #2
(@CGUID+305, @CGUID+304, 1167), -- Shadowsword Vanquisher -> Shadowsword Manafiend
(@CGUID+306, @CGUID+304, 1167), -- Shadowsword Vanquisher -> Shadowsword Manafiend
(@CGUID+307, @CGUID+304, 1167), -- Shadowsword Lifeshaper -> Shadowsword Manafiend
-- Shadowsword Group #3
(@CGUID+309, @CGUID+308, 1167), -- Shadowsword Vanquisher -> Shadowsword Manafiend
(@CGUID+310, @CGUID+308, 1167), -- Shadowsword Vanquisher -> Shadowsword Manafiend
(@CGUID+311, @CGUID+308, 1167), -- Shadowsword Lifeshaper -> Shadowsword Manafiend
-- Shadowsword Group #4
(@CGUID+313, @CGUID+312, 1167), -- Shadowsword Vanquisher -> Shadowsword Manafiend
(@CGUID+314, @CGUID+312, 1167), -- Shadowsword Vanquisher -> Shadowsword Manafiend
(@CGUID+315, @CGUID+312, 1167), -- Shadowsword Lifeshaper -> Shadowsword Manafiend
(@CGUID+316, @CGUID+312, 1167), -- Shadowsword Commander -> Shadowsword Manafiend
-- Gauntlet Spawn Control
(@CGUID+342, @CGUID+316, 144), -- Gauntlet Imp Trigger -> Shadowsword Commander
(@CGUID+343, @CGUID+316, 144), -- Gauntlet Imp Trigger -> Shadowsword Commander
(@CGUID+344, @CGUID+316, 144), -- Gauntlet Imp Trigger -> Shadowsword Commander
-- Shadowsword Group #5
(@CGUID+318, @CGUID+317, 1167), -- Shadowsword Soulbinder -> Shadowsword Soulbinder
(@CGUID+319, @CGUID+317, 1167), -- Shadowsword Soulbinder -> Shadowsword Soulbinder
(@CGUID+320, @CGUID+317, 1167), -- Shadowsword Soulbinder -> Shadowsword Soulbinder
-- Shadowsword Group #6
(@CGUID+322, @CGUID+321, 1167), -- Shadowsword Assassin -> Shadowsword Manafiend
(@CGUID+323, @CGUID+321, 1167), -- Shadowsword Vanquisher -> Shadowsword Manafiend
(@CGUID+324, @CGUID+321, 1167), -- Shadowsword Vanquisher -> Shadowsword Manafiend
(@CGUID+325, @CGUID+321, 1167), -- Shadowsword Lifeshaper -> Shadowsword Manafiend
(@CGUID+338, @CGUID+321, 1167), -- Shadowsword Commander -> Shadowsword Manafiend
-- Shadowsword Group #7
(@CGUID+331, @CGUID+330, 1679), -- Shadowsword Lifeshaper -> Shadowsword Manafiend
-- Shadowsword Group #8
(@CGUID+326, @CGUID+328, 1167), -- Shadowsword Vanquisher -> Shadowsword Manafiend
(@CGUID+327, @CGUID+328, 1167), -- Shadowsword Vanquisher -> Shadowsword Manafiend
(@CGUID+329, @CGUID+328, 1679); -- Shadowsword Assassin -> Shadowsword Manafiend

REPLACE INTO `creature_linking_template` (`entry`, `map`, `master_entry`, `flag`, `search_range`) VALUES
(25319, 580, 25315, 4096, 0), -- Kalecgos -> Kil'jaeden
(25502, 580, 25315, 4112, 0), -- Shield Orb -> Kil'jaeden
(25588, 580, 25588, 15, 0), -- Hand of the Deceiver -> Hand of the Deceiver
(25598, 580, 25588, 4096, 0), -- Volatile Felfire Fiend -> Hand of the Deceiver
(25603, 580, 25588, 4112, 0), -- Felfire Portal -> Hand of the Deceiver
(25708, 580, 25315, 4112, 0), -- Sinister Reflection -> Kil'jaeden
(25735, 580, 25315, 4112, 0), -- Armageddon Target -> Kil'jaeden
(25744, 580, 25840, 4112, 0), -- Dark Fiend -> Entropius
(25772, 580, 25741, 4112, 0), -- Void Sentinel -> M'uru
(25798, 580, 25741, 4112, 0), -- Shadowsword Berserker -> M'uru
(25799, 580, 25741, 4112, 0), -- Shadowsword Fury Mage -> M'uru
(25824, 580, 25741, 4112, 0), -- Void Spawn -> M'uru
(25855, 580, 25840, 4112, 0), -- Singularity -> Entropius
(25879, 580, 25840, 4112, 0), -- Darkness -> Entropius
(26046, 580, 25315, 4, 0); -- Anveena -> Kil'jaeden

INSERT INTO `creature_spawn_entry` (`guid`, `entry`) VALUES
(@CGUID+80, 25367), (@CGUID+80, 25371), -- Sunblade Arch Mage, Sunblade Dawn Priest
(@CGUID+82, 25367), (@CGUID+82, 25371), -- Sunblade Arch Mage, Sunblade Dawn Priest
(@CGUID+86, 25367), (@CGUID+86, 25371), -- Sunblade Arch Mage, Sunblade Dawn Priest
(@CGUID+91, 25367), (@CGUID+91, 25370), -- Sunblade Arch Mage, Sunblade Dusk Priest
(@CGUID+93, 25367), (@CGUID+93, 25371), -- Sunblade Arch Mage, Sunblade Dawn Priest
(@CGUID+94, 25367), (@CGUID+94, 25370), -- Sunblade Arch Mage, Sunblade Dusk Priest
(@CGUID+108, 25369), (@CGUID+108, 25371), -- Sunblade Vindicator, Sunblade Dawn Priest
(@CGUID+111, 25369), (@CGUID+111, 25371), -- Sunblade Vindicator, Sunblade Dawn Priest
(@CGUID+114, 25367), (@CGUID+114, 25370), -- Sunblade Arch Mage, Sunblade Dusk Priest
(@CGUID+115, 25367), (@CGUID+115, 25370), -- Sunblade Arch Mage, Sunblade Dusk Priest
(@CGUID+118, 25367), (@CGUID+118, 25370), -- Sunblade Arch Mage, Sunblade Dusk Priest
(@CGUID+121, 25370), (@CGUID+121, 25371), -- Sunblade Dusk Priest, Sunblade Dawn Priest
(@CGUID+124, 25367), (@CGUID+124, 25370), -- Sunblade Arch Mage, Sunblade Dusk Priest
(@CGUID+125, 25370), (@CGUID+125, 25371), -- Sunblade Dusk Priest, Sunblade Dawn Priest
(@CGUID+126, 25370), (@CGUID+126, 25371), -- Sunblade Dusk Priest, Sunblade Dawn Priest
(@CGUID+127, 25370), (@CGUID+127, 25371), -- Sunblade Dusk Priest, Sunblade Dawn Priest
(@CGUID+129, 25369), (@CGUID+129, 25371), -- Sunblade Vindicator, Sunblade Dawn Priest
(@CGUID+130, 25369), (@CGUID+130, 25371), -- Sunblade Vindicator, Sunblade Dawn Priest
(@CGUID+135, 25369), (@CGUID+135, 25371), -- Sunblade Vindicator, Sunblade Dawn Priest
(@CGUID+136, 25370), (@CGUID+136, 25371), -- Sunblade Dusk Priest, Sunblade Dawn Priest
(@CGUID+139, 25367), (@CGUID+139, 25371), -- Sunblade Arch Mage, Sunblade Dawn Priest
(@CGUID+143, 25369), (@CGUID+143, 25371), -- Sunblade Vindicator, Sunblade Dawn Priest
(@CGUID+144, 25367), (@CGUID+144, 25371), -- Sunblade Arch Mage, Sunblade Dawn Priest
(@CGUID+145, 25370), (@CGUID+145, 25371), -- Sunblade Dusk Priest, Sunblade Dawn Priest
(@CGUID+164, 25509), (@CGUID+164, 25591), -- Priestess of Torment, Painbringer
(@CGUID+165, 25509), (@CGUID+165, 25597), -- Priestess of Torment, Oblivion Mage
(@CGUID+166, 25509), (@CGUID+166, 25597), -- Priestess of Torment, Oblivion Mage
(@CGUID+169, 25509), (@CGUID+169, 25591), -- Priestess of Torment, Painbringer
(@CGUID+170, 25591), (@CGUID+170, 25597), -- Painbringer, Oblivion Mage
(@CGUID+186, 25591), (@CGUID+186, 25597); -- Painbringer, Oblivion Mage

INSERT INTO `creature` (`guid`, `id`, `map`, `spawnMask`, `position_x`, `position_y`, `position_z`, `orientation`, `spawntimesecsmin`, `spawntimesecsmax`, `spawndist`, `currentwaypoint`, `DeathState`, `MovementType`) VALUES
(@CGUID+1, 2110, 580, 1, 1818.5, 508.9164, 32.03217, 0.7442429, 7200, 7200, 10, 0, 0, 1), -- Black Rat
(@CGUID+2, 2110, 580, 1, 1834.577, 570.6224, 32.03031, 4.081342, 7200, 7200, 10, 0, 0, 1), -- Black Rat
(@CGUID+3, 2110, 580, 1, 1916.314, 456.171, 32.03217, 3.50088, 7200, 7200, 10, 0, 0, 1), -- Black Rat
(@CGUID+4, 2110, 580, 1, 1917.583, 525.7469, 32.02339, 6.046638, 7200, 7200, 10, 0, 0, 1), -- Black Rat
(@CGUID+5, 19871, 580, 1, 1533.365, 630.7656, 58.52318, 5.88176, 7200, 7200, 0, 0, 0, 0), -- World Trigger (Not Immune NPC)
(@CGUID+6, 22515, 580, 1, 1441.64, 520.52, 50.08333, 1.710423, 7200, 7200, 0, 0, 0, 0), -- World Trigger
(@CGUID+7, 22515, 580, 1, 1446.54, 702.57, 50.08333, 0.3316126, 7200, 7200, 0, 0, 0, 0), -- World Trigger
(@CGUID+8, 22515, 580, 1, 1467.22, 516.319, 50.08333, 0.3490658, 7200, 7200, 0, 0, 0, 0), -- World Trigger
(@CGUID+9, 22515, 580, 1, 1469.94, 704.239, 50.08333, 3.420845, 7200, 7200, 0, 0, 0, 0), -- World Trigger
(@CGUID+10, 22515, 580, 1, 1492.82, 515.668, 50.08333, 4.39823, 7200, 7200, 0, 0, 0, 0), -- World Trigger
(@CGUID+11, 22515, 580, 1, 1494.76, 705, 50.08333, 0.01745329, 7200, 7200, 0, 0, 0, 0), -- World Trigger
(@CGUID+12, 22515, 580, 1, 1532.682, 651.8177, 110.7931, 3.193953, 7200, 7200, 0, 0, 0, 0), -- World Trigger
(@CGUID+13, 22515, 580, 1, 1789.115, 650.0495, 71.28833, 5.358161, 7200, 7200, 0, 0, 0, 0), -- World Trigger
(@CGUID+14, 22515, 580, 1, 1845.15, 601.502, 71.37345, 2.426008, 7200, 7200, 0, 0, 0, 0), -- World Trigger
(@CGUID+15, 23472, 580, 1, 1451.98, 660, 23.05333, 5.550147, 7200, 7200, 0, 0, 0, 0), -- World Trigger (Large AOI Not Immune PC/NPC)
(@CGUID+16, 23472, 580, 1, 1451.98, 640, 23.05583, 3.769911, 7200, 7200, 0, 0, 0, 0), -- World Trigger (Large AOI Not Immune PC/NPC)
(@CGUID+17, 23472, 580, 1, 1451.98, 620, 23.05583, 0, 7200, 7200, 0, 0, 0, 0), -- World Trigger (Large AOI Not Immune PC/NPC)
(@CGUID+18, 23472, 580, 1, 1451.98, 600, 23.05583, 5.183628, 7200, 7200, 0, 0, 0, 0), -- World Trigger (Large AOI Not Immune PC/NPC)
(@CGUID+19, 23472, 580, 1, 1451.98, 580, 23.05583, 4.13643, 7200, 7200, 0, 0, 0, 0), -- World Trigger (Large AOI Not Immune PC/NPC)
(@CGUID+20, 23472, 580, 1, 1451.98, 560, 23.05583, 0.6108652, 7200, 7200, 0, 0, 0, 0), -- World Trigger (Large AOI Not Immune PC/NPC)
(@CGUID+21, 23472, 580, 1, 1451.98, 540, 23.05583, 2.338741, 7200, 7200, 0, 0, 0, 0), -- World Trigger (Large AOI Not Immune PC/NPC)
(@CGUID+22, 23472, 580, 1, 1451.985, 679.459, 23.05798, 1.396263, 7200, 7200, 0, 0, 0, 0), -- World Trigger (Large AOI Not Immune PC/NPC)
(@CGUID+23, 23472, 580, 1, 1472.54, 659.9987, 20.80587, 6.195919, 7200, 7200, 0, 0, 0, 0), -- World Trigger (Large AOI Not Immune PC/NPC)
(@CGUID+24, 23472, 580, 1, 1472.548, 580.0213, 22.44633, 4.153883, 7200, 7200, 0, 0, 0, 0), -- World Trigger (Large AOI Not Immune PC/NPC)
(@CGUID+25, 23472, 580, 1, 1472.556, 639.9872, 21.32668, 3.979351, 7200, 7200, 0, 0, 0, 0), -- World Trigger (Large AOI Not Immune PC/NPC)
(@CGUID+26, 23472, 580, 1, 1472.558, 679.989, 22.36037, 4.468043, 7200, 7200, 0, 0, 0, 0), -- World Trigger (Large AOI Not Immune PC/NPC)
(@CGUID+27, 23472, 580, 1, 1472.567, 619.9999, 22.268, 4.939282, 7200, 7200, 0, 0, 0, 0), -- World Trigger (Large AOI Not Immune PC/NPC)
(@CGUID+28, 23472, 580, 1, 1472.569, 600.0189, 23.25804, 5.113815, 7200, 7200, 0, 0, 0, 0), -- World Trigger (Large AOI Not Immune PC/NPC)
(@CGUID+29, 23472, 580, 1, 1472.578, 539.995, 23.00615, 3.857178, 7200, 7200, 0, 0, 0, 0), -- World Trigger (Large AOI Not Immune PC/NPC)
(@CGUID+30, 23472, 580, 1, 1472.579, 559.9998, 22.87502, 1.832596, 7200, 7200, 0, 0, 0, 0), -- World Trigger (Large AOI Not Immune PC/NPC)
(@CGUID+31, 23472, 580, 1, 1494.943, 580.0077, 23.84341, 5.480334, 7200, 7200, 0, 0, 0, 0), -- World Trigger (Large AOI Not Immune PC/NPC)
(@CGUID+32, 23472, 580, 1, 1494.957, 599.9139, 25.30301, 4.24115, 7200, 7200, 0, 0, 0, 0), -- World Trigger (Large AOI Not Immune PC/NPC)
(@CGUID+33, 23472, 580, 1, 1494.964, 560.0096, 25.2375, 4.625123, 7200, 7200, 0, 0, 0, 0), -- World Trigger (Large AOI Not Immune PC/NPC)
(@CGUID+34, 23472, 580, 1, 1494.97, 540.0168, 25.81355, 4.468043, 7200, 7200, 0, 0, 0, 0), -- World Trigger (Large AOI Not Immune PC/NPC)
(@CGUID+35, 23472, 580, 1, 1495.095, 659.942, 22.83684, 6.265732, 7200, 7200, 0, 0, 0, 0), -- World Trigger (Large AOI Not Immune PC/NPC)
(@CGUID+36, 23472, 580, 1, 1495.1, 680, 21.21973, 5.72468, 7200, 7200, 0, 0, 0, 0), -- World Trigger (Large AOI Not Immune PC/NPC)
(@CGUID+37, 23472, 580, 1, 1495.131, 620.0124, 25.36588, 4.171337, 7200, 7200, 0, 0, 0, 0), -- World Trigger (Large AOI Not Immune PC/NPC)
(@CGUID+38, 23472, 580, 1, 1495.291, 639.8345, 23.63986, 3.822271, 7200, 7200, 0, 0, 0, 0), -- World Trigger (Large AOI Not Immune PC/NPC)
(@CGUID+39, 23472, 580, 1, 1507.31, 693.9566, 28.84901, 2.897247, 7200, 7200, 0, 0, 0, 0), -- World Trigger (Large AOI Not Immune PC/NPC)
(@CGUID+40, 23472, 580, 1, 1510.45, 524.3538, 26.62838, 2.984513, 7200, 7200, 0, 0, 0, 0), -- World Trigger (Large AOI Not Immune PC/NPC)
(@CGUID+41, 23472, 580, 1, 1513.255, 571.2089, 28.79667, 3.700098, 7200, 7200, 0, 0, 0, 0), -- World Trigger (Large AOI Not Immune PC/NPC)
(@CGUID+42, 23472, 580, 1, 1513.844, 672.9007, 25.21263, 1.186824, 7200, 7200, 0, 0, 0, 0), -- World Trigger (Large AOI Not Immune PC/NPC)
(@CGUID+43, 23472, 580, 1, 1514.722, 549.3094, 30.14333, 5.88176, 7200, 7200, 0, 0, 0, 0), -- World Trigger (Large AOI Not Immune PC/NPC)
(@CGUID+44, 23472, 580, 1, 1516.205, 642.4022, 27.15589, 0.9599311, 7200, 7200, 0, 0, 0, 0), -- World Trigger (Large AOI Not Immune PC/NPC)
(@CGUID+45, 23472, 580, 1, 1517.396, 614.2362, 29.78163, 1.500983, 7200, 7200, 0, 0, 0, 0), -- World Trigger (Large AOI Not Immune PC/NPC)
(@CGUID+46, 23472, 580, 1, 1517.9, 632.3904, 41.67211, 5.707227, 7200, 7200, 0, 0, 0, 0), -- World Trigger (Large AOI Not Immune PC/NPC)
(@CGUID+47, 23472, 580, 1, 1519.183, 509.7623, 21.40336, 5.462881, 7200, 7200, 0, 0, 0, 0), -- World Trigger (Large AOI Not Immune PC/NPC)
(@CGUID+48, 23472, 580, 1, 1523.573, 587.7142, 31.00927, 1.727876, 7200, 7200, 0, 0, 0, 0), -- World Trigger (Large AOI Not Immune PC/NPC)
(@CGUID+49, 23472, 580, 1, 1525.772, 622.4542, 35.69397, 1.099557, 7200, 7200, 0, 0, 0, 0), -- World Trigger (Large AOI Not Immune PC/NPC)
(@CGUID+50, 23472, 580, 1, 1526.312, 636.4926, 36.25603, 2.80998, 7200, 7200, 0, 0, 0, 0), -- World Trigger (Large AOI Not Immune PC/NPC)
(@CGUID+51, 23472, 580, 1, 1527.6, 536.7899, 30.63383, 4.014257, 7200, 7200, 0, 0, 0, 0), -- World Trigger (Large AOI Not Immune PC/NPC)
(@CGUID+52, 23472, 580, 1, 1529.809, 515.1077, 23.65882, 2.426008, 7200, 7200, 0, 0, 0, 0), -- World Trigger (Large AOI Not Immune PC/NPC)
(@CGUID+53, 23472, 580, 1, 1530.793, 650.8044, 35.89225, 4.258604, 7200, 7200, 0, 0, 0, 0), -- World Trigger (Large AOI Not Immune PC/NPC)
(@CGUID+54, 23472, 580, 1, 1530.966, 609.0054, 35.88847, 2.844887, 7200, 7200, 0, 0, 0, 0), -- World Trigger (Large AOI Not Immune PC/NPC)
(@CGUID+55, 23472, 580, 1, 1531.064, 666.5532, 27.40527, 4.363323, 7200, 7200, 0, 0, 0, 0), -- World Trigger (Large AOI Not Immune PC/NPC)
(@CGUID+56, 23472, 580, 1, 1532.74, 556.1221, 33.09173, 2.495821, 7200, 7200, 0, 0, 0, 0), -- World Trigger (Large AOI Not Immune PC/NPC)
(@CGUID+57, 23472, 580, 1, 1541.258, 516.8379, 25.65002, 2.286381, 7200, 7200, 0, 0, 0, 0), -- World Trigger (Large AOI Not Immune PC/NPC)
(@CGUID+58, 23472, 580, 1, 1545.401, 594.8864, 35.95386, 2.635447, 7200, 7200, 0, 0, 0, 0), -- World Trigger (Large AOI Not Immune PC/NPC)
(@CGUID+59, 23472, 580, 1, 1550.993, 537.98, 33.60179, 4.39823, 7200, 7200, 0, 0, 0, 0), -- World Trigger (Large AOI Not Immune PC/NPC)
(@CGUID+60, 23472, 580, 1, 1555.983, 520.8634, 28.07638, 0.5934119, 7200, 7200, 0, 0, 0, 0), -- World Trigger (Large AOI Not Immune PC/NPC)
(@CGUID+61, 24850, 580, 1, 1704.215, 924.7576, 53.16081, 1.53589, 7200, 7200, 0, 0, 0, 0), -- Kalecgos
(@CGUID+62, 24882, 580, 1, 1463.828, 611.512, 21.57002, 1.623156, 7200, 7200, 0, 0, 0, 0), -- Brutallus
-- (@CGUID+63 RE-USE
(@CGUID+64, 24892, 580, 1, 1699.906, 929.0208, -74.28365, 6.161012, 7200, 7200, 0, 0, 0, 0), -- Sathrovarr the Corruptor
(@CGUID+65, 24928, 580, 1, 2053.962, 798.5794, 50.3158, 0.01745329, 7200, 7200, 0, 0, 0, 0), -- Sunwell Daily Bunny x 1.00
(@CGUID+66, 25357, 580, 1, 1468.38, 730.267, 60.08333, 5.078908, 7200, 7200, 0, 0, 0, 0), -- Felmyst Flight Target  Left
(@CGUID+67, 25358, 580, 1, 1458.17, 501.295, 60.08333, 2.932153, 7200, 7200, 0, 0, 0, 0), -- Felmyst Flight Target  Right
(@CGUID+68, 25363, 580, 1, 1601.496, 1012.656, 36.15469, 0.5759587, 7200, 7200, 0, 0, 0, 2), -- Sunblade Cabalist
(@CGUID+69, 25363, 580, 1, 1615.848, 831.3292, 36.15471, 2.321288, 7200, 7200, 0, 0, 0, 2), -- Sunblade Cabalist
(@CGUID+70, 25363, 580, 1, 1626.438, 924.5206, 15.62521, 4.625123, 7200, 7200, 0, 0, 0, 0), -- Sunblade Cabalist
(@CGUID+71, 25363, 580, 1, 1651.34, 922.4102, 15.64149, 4.066617, 7200, 7200, 0, 0, 0, 0), -- Sunblade Cabalist
(@CGUID+72, 25363, 580, 1, 1655.143, 923.4527, 15.62657, 4.886922, 7200, 7200, 0, 0, 0, 0), -- Sunblade Cabalist
(@CGUID+73, 25363, 580, 1, 1656.108, 988.5925, 16.07006, 3.996804, 7200, 7200, 0, 0, 0, 0), -- Sunblade Cabalist
(@CGUID+74, 25363, 580, 1, 1663.223, 1047.789, 16.06913, 5.148721, 7200, 7200, 0, 0, 0, 0), -- Sunblade Cabalist
(@CGUID+75, 25363, 580, 1, 1663.316, 744.1035, 53.48292, 1.064651, 7200, 7200, 0, 0, 0, 2), -- Sunblade Cabalist
(@CGUID+76, 25363, 580, 1, 1739.85, 1004.785, 16.07172, 5.462881, 7200, 7200, 0, 0, 0, 0), -- Sunblade Cabalist
(@CGUID+77, 25363, 580, 1, 1745.81, 1060.313, 16.06908, 3.054326, 7200, 7200, 0, 0, 0, 0), -- Sunblade Cabalist
(@CGUID+78, 25363, 580, 1, 1808.752, 845.2795, 36.1014, 3.787364, 7200, 7200, 0, 0, 0, 2), -- Sunblade Cabalist
(@CGUID+79, 25363, 580, 1, 1810.951, 1018.313, 36.15471, 3.228859, 7200, 7200, 0, 0, 0, 2), -- Sunblade Cabalist
(@CGUID+80, 0, 580, 1, 1601.444, 852.2513, 36.15467, 5.270895, 7200, 7200, 0, 0, 0, 2), -- creature_spawn_entry
(@CGUID+81, 25367, 580, 1, 1609.562, 1048.224, 35.76407, 1.579241, 7200, 7200, 0, 0, 0, 0), -- Sunblade Arch Mage
(@CGUID+82, 0, 580, 1, 1622.067, 1027.104, 36.15471, 3.682645, 7200, 7200, 0, 0, 0, 2), -- creature_spawn_entry
(@CGUID+83, 25367, 580, 1, 1635.095, 923.5757, 15.63106, 4.485496, 7200, 7200, 0, 0, 0, 0), -- Sunblade Arch Mage
(@CGUID+84, 25367, 580, 1, 1636.244, 927.0879, 17.16376, 4.974188, 7200, 7200, 0, 0, 0, 0), -- Sunblade Arch Mage
(@CGUID+85, 25367, 580, 1, 1644.34, 969.4986, 16.10431, 1.767221, 7200, 7200, 0, 0, 0, 0), -- Sunblade Arch Mage
(@CGUID+86, 0, 580, 1, 1657.57, 730.2337, 53.48614, 0.541052, 7200, 7200, 0, 0, 0, 2), -- creature_spawn_entry
(@CGUID+87, 25367, 580, 1, 1658.563, 1049.724, 16.06905, 4.066617, 7200, 7200, 0, 0, 0, 0), -- Sunblade Arch Mage
(@CGUID+88, 25367, 580, 1, 1659.495, 1042.773, 16.06903, 5.131268, 7200, 7200, 0, 0, 0, 0), -- Sunblade Arch Mage
(@CGUID+89, 25367, 580, 1, 1680.039, 992.16, 16.06915, 5.026548, 7200, 7200, 0, 0, 0, 0), -- Sunblade Arch Mage
(@CGUID+90, 25367, 580, 1, 1742.134, 1066.91, 16.06907, 5.637414, 7200, 7200, 0, 0, 0, 0), -- Sunblade Arch Mage
(@CGUID+91, 0, 580, 1, 1744.912, 996.5823, 16.06912, 3.612832, 7200, 7200, 0, 0, 0, 0), -- creature_spawn_entry
(@CGUID+92, 25367, 580, 1, 1779.512, 837.6188, 36.33966, 5.984658, 7200, 7200, 0, 0, 0, 0), -- Sunblade Arch Mage
(@CGUID+93, 0, 580, 1, 1789.789, 830.6739, 36.1109, 0.6806784, 7200, 7200, 0, 0, 0, 2), -- creature_spawn_entry
(@CGUID+94, 0, 580, 1, 1799.236, 1025.188, 36.15472, 4.886922, 7200, 7200, 0, 0, 0, 2), -- creature_spawn_entry
(@CGUID+95, 25368, 580, 1, 1628.533, 929.1752, 17.16428, 5.759586, 7200, 7200, 0, 0, 0, 0), -- Sunblade Slayer
(@CGUID+96, 25368, 580, 1, 1652.436, 1052.543, 16.06901, 2.443461, 7200, 7200, 0, 0, 0, 0), -- Sunblade Slayer
(@CGUID+97, 25368, 580, 1, 1662.597, 929.8748, 17.16068, 3.700098, 7200, 7200, 0, 0, 0, 0), -- Sunblade Slayer
(@CGUID+98, 25369, 580, 1, 1610.039, 1005.992, 36.15468, 1.570796, 7200, 7200, 0, 0, 0, 2), -- Sunblade Vindicator
(@CGUID+99, 25369, 580, 1, 1611.243, 1054.284, 35.79039, 1.579244, 7200, 7200, 0, 0, 0, 2), -- Sunblade Vindicator
(@CGUID+100, 25369, 580, 1, 1620.703, 840.9047, 36.1547, 3.141593, 7200, 7200, 0, 0, 0, 2), -- Sunblade Vindicator
(@CGUID+101, 25369, 580, 1, 1624.703, 927.2446, 17.16427, 4.799655, 7200, 7200, 0, 0, 0, 0), -- Sunblade Vindicator
(@CGUID+102, 25369, 580, 1, 1646.127, 975.6876, 16.0957, 1.561919, 7200, 7200, 0, 0, 0, 2), -- Sunblade Vindicator
(@CGUID+103, 25369, 580, 1, 1650.827, 739.0778, 53.48655, 0.296706, 7200, 7200, 0, 0, 0, 2), -- Sunblade Vindicator
(@CGUID+104, 25369, 580, 1, 1654.779, 927.1827, 17.16076, 4.380776, 7200, 7200, 0, 0, 0, 0), -- Sunblade Vindicator
(@CGUID+105, 25369, 580, 1, 1656.326, 1053.612, 16.06903, 4.555309, 7200, 7200, 0, 0, 0, 0), -- Sunblade Vindicator
(@CGUID+106, 25369, 580, 1, 1669.23, 980.834, 16.06915, 0.9948376, 7200, 7200, 0, 0, 0, 0), -- Sunblade Vindicator
(@CGUID+107, 25369, 580, 1, 1747.613, 1066.374, 16.06907, 2.740167, 7200, 7200, 0, 0, 0, 0), -- Sunblade Vindicator
(@CGUID+108, 0, 580, 1, 1754.305, 1002.016, 16.06912, 1.361357, 7200, 7200, 0, 0, 0, 0), -- creature_spawn_entry
(@CGUID+109, 25369, 580, 1, 1757.439, 995.046, 16.09569, 0.715585, 7200, 7200, 0, 0, 0, 0), -- Sunblade Vindicator
(@CGUID+110, 25369, 580, 1, 1769.404, 836.6418, 35.42621, 3.41411, 7200, 7200, 0, 0, 0, 2), -- Sunblade Vindicator
(@CGUID+111, 0, 580, 1, 1798.134, 1009.513, 36.1547, 1.308997, 7200, 7200, 0, 0, 0, 2), -- creature_spawn_entry
(@CGUID+112, 25369, 580, 1, 1799.571, 851.0526, 36.11535, 4.625123, 7200, 7200, 0, 0, 0, 2), -- Sunblade Vindicator
(@CGUID+113, 25369, 580, 1, 1806.778, 1008.494, 36.1547, 1.762783, 7200, 7200, 0, 0, 0, 2), -- Sunblade Vindicator
(@CGUID+114, 0, 580, 1, 1595.125, 841.7625, 36.1547, 0.1919862, 7200, 7200, 0, 0, 0, 2), -- creature_spawn_entry
(@CGUID+115, 0, 580, 1, 1610.821, 1033.822, 36.15471, 4.817109, 7200, 7200, 0, 0, 0, 2), -- creature_spawn_entry
(@CGUID+116, 25370, 580, 1, 1613.026, 1048.253, 35.76405, 1.579236, 7200, 7200, 0, 0, 0, 0), -- Sunblade Dusk Priest
(@CGUID+117, 25370, 580, 1, 1647.804, 969.4678, 16.10431, 1.750014, 7200, 7200, 0, 0, 0, 0), -- Sunblade Dusk Priest
(@CGUID+118, 0, 580, 1, 1661.507, 734.1816, 53.4848, 3.630285, 7200, 7200, 0, 0, 0, 2), -- creature_spawn_entry
(@CGUID+119, 25370, 580, 1, 1665.592, 926.209, 17.07977, 4.607669, 7200, 7200, 0, 0, 0, 0), -- Sunblade Dusk Priest
(@CGUID+120, 25370, 580, 1, 1671.596, 994.7348, 16.06922, 4.258604, 7200, 7200, 0, 0, 0, 0), -- Sunblade Dusk Priest
(@CGUID+121, 0, 580, 1, 1740.644, 1000.652, 16.07076, 1.797689, 7200, 7200, 0, 0, 0, 0), -- creature_spawn_entry
(@CGUID+122, 25370, 580, 1, 1750.619, 1052.442, 16.06909, 2.6529, 7200, 7200, 0, 0, 0, 0), -- Sunblade Dusk Priest
(@CGUID+123, 25370, 580, 1, 1773.624, 839.6193, 36.33966, 2.816358, 7200, 7200, 0, 0, 0, 0), -- Sunblade Dusk Priest
(@CGUID+124, 0, 580, 1, 1800.934, 825.5906, 36.11398, 1.727876, 7200, 7200, 0, 0, 0, 2), -- creature_spawn_entry
(@CGUID+125, 0, 580, 1, 1805.409, 1025.041, 36.15472, 4.380776, 7200, 7200, 0, 0, 0, 2), -- creature_spawn_entry
(@CGUID+126, 0, 580, 1, 1600.453, 1025.696, 36.1547, 5.759586, 7200, 7200, 0, 0, 0, 2), -- creature_spawn_entry
(@CGUID+127, 0, 580, 1, 1602.75, 831.1286, 36.15472, 1.169371, 7200, 7200, 0, 0, 0, 2), -- creature_spawn_entry
(@CGUID+128, 25371, 580, 1, 1611.269, 1051.238, 35.69367, 1.579241, 7200, 7200, 0, 0, 0, 0), -- Sunblade Dawn Priest
(@CGUID+129, 0, 580, 1, 1616.22, 850.0135, 36.15468, 4.153883, 7200, 7200, 0, 0, 0, 2), -- creature_spawn_entry
(@CGUID+130, 0, 580, 1, 1620.54, 1011.616, 36.15469, 2.530727, 7200, 7200, 0, 0, 0, 2), -- creature_spawn_entry
(@CGUID+131, 25371, 580, 1, 1621.564, 926.5593, 16.58608, 5.358161, 7200, 7200, 0, 0, 0, 0), -- Sunblade Dawn Priest
(@CGUID+132, 25371, 580, 1, 1646.099, 972.4831, 16.10431, 1.21487, 7200, 7200, 0, 0, 0, 0), -- Sunblade Dawn Priest
(@CGUID+133, 25371, 580, 1, 1652.316, 925.7142, 16.58208, 6.038839, 7200, 7200, 0, 0, 0, 0), -- Sunblade Dawn Priest
(@CGUID+134, 25371, 580, 1, 1653.935, 1047.859, 16.06901, 0.4537856, 7200, 7200, 0, 0, 0, 0), -- Sunblade Dawn Priest
(@CGUID+135, 0, 580, 1, 1656.752, 741.8227, 53.48462, 4.607669, 7200, 7200, 0, 0, 0, 2), -- creature_spawn_entry
(@CGUID+136, 0, 580, 1, 1662.47, 748.0851, 53.48222, 5.794493, 7200, 7200, 0, 0, 0, 2), -- creature_spawn_entry
(@CGUID+137, 25371, 580, 1, 1668.311, 992.2905, 16.06979, 0.3141593, 7200, 7200, 0, 0, 0, 0), -- Sunblade Dawn Priest
(@CGUID+138, 25371, 580, 1, 1682.59, 982.975, 16.06915, 3.281219, 7200, 7200, 0, 0, 0, 0), -- Sunblade Dawn Priest
(@CGUID+139, 0, 580, 1, 1740.454, 992.8877, 16.06912, 1.047198, 7200, 7200, 0, 0, 0, 0), -- creature_spawn_entry
(@CGUID+140, 25371, 580, 1, 1744.378, 1054.487, 16.06908, 0.3490658, 7200, 7200, 0, 0, 0, 0), -- Sunblade Dawn Priest
(@CGUID+141, 25371, 580, 1, 1746.264, 1070.934, 16.06907, 4.520403, 7200, 7200, 0, 0, 0, 0), -- Sunblade Dawn Priest
(@CGUID+142, 25371, 580, 1, 1771.42, 837.2551, 35.5854, 3.610206, 7200, 7200, 0, 0, 0, 0), -- Sunblade Dawn Priest
(@CGUID+143, 0, 580, 1, 1790.5, 844.5107, 36.09677, 5.811946, 7200, 7200, 0, 0, 0, 2), -- creature_spawn_entry
(@CGUID+144, 0, 580, 1, 1794.171, 1017.787, 36.15471, 0.4886922, 7200, 7200, 0, 0, 0, 2), -- creature_spawn_entry
(@CGUID+145, 0, 580, 1, 1809.878, 833.4017, 36.09933, 2.984513, 7200, 7200, 0, 0, 0, 2), -- creature_spawn_entry
(@CGUID+146, 25372, 580, 1, 1650.657, 980.2799, 16.10431, 3.857953, 7200, 7200, 0, 0, 0, 2), -- Sunblade Scout
(@CGUID+147, 25372, 580, 1, 1670.401, 1050.408, 16.09803, 0.944893, 7200, 7200, 0, 0, 0, 2), -- Sunblade Scout
(@CGUID+148, 25372, 580, 1, 1749.007, 1040.563, 16.10991, 3.891618, 7200, 7200, 0, 0, 0, 2), -- Sunblade Scout
(@CGUID+149, 25372, 580, 1, 1752.445, 994.5071, 16.20225, 1.424822, 7200, 7200, 0, 0, 0, 2), -- Sunblade Scout
(@CGUID+150, 25507, 580, 1, 1615.634, 971.5053, 17.44641, 0.2792527, 7200, 7200, 0, 0, 0, 0), -- Sunblade Protector
(@CGUID+151, 25507, 580, 1, 1638.185, 1025.728, 16.91617, 0.3839724, 7200, 7200, 0, 0, 0, 0), -- Sunblade Protector
(@CGUID+152, 25507, 580, 1, 1670.692, 1083.329, 16.90164, 5.009095, 7200, 7200, 0, 0, 0, 0), -- Sunblade Protector
(@CGUID+153, 25507, 580, 1, 1672.398, 891.0997, 14.62765, 2.164311, 7200, 7200, 0, 0, 0, 2), -- Sunblade Protector
(@CGUID+154, 25507, 580, 1, 1689.932, 1016.3, 17.09456, 3.298672, 7200, 7200, 0, 0, 0, 0), -- Sunblade Protector
(@CGUID+155, 25507, 580, 1, 1700.759, 746.3304, 53.51117, 1.692969, 7200, 7200, 0, 0, 0, 2), -- Sunblade Protector - On Kalecgos death remove aura 10255 and start pathing
(@CGUID+156, 25507, 580, 1, 1704.541, 982.2357, 53.07217, 1.50733, 7200, 7200, 0, 0, 0, 2), -- Sunblade Protector
(@CGUID+157, 25507, 580, 1, 1720.031, 1022.798, 16.58696, 0.3839724, 7200, 7200, 0, 0, 0, 0), -- Sunblade Protector
(@CGUID+158, 25507, 580, 1, 1764.875, 945.3754, 16.90821, 1.605703, 7200, 7200, 0, 0, 0, 0), -- Sunblade Protector - unconfirmed
(@CGUID+159, 25507, 580, 1, 1772.698, 1081.986, 17.86209, 4.677482, 7200, 7200, 0, 0, 0, 0), -- Sunblade Protector
(@CGUID+160, 25507, 580, 1, 1783.857, 1037.209, 17.62657, 2.687807, 7200, 7200, 0, 0, 0, 0), -- Sunblade Protector
(@CGUID+161, 25508, 580, 1, 1655.103, 695.9481, 53.93951, 3.719032, 7200, 7200, 0, 0, 0, 2), -- Shadowsword Guardian
(@CGUID+162, 25508, 580, 1, 1659.125, 563.5895, 33.32103, 2.690366, 7200, 7200, 0, 0, 0, 2), -- Shadowsword Guardian
(@CGUID+163, 25509, 580, 1, 1853.727, 457.4495, 32.1155, 0.9773844, 7200, 7200, 0, 0, 0, 0), -- Priestess of Torment
(@CGUID+164, 0, 580, 1, 1871.085, 594.3121, 32.11271, 0.1570796, 7200, 7200, 0, 0, 0, 0), -- creature_spawn_entry
(@CGUID+165, 0, 580, 1, 1883.228, 598.1644, 32.11551, 3.525565, 7200, 7200, 0, 0, 0, 0), -- creature_spawn_entry
(@CGUID+166, 0, 580, 1, 1914.773, 535.8484, 32.09056, 0.5235988, 7200, 7200, 0, 0, 0, 0), -- creature_spawn_entry
(@CGUID+167, 25509, 580, 1, 1917.303, 517.7648, 32.11562, 6.126106, 7200, 7200, 0, 0, 0, 0), -- Priestess of Torment
(@CGUID+168, 25591, 580, 1, 1864.21, 454.597, 32.11551, 1.291544, 7200, 7200, 0, 0, 0, 0), -- Painbringer
(@CGUID+169, 0, 580, 1, 1879.155, 587.7015, 32.11551, 2.042035, 7200, 7200, 0, 0, 0, 0), -- creature_spawn_entry
(@CGUID+170, 0, 580, 1, 1913.788, 508.0453, 32.1156, 5.986479, 7200, 7200, 0, 0, 0, 0), -- creature_spawn_entry
(@CGUID+171, 25592, 580, 1, 1835.517, 482.012, 32.02716, 4.822407, 7200, 7200, 5, 0, 0, 1), -- Doomfire Destroyer
(@CGUID+172, 25592, 580, 1, 1843.338, 693.5061, 32.11551, 3.979351, 7200, 7200, 0, 0, 0, 0), -- Doomfire Destroyer
(@CGUID+173, 25592, 580, 1, 1949.778, 543.3265, 32.11342, 3.385939, 7200, 7200, 0, 0, 0, 0), -- Doomfire Destroyer
(@CGUID+174, 25593, 580, 1, 1848.089, 574.6019, 32.11205, 0.6457718, 7200, 7200, 0, 0, 0, 0), -- Apocalypse Guard
(@CGUID+175, 25593, 580, 1, 1853.3, 588.6526, 71.39537, 5.759586, 7200, 7200, 0, 0, 0, 0), -- Apocalypse Guard
(@CGUID+176, 25593, 580, 1, 1860.021, 596.4162, 71.39371, 5.707227, 7200, 7200, 0, 0, 0, 0), -- Apocalypse Guard
(@CGUID+177, 25593, 580, 1, 1868.293, 557.0449, 32.11552, 1.169371, 7200, 7200, 0, 0, 0, 0), -- Apocalypse Guard
(@CGUID+178, 25593, 580, 1, 1927.917, 469.0029, 32.11552, 2.251475, 7200, 7200, 0, 0, 0, 0), -- Apocalypse Guard
(@CGUID+179, 25593, 580, 1, 1939.845, 479.8283, 32.11552, 2.86234, 7200, 7200, 0, 0, 0, 0), -- Apocalypse Guard
(@CGUID+180, 25595, 580, 1, 1917.794, 478.2709, 32.0322, 3.945943, 7200, 7200, 0, 0, 0, 2), -- Chaos Gazer
(@CGUID+181, 25595, 580, 1, 1923.159, 567.4229, 32.02298, 2.495471, 7200, 7200, 0, 0, 0, 2), -- Chaos Gazer
(@CGUID+182, 25597, 580, 1, 1830.805, 692.5985, 32.11551, 6.126106, 7200, 7200, 0, 0, 0, 2), -- Oblivion Mage
(@CGUID+183, 25597, 580, 1, 1845.191, 461.8214, 32.11549, 0.8203048, 7200, 7200, 0, 0, 0, 0), -- Oblivion Mage
(@CGUID+184, 25597, 580, 1, 1849.583, 683.4805, 32.11378, 1.762783, 7200, 7200, 0, 0, 0, 2), -- Oblivion Mage
(@CGUID+185, 25597, 580, 1, 1870.42, 603.783, 32.11551, 5.235988, 7200, 7200, 0, 0, 0, 0), -- Oblivion Mage
(@CGUID+186, 0, 580, 1, 1916.655, 526.8185, 32.1088, 0.2094395, 7200, 7200, 0, 0, 0, 0), -- creature_spawn_entry
(@CGUID+187, 25597, 580, 1, 1945.679, 557.8885, 32.11449, 4.939282, 7200, 7200, 0, 0, 0, 2), -- Oblivion Mage
(@CGUID+188, 25597, 580, 1, 1954.708, 530.5291, 32.11552, 1.954769, 7200, 7200, 0, 0, 0, 2), -- Oblivion Mage
(@CGUID+189, 25599, 580, 1, 1846.575, 547.8984, 36.32252, 1.265603, 7200, 7200, 0, 0, 0, 2), -- Cataclysm Hound
(@CGUID+190, 25599, 580, 1, 1912.81, 497.6299, 61.51957, 3.974533, 7200, 7200, 0, 0, 0, 2), -- Cataclysm Hound
(@CGUID+191, 25608, 580, 1, 1698.446, 628.0304, 28.19894, 0.3316126, 7200, 7200, 0, 0, 0, 0), -- Kil'jaeden
(@CGUID+192, 25608, 580, 1, 1698.897, 627.8768, 27.62326, 0.03490658, 7200, 7200, 0, 0, 0, 0), -- Kil'jaeden
(@CGUID+193, 25632, 580, 1, 1766.056, 898.4997, 14.70133, 1.343904, 7200, 7200, 0, 0, 0, 0), -- Vindicator Moorba
(@CGUID+194, 25638, 580, 1, 1762.229, 899.7889, 14.70107, 0.122173, 7200, 7200, 0, 0, 0, 0), -- Captain Selana
(@CGUID+195, 25639, 580, 1, 1759.488, 930.4536, 15.57778, 0.01907422, 7200, 7200, 0, 0, 0, 2), -- Anchorite Elbadon
(@CGUID+196, 25644, 580, 1, 1755.959, 925.2869, 15.66695, 2.164208, 7200, 7200, 0, 0, 0, 2), -- Neophyte Narama
(@CGUID+197, 25661, 580, 1, 1754.002, 933.001, 15.6505, 3.822271, 7200, 7200, 0, 0, 0, 0), -- Shattered Sun Soldier
(@CGUID+198, 25661, 580, 1, 1754.624, 920.4227, 15.67742, 1.570796, 7200, 7200, 0, 0, 0, 0), -- Shattered Sun Soldier
(@CGUID+199, 25661, 580, 1, 1754.854, 926.6801, 15.66401, 4.660029, 7200, 7200, 0, 0, 0, 0), -- Shattered Sun Soldier
(@CGUID+200, 25661, 580, 1, 1759.304, 920.7452, 15.67655, 4.729842, 7200, 7200, 0, 0, 0, 0), -- Shattered Sun Soldier
(@CGUID+201, 25661, 580, 1, 1761.528, 934.2886, 15.54753, 4.699069, 7200, 7200, 0, 0, 0, 0), -- Shattered Sun Soldier
(@CGUID+202, 25661, 580, 1, 1761.615, 927.1489, 15.66275, 4.625123, 7200, 7200, 0, 0, 0, 0), -- Shattered Sun Soldier
(@CGUID+203, 25661, 580, 1, 1768.766, 934.1622, 15.54753, 4.699069, 7200, 7200, 0, 0, 0, 0), -- Shattered Sun Soldier
(@CGUID+204, 25661, 580, 1, 1769.651, 927.1168, 15.66255, 1.500983, 7200, 7200, 0, 0, 0, 0), -- Shattered Sun Soldier
(@CGUID+205, 25661, 580, 1, 1771.961, 920.9481, 15.67566, 4.590216, 7200, 7200, 0, 0, 0, 0), -- Shattered Sun Soldier
(@CGUID+206, 25661, 580, 1, 1774.909, 927.1085, 15.66238, 4.642576, 7200, 7200, 0, 0, 0, 0), -- Shattered Sun Soldier
(@CGUID+207, 25770, 580, 1, 1775.98, 635.201, 78.55864, 0.06981317, 7200, 7200, 0, 0, 0, 0), -- M'uru Portal Target
(@CGUID+208, 25770, 580, 1, 1781.65, 621.0898, 78.55406, 1.151917, 7200, 7200, 0, 0, 0, 0), -- M'uru Portal Target
(@CGUID+209, 25770, 580, 1, 1794.84, 604.343, 78.54896, 0.08726646, 7200, 7200, 0, 0, 0, 0), -- M'uru Portal Target
(@CGUID+210, 25770, 580, 1, 1802.905, 591.5661, 78.5747, 1.256637, 7200, 7200, 0, 0, 0, 0), -- M'uru Portal Target
(@CGUID+211, 25770, 580, 1, 1803.183, 657.1917, 78.54761, 4.066617, 7200, 7200, 0, 0, 0, 0), -- M'uru Portal Target
(@CGUID+212, 25770, 580, 1, 1824.051, 653.7477, 78.55865, 5.044002, 7200, 7200, 0, 0, 0, 0), -- M'uru Portal Target
(@CGUID+213, 25770, 580, 1, 1824.169, 588.9771, 78.62098, 1.797689, 7200, 7200, 0, 0, 0, 0), -- M'uru Portal Target
(@CGUID+214, 25770, 580, 1, 1839.93, 652.8749, 78.59289, 3.961897, 7200, 7200, 0, 0, 0, 0), -- M'uru Portal Target
(@CGUID+215, 25770, 580, 1, 1849.183, 641.0024, 78.6183, 3.560472, 7200, 7200, 0, 0, 0, 0), -- M'uru Portal Target
(@CGUID+216, 25770, 580, 1, 1852.491, 623.4612, 78.61975, 3.036873, 7200, 7200, 0, 0, 0, 0), -- M'uru Portal Target
(@CGUID+217, 25795, 580, 1, 1704.915, 928.4149, 53.1608, 2.181662, 7200, 7200, 0, 0, 0, 0), -- Normal Realm
(@CGUID+218, 25796, 580, 1, 1704.844, 928.1384, -74.36003, 4.153883, 7200, 7200, 0, 0, 0, 0), -- Spectral Realm
(@CGUID+219, 25851, 580, 1, 1875.175, 650.1046, 32.03217, 4.894137, 7200, 7200, 5, 0, 0, 1), -- Volatile Fiend
(@CGUID+220, 25851, 580, 1, 1868.576, 645.9629, 32.03217, 5.461623, 7200, 7200, 5, 0, 0, 1), -- Volatile Fiend
(@CGUID+221, 25851, 580, 1, 1863.774, 653.9464, 32.03218, 4.952551, 7200, 7200, 5, 0, 0, 1), -- Volatile Fiend
(@CGUID+222, 25851, 580, 1, 1877.452, 643.1624, 32.03992, 4.525856, 7200, 7200, 5, 0, 0, 1), -- Volatile Fiend
(@CGUID+223, 25851, 580, 1, 1871.045, 636.7682, 32.03217, 4.589274, 7200, 7200, 5, 0, 0, 1), -- Volatile Fiend
(@CGUID+224, 25851, 580, 1, 1877.931, 639.347, 32.03217, 1.749809, 7200, 7200, 5, 0, 0, 1), -- Volatile Fiend
(@CGUID+225, 25851, 580, 1, 1880.392, 580.0152, 71.28529, 4.309794, 7200, 7200, 5, 0, 0, 1), -- Volatile Fiend
(@CGUID+226, 25851, 580, 1, 1871.94, 575.6331, 71.29866, 5.462215, 7200, 7200, 5, 0, 0, 1), -- Volatile Fiend
(@CGUID+227, 25851, 580, 1, 1877.952, 567.1801, 71.29736, 0.9861282, 7200, 7200, 5, 0, 0, 1), -- Volatile Fiend
(@CGUID+228, 25851, 580, 1, 1888.206, 571.2573, 71.2903, 5.384885, 7200, 7200, 5, 0, 0, 1), -- Volatile Fiend
(@CGUID+229, 25851, 580, 1, 1885.804, 564.8303, 71.29823, 2.607817, 7200, 7200, 5, 0, 0, 1), -- Volatile Fiend
(@CGUID+230, 25851, 580, 1, 1893.311, 566.465, 71.2913, 5.387699, 7200, 7200, 5, 0, 0, 1), -- Volatile Fiend
(@CGUID+231, 25851, 580, 1, 1908.922, 579.5661, 32.01789, 3.538439, 7200, 7200, 10, 0, 0, 1), -- Volatile Fiend
(@CGUID+232, 25851, 580, 1, 1913.68, 569.0206, 32.01615, 2.669077, 7200, 7200, 10, 0, 0, 1), -- Volatile Fiend
(@CGUID+233, 25851, 580, 1, 1929.73, 569.9427, 32.02782, 2.038847, 7200, 7200, 10, 0, 0, 1), -- Volatile Fiend
(@CGUID+234, 25851, 580, 1, 1857.838, 475.4967, 32.03064, 2.618926, 7200, 7200, 10, 0, 0, 1), -- Volatile Fiend
(@CGUID+235, 25851, 580, 1, 1879.296, 479.715, 32.03213, 3.834635, 7200, 7200, 10, 0, 0, 1), -- Volatile Fiend
(@CGUID+236, 25851, 580, 1, 1876.83, 457.7336, 32.03216, 4.879351, 7200, 7200, 10, 0, 0, 1), -- Volatile Fiend
(@CGUID+237, 25851, 580, 1, 1900.646, 470.9752, 32.03218, 0.2198393, 7200, 7200, 10, 0, 0, 1), -- Volatile Fiend
(@CGUID+238, 25851, 580, 1, 1930.07, 489.2765, 32.03221, 6.260476, 7200, 7200, 10, 0, 0, 1), -- Volatile Fiend
(@CGUID+239, 25851, 580, 1, 1927.284, 545.8727, 32.0214, 3.856883, 7200, 7200, 10, 0, 0, 1), -- Volatile Fiend
(@CGUID+240, 25851, 580, 1, 1912.673, 489.03, 32.03222, 5.245924, 7200, 7200, 10, 0, 0, 1), -- Volatile Fiend
(@CGUID+241, 25851, 580, 1, 1938.001, 524.3853, 32.02692, 5.745938, 7200, 7200, 10, 0, 0, 1), -- Volatile Fiend
(@CGUID+242, 25851, 580, 1, 1936.84, 502.303, 32.03222, 2.265025, 7200, 7200, 10, 0, 0, 1), -- Volatile Fiend
(@CGUID+243, 25851, 580, 1, 1947.328, 518.016, 32.11554, 0.6457718, 7200, 7200, 10, 0, 0, 1), -- Volatile Fiend
(@CGUID+244, 25867, 580, 1, 1632.761, 930.2434, 17.08094, 3.413981, 7200, 7200, 2, 0, 0, 1), -- Sunblade Dragonhawk
(@CGUID+245, 25867, 580, 1, 1649.618, 1054.862, 16.06901, 5.585053, 7200, 7200, 0, 0, 0, 2), -- Sunblade Dragonhawk
(@CGUID+246, 25867, 580, 1, 1658.883, 930.7838, 17.07734, 6.009562, 7200, 7200, 2, 0, 0, 1), -- Sunblade Dragonhawk
(@CGUID+247, 25953, 580, 1, 1608.463, 841.0963, 43.58525, 5.340707, 7200, 7200, 0, 0, 0, 0), -- Fel Crystal Spell Target
(@CGUID+248, 25953, 580, 1, 1611.127, 1019.901, 42.4047, 4.171337, 7200, 7200, 0, 0, 0, 0), -- Fel Crystal Spell Target
(@CGUID+249, 25953, 580, 1, 1799.424, 837.8752, 42.59296, 1.692969, 7200, 7200, 0, 0, 0, 0), -- Fel Crystal Spell Target
(@CGUID+250, 25953, 580, 1, 1802.698, 1017.151, 43.32138, 3.001966, 7200, 7200, 0, 0, 0, 0); -- Fel Crystal Spell Target

-- SCRIPTED creature SPAWNS
-- Spawns after Felmyst kill
INSERT INTO `creature` (`guid`, `id`, `map`, `spawnMask`, `position_x`, `position_y`, `position_z`, `orientation`, `spawntimesecsmin`, `spawntimesecsmax`, `spawndist`, `currentwaypoint`, `DeathState`, `MovementType`) VALUES
-- Group
(@CGUID+300, 25483, 580, 1, 1573.492, 532.9899, 36.59594, 5.637414, 7200, 7200, 0, 0, 0, 0), -- Shadowsword Manafiend
(@CGUID+301, 25486, 580, 1, 1575.036, 526.2291, 33.05231, 5.532694, 7200, 7200, 0, 0, 0, 0), -- Shadowsword Vanquisher
(@CGUID+302, 25486, 580, 1, 1586.088, 532.1331, 32.50251, 5.061455, 7200, 7200, 0, 0, 0, 0), -- Shadowsword Vanquisher
(@CGUID+303, 25506, 580, 1, 1578.723, 536.3168, 36.57854, 5.462881, 7200, 7200, 0, 0, 0, 0), -- Shadowsword Lifeshaper
-- Group
(@CGUID+304, 25483, 580, 1, 1652.19, 508.852, 50.65884, 2.792527, 7200, 7200, 0, 0, 0, 0), -- Shadowsword Manafiend
(@CGUID+305, 25486, 580, 1, 1642.618, 500.6479, 50.65885, 2.583087, 7200, 7200, 0, 0, 0, 0), -- Shadowsword Vanquisher
(@CGUID+306, 25486, 580, 1, 1646.262, 512.5404, 50.65884, 2.984513, 7200, 7200, 0, 0, 0, 0), -- Shadowsword Vanquisher
(@CGUID+307, 25506, 580, 1, 1648.737, 501.2914, 50.65884, 2.513274, 7200, 7200, 0, 0, 0, 0), -- Shadowsword Lifeshaper
-- Group
(@CGUID+308, 25483, 580, 1, 1595.912, 580.5301, 85.02103, 5.358161, 7200, 7200, 0, 0, 0, 0), -- Shadowsword Manafiend
(@CGUID+309, 25486, 580, 1, 1595.829, 574.9542, 83.80084, 4.974188, 7200, 7200, 0, 0, 0, 0), -- Shadowsword Vanquisher
(@CGUID+310, 25486, 580, 1, 1605.553, 577.98, 83.05595, 4.694936, 7200, 7200, 0, 0, 0, 0), -- Shadowsword Vanquisher
(@CGUID+311, 25506, 580, 1, 1602.719, 582.55, 85.00942, 5.148721, 7200, 7200, 0, 0, 0, 0), -- Shadowsword Lifeshaper
-- Group
(@CGUID+312, 25483, 580, 1, 1673.784, 546.5482, 85.23383, 2.164208, 7200, 7200, 0, 0, 0, 0), -- Shadowsword Manafiend
(@CGUID+313, 25486, 580, 1, 1668.669, 547.4747, 85.24547, 2.408554, 7200, 7200, 0, 0, 0, 0), -- Shadowsword Vanquisher
(@CGUID+314, 25486, 580, 1, 1685.173, 555.0667, 85.17554, 2.216568, 7200, 7200, 0, 0, 0, 0), -- Shadowsword Vanquisher
(@CGUID+315, 25506, 580, 1, 1684.763, 548.5197, 85.23845, 2.199115, 7200, 7200, 0, 0, 0, 0), -- Shadowsword Lifeshaper
(@CGUID+316, 25837, 580, 1, 1682.332, 537.6241, 85.33395, 2.076942, 7200, 7200, 0, 0, 0, 2), -- Shadowsword Commander YELLS 2000020124 on spawn/event start. Run PATH 1
-- Group channelling spell 46174 Until Gauntlet Imp Trigger reached that stops spawning
(@CGUID+317, 25373, 580, 1, 1681.45, 513.1183, 85.3565, 4.974188, 7200, 7200, 0, 0, 0, 0), -- Shadowsword Soulbinder
(@CGUID+318, 25373, 580, 1, 1688.993, 510.2533, 85.35651, 3.735005, 7200, 7200, 0, 0, 0, 0), -- Shadowsword Soulbinder
-- Group channelling spell 46174 Until Gauntlet Imp Trigger reached that stops spawning
(@CGUID+319, 25373, 580, 1, 1705.695, 509.5072, 85.35654, 5.88176, 7200, 7200, 0, 0, 0, 0), -- Shadowsword Soulbinder
(@CGUID+320, 25373, 580, 1, 1712.088, 513.9833, 85.35654, 5.166174, 7200, 7200, 0, 0, 0, 0), -- Shadowsword Soulbinder
-- Group
(@CGUID+321, 25483, 580, 1, 1770.917, 574.3668, 85.26621, 2.9147, 7200, 7200, 0, 0, 0, 0), -- Shadowsword Manafiend UNIT_FIELD_BYTES_1: 1
(@CGUID+322, 25484, 580, 1, 1767.513, 567.4114, 85.28456, 2.530727, 7200, 7200, 0, 0, 0, 0), -- Shadowsword Assassin
(@CGUID+323, 25486, 580, 1, 1752.69, 574.1627, 85.1591, 5.67232, 7200, 7200, 0, 0, 0, 0), -- Shadowsword Vanquisher
(@CGUID+324, 25486, 580, 1, 1762.069, 562.6295, 85.28138, 2.338741, 7200, 7200, 0, 0, 0, 0), -- Shadowsword Vanquisher
(@CGUID+325, 25506, 580, 1, 1759.415, 579.986, 85.16913, 5.689773, 7200, 7200, 0, 0, 0, 0), -- Shadowsword Lifeshaper UNIT_FIELD_BYTES_1: 1
-- Group
(@CGUID+326, 25483, 580, 1, 1817.548, 593.4289, 50.8023, 4.049164, 7200, 7200, 0, 0, 0, 2), -- Shadowsword Manafiend Run PATH 1
(@CGUID+327, 25486, 580, 1, 1812.618, 586.0417, 50.79887, 3.717551, 7200, 7200, 0, 0, 0, 2), -- Shadowsword Vanquisher Run PATH 1 "When a player reaches 55 yard distance from this npc run path non repeating for the 3 pathed in this group."
(@CGUID+328, 25486, 580, 1, 1793.91, 593.6208, 50.79819, 5.51524, 7200, 7200, 0, 0, 0, 2), -- Shadowsword Vanquisher Run PATH 2
(@CGUID+329, 25484, 580, 1, 1799.959, 584.9696, 50.69594, 4.765335, 7200, 7200, 0, 0, 0, 0), -- Shadowsword Assassin
-- Group pathing
(@CGUID+330, 25483, 580, 1, 1744.354, 534.517, 85.32926, 5.428943, 7200, 7200, 0, 0, 0, 2), -- Shadowsword Manafiend PATH 2
(@CGUID+331, 25506, 580, 1, 1748.878, 538.0068, 85.26904, 4.803874, 7200, 7200, 0, 0, 0, 0), -- Shadowsword Lifeshaper
-- Ungrouped
(@CGUID+332, 25373, 580, 1, 1560.378, 561.6525, 50.65509, 4.991642, 7200, 7200, 0, 0, 0, 0), -- Shadowsword Soulbinder
(@CGUID+333, 25484, 580, 1, 1598.08, 572.8362, 50.65884, 0.8865389, 7200, 7200, 0, 0, 0, 0), -- Shadowsword Assassin
(@CGUID+334, 25484, 580, 1, 1628.587, 612.9368, 85.1436, 2.97489, 7200, 7200, 0, 0, 0, 0), -- Shadowsword Assassin
(@CGUID+335, 25484, 580, 1, 1634.864, 559.4721, 85.32404, 6.049571, 7200, 7200, 0, 0, 0, 0), -- Shadowsword Assassin
(@CGUID+336, 25373, 580, 1, 1655.469, 503.2426, 50.64834, 0.6618619, 7200, 7200, 0, 0, 0, 2), -- Shadowsword Soulbinder PATH 1
(@CGUID+337, 25373, 580, 1, 1597.159, 590.0051, 85.11282, 4.978537, 7200, 7200, 0, 0, 0, 2), -- Shadowsword Soulbinder PATH 2
(@CGUID+338, 25837, 580, 1, 1752.243, 564.6907, 85.20719, 0.7629684, 7200, 7200, 0, 0, 0, 2), -- Shadowsword Commander PATH 2
-- Imp Triggers not grouped "Imp spawning starts on spawn."
(@CGUID+339, 25848, 580, 1, 1589.505, 514.9243, 33.22498, 2.164208, 7200, 7200, 0, 0, 0, 0), -- Gauntlet Imp Trigger "bottom - This is the trigger imps path to"
(@CGUID+340, 25848, 580, 1, 1680.382, 542.687, 85.27053, 2.007129, 7200, 7200, 0, 0, 0, 0), -- Gauntlet Imp Trigger
(@CGUID+341, 25848, 580, 1, 1684.981, 507.9774, 88.1204, 1.151917, 7200, 7200, 0, 0, 0, 0), -- Gauntlet Imp Trigger "Channel"
(@CGUID+342, 25848, 580, 1, 1697.917, 502.315, 86.48821, 1.658063, 7200, 7200, 0, 0, 0, 2), -- Gauntlet Imp Trigger "Spawner" every 10 seconds
(@CGUID+343, 25848, 580, 1, 1698.092, 502.2403, 86.49195, 1.570796, 7200, 7200, 0, 0, 0, 0), -- Gauntlet Imp Trigger "Spawner" Summon Visual
(@CGUID+344, 25848, 580, 1, 1698.205, 501.5295, 95.85571, 1.780236, 7200, 7200, 0, 0, 0, 0), -- Gauntlet Imp Trigger "Spawner"
(@CGUID+345, 25848, 580, 1, 1709.347, 510.2431, 90.95378, 2.932153, 7200, 7200, 0, 0, 0, 0), -- Gauntlet Imp Trigger "Channel"
-- Spawns after first Shadowsword Commander kill
(@CGUID+346, 25165, 580, 1, 1814.271, 626.4523, 33.48701, 2.583087, 7200, 7200, 0, 0, 0, 0), -- Lady Sacrolash
(@CGUID+347, 25166, 580, 1, 1818.212, 625.0439, 33.48701, 5.61996, 7200, 7200, 0, 0, 0, 0), -- Grand Warlock Alythess
-- Spawns after Alythess & Sacrolash kill
(@CGUID+348, 25741, 580, 1, 1816.401, 625.8939, 69.68857, 5.585053, 7200, 7200, 0, 0, 0, 0), -- M'uru
-- Spawns after M'uru kill
(@CGUID+349, 25640, 580, 1, 1746.551, 621.9463, 28.13354, 2.094395, 7200, 7200, 0, 0, 0, 0), -- Orb Target
(@CGUID+350, 25640, 580, 1, 1704.316, 582.7225, 28.25068, 5.009095, 7200, 7200, 0, 0, 0, 0), -- Orb Target
(@CGUID+351, 25640, 580, 1, 1652.034, 635.3538, 28.20865, 3.752458, 7200, 7200, 0, 0, 0, 0), -- Orb Target
(@CGUID+352, 25640, 580, 1, 1696.01, 675.3926, 28.13354, 0.6108652, 7200, 7200, 0, 0, 0, 0), -- Orb Target
(@CGUID+353, 25588, 580, 1, 1682.914, 636.0675, 27.81981, 5.759586, 7200, 7200, 0, 0, 0, 0), -- Hand of the Deceiver
(@CGUID+354, 25588, 580, 1, 1686.344, 615.6076, 27.77539, 0.8028514, 7200, 7200, 0, 0, 0, 0), -- Hand of the Deceiver
(@CGUID+355, 25588, 580, 1, 1706.48, 612.5295, 27.71344, 2.094395, 7200, 7200, 0, 0, 0, 0), -- Hand of the Deceiver
(@CGUID+356, 26046, 580, 1, 1698.092, 627.2899, 58.17708, 1.692969, 7200, 7200, 0, 0, 0, 0), -- Anveena
(@CGUID+357, 26057, 580, 1, 1697.742, 627.056, 27.66074, 1.518436, 7200, 7200, 0, 0, 0, 0), -- Anveena Marker
(@CGUID+358, 25782, 580, 1, 1804.45, 596.3214, 71.27804, 1.256637, 7200, 7200, 0, 0, 0, 0), -- Void Sentinal Summoner
(@CGUID+359, 25782, 580, 1, 1839.93, 652.8749, 71.29623, 3.961897, 7200, 7200, 0, 0, 0, 0), -- Void Sentinal Summoner
(@CGUID+360, 25782, 580, 1, 1799.821, 604.7788, 71.2523, 0.08726646, 7200, 7200, 0, 0, 0, 0), -- Void Sentinal Summoner
(@CGUID+361, 25782, 580, 1, 1823.044, 593.8489, 71.32432, 1.797689, 7200, 7200, 0, 0, 0, 0), -- Void Sentinal Summoner
(@CGUID+362, 25782, 580, 1, 1780.968, 635.5497, 71.26198, 0.06981317, 7200, 7200, 0, 0, 0, 0), -- Void Sentinal Summoner
(@CGUID+363, 26262, 580, 1, 1698.946, 628.2066, 83.00361, 0.7679449, 7200, 7200, 0, 0, 0, 0), -- The Core of Entropius
-- Post Kil'jaeden Npcs
(@CGUID+364, 26247, 580, 1, 1720.024, 643.2331, 28.13354, 3.769911, 7200, 7200, 0, 0, 0, 0), -- Lady Liadrin
(@CGUID+365, 26246, 580, 1, 1717.803, 645.2012, 28.22018, 3.838117, 7200, 7200, 0, 0, 0, 0), -- Prophet Velen
(@CGUID+366, 26259, 580, 1, 1728.092, 637.1956, 28.13354, 3.159046, 7200, 7200, 0, 0, 0, 0), -- Shattered Sun Soldier
(@CGUID+367, 26259, 580, 1, 1725.677, 642.4852, 28.13354, 3.438299, 7200, 7200, 0, 0, 0, 0), -- Shattered Sun Soldier
(@CGUID+368, 26259, 580, 1, 1722.026, 646.87, 28.13354, 3.717551, 7200, 7200, 0, 0, 0, 0), -- Shattered Sun Soldier
(@CGUID+369, 26259, 580, 1, 1717.174, 651.5428, 28.13354, 4.066617, 7200, 7200, 0, 0, 0, 0), -- Shattered Sun Soldier
(@CGUID+370, 26259, 580, 1, 1711.734, 655.4209, 28.13354, 4.415683, 7200, 7200, 0, 0, 0, 0), -- Shattered Sun Soldier
(@CGUID+371, 26259, 580, 1, 1724.278, 637.7065, 28.13354, 3.316126, 7200, 7200, 0, 0, 0, 0), -- Shattered Sun Soldier
(@CGUID+372, 26259, 580, 1, 1721.369, 642.7078, 28.13354, 3.455752, 7200, 7200, 0, 0, 0, 0), -- Shattered Sun Soldier
(@CGUID+373, 26259, 580, 1, 1717.826, 647.0355, 28.13354, 3.752458, 7200, 7200, 0, 0, 0, 0), -- Shattered Sun Soldier
(@CGUID+374, 26259, 580, 1, 1712.679, 650.8821, 28.13354, 3.787364, 7200, 7200, 0, 0, 0, 0), -- Shattered Sun Soldier
(@CGUID+375, 26259, 580, 1, 1708.253, 653.619, 28.13354, 3.961897, 7200, 7200, 0, 0, 0, 0), -- Shattered Sun Soldier
(@CGUID+376, 26259, 580, 1, 1709.347, 656.7072, 28.13354, 4.328416, 7200, 7200, 0, 0, 0, 0), -- Shattered Sun Soldier
(@CGUID+377, 26259, 580, 1, 1714.682, 653.1565, 28.13354, 4.101524, 7200, 7200, 0, 0, 0, 0), -- Shattered Sun Soldier
(@CGUID+378, 26259, 580, 1, 1720.01, 648.8369, 28.13354, 3.857178, 7200, 7200, 0, 0, 0, 0), -- Shattered Sun Soldier
(@CGUID+379, 26259, 580, 1, 1724.075, 644.4544, 28.13354, 3.647738, 7200, 7200, 0, 0, 0, 0), -- Shattered Sun Soldier
(@CGUID+380, 26259, 580, 1, 1726.847, 640.0306, 28.13354, 3.473205, 7200, 7200, 0, 0, 0, 0), -- Shattered Sun Soldier
(@CGUID+381, 26259, 580, 1, 1706.391, 654.3148, 28.13354, 4.415683, 7200, 7200, 0, 0, 0, 0), -- Shattered Sun Soldier
(@CGUID+382, 26259, 580, 1, 1710.221, 652.8556, 28.13354, 4.24115, 7200, 7200, 0, 0, 0, 0), -- Shattered Sun Soldier
(@CGUID+383, 26259, 580, 1, 1714.982, 648.7218, 28.13354, 3.996804, 7200, 7200, 0, 0, 0, 0), -- Shattered Sun Soldier
(@CGUID+384, 26259, 580, 1, 1719.46, 644.296, 28.13354, 3.735005, 7200, 7200, 0, 0, 0, 0), -- Shattered Sun Soldier
(@CGUID+385, 26259, 580, 1, 1722.608, 640.4696, 28.13354, 3.543018, 7200, 7200, 0, 0, 0, 0), -- Shattered Sun Soldier
(@CGUID+386, 26254, 580, 1, 1725.469, 650.9396, 30.31409, 3.787364, 7200, 7200, 0, 0, 0, 0), -- Inert Portal
(@CGUID+387, 26251, 580, 1, 1719.097, 659.4465, 28.88354, 3.787364, 7200, 7200, 0, 0, 0, 0), -- Shattrath Portal Dummy
(@CGUID+388, 26251, 580, 1, 1734.193, 640.066, 29.05021, 3.665191, 7200, 7200, 0, 0, 0, 0), -- Shattrath Portal Dummy
(@CGUID+389, 26289, 580, 1, 1690.747, 645.5344, 28.02255, 0.4270831, 7200, 7200, 0, 0, 0, 0), -- Shattered Sun Riftwaker
(@CGUID+390, 26289, 580, 1, 1716.353, 619.1049, 28.14668, 1.247009, 7200, 7200, 0, 0, 0, 0); -- Shattered Sun Riftwaker

-- ===========
-- GAMEOBJECTS
-- ===========

INSERT INTO `gameobject` (`guid`, `id`, `map`, `spawnMask`, `position_x`, `position_y`, `position_z`, `orientation`, `rotation0`, `rotation1`, `rotation2`, `rotation3`, `spawntimesecsmin`, `spawntimesecsmax`, `animprogress`, `state`) VALUES
(@OGUID+1, 187116, 580, 1, 2008.503, 784.1981, 12.71088, 5.305802, 0, 0, -0.469471, 0.8829479, 7200, 7200, 100, 1), -- Monument to the Fallen
(@OGUID+2, 187206, 580, 1, 1900.345, 450.6196, 32.03217, 1.625962, 0, 0, 0.7263393, 0.6873363, 7200, 7200, 100, 1), -- Bench
(@OGUID+3, 187207, 580, 1, 1882.511, 449.6802, 32.03217, 1.625962, 0, 0, 0.7263393, 0.6873363, 7200, 7200, 100, 1), -- Bench
(@OGUID+4, 187214, 580, 1, 1798.095, 487.4742, 74.08214, 1.32053, 0, 0, 0.6133261, 0.7898299, 7200, 7200, 100, 1), -- Bench
(@OGUID+5, 187215, 580, 1, 1785.369, 479.6626, 74.08214, 2.891323, 0, 0, 0.9921808, 0.1248086, 7200, 7200, 100, 1), -- Bench
(@OGUID+6, 187216, 580, 1, 1763.189, 590.0623, 85.09624, 3.400369, 0, 0, -0.991641, 0.1290273, 7200, 7200, 100, 1), -- Bench
(@OGUID+7, 187217, 580, 1, 1776.212, 582.7566, 85.09624, 4.971154, 0, 0, -0.6099644, 0.7924289, 7200, 7200, 100, 1), -- Bench
(@OGUID+8, 187218, 580, 1, 1647.772, 923.45, 15.50441, 4.699069, 0, 0, -0.7118006, 0.7023816, 7200, 7200, 100, 1), -- Bench
(@OGUID+9, 187219, 580, 1, 1640.534, 923.5764, 15.50441, 4.699069, 0, 0, -0.7118006, 0.7023816, 7200, 7200, 100, 1), -- Bench
(@OGUID+10, 187220, 580, 1, 1768.766, 934.1622, 15.54753, 4.699069, 0, 0, -0.7118006, 0.7023816, 7200, 7200, 100, 1), -- Bench
(@OGUID+11, 187221, 580, 1, 1761.528, 934.2886, 15.54753, 4.699069, 0, 0, -0.7118006, 0.7023816, 7200, 7200, 100, 1), -- Bench
(@OGUID+12, 187222, 580, 1, 1615.533, 893.8747, 15.60475, 6.269866, 0, 0, -0.006659508, 0.9999778, 7200, 7200, 100, 1), -- Bench
(@OGUID+13, 187223, 580, 1, 1615.407, 886.6368, 15.60475, 6.269866, 0, 0, -0.006659508, 0.9999778, 7200, 7200, 100, 1), -- Bench
(@OGUID+14, 187224, 580, 1, 1793.781, 883.5535, 15.60475, 3.128061, 0, 0, 0.9999771, 0.006765823, 7200, 7200, 100, 1), -- Bench
(@OGUID+15, 187225, 580, 1, 1793.908, 890.7914, 15.60475, 3.128061, 0, 0, 0.9999771, 0.006765823, 7200, 7200, 100, 1), -- Bench
(@OGUID+16, 187226, 580, 1, 1740.267, 844.7742, 15.60475, 1.557474, 0, 0, 0.7023811, 0.7118011, 7200, 7200, 100, 1), -- Bench
(@OGUID+17, 187227, 580, 1, 1747.505, 844.6479, 15.60475, 1.557474, 0, 0, 0.7023811, 0.7118011, 7200, 7200, 100, 1), -- Bench
(@OGUID+18, 187228, 580, 1, 1657.231, 846.2236, 15.60475, 1.557474, 0, 0, 0.7023811, 0.7118011, 7200, 7200, 100, 1), -- Bench
(@OGUID+19, 187229, 580, 1, 1664.469, 846.0973, 15.60475, 1.557474, 0, 0, 0.7023811, 0.7118011, 7200, 7200, 100, 1), -- Bench
(@OGUID+20, 187764, 580, 1, 1876.026, 616.9742, 44.64209, 1.466076, 0, 0, 0.6691303, 0.743145, 7200, 7200, 100, 0), -- Rohendor, The Second Gate
(@OGUID+21, 187765, 580, 1, 1700.563, 711.3315, 85.44404, 6.091202, 0, 0, -0.09584427, 0.9953963, 7200, 7200, 100, 0), -- Archonisus, The Third Gate
(@OGUID+22, 187766, 580, 1, 1709.935, 530.0915, 93.41187, 1.117009, 0, 0, 0.5299187, 0.8480484, 7200, 7200, 100, 0), -- Agamath, The First Gate
(@OGUID+23, 187990, 580, 1, 1849.663, 597.861, 86.10498, 2.426003, 0, 0, 0.9366713, 0.3502098, 7200, 7200, 100, 0), -- Doodad_SunwellRaid_Gate_07
(@OGUID+24, 188075, 580, 1, 1499.905, 558.4319, 39.33041, 4.084071, 0, 0, -0.8910065, 0.4539906, 7200, 7200, 100, 1), -- Doodad_Sunwell_Fire_Barrier_ext01
(@OGUID+25, 188081, 580, 1, 2047.21, 813.7217, 19.26306, 1.06465, 0, 0, 0.5075378, 0.8616294, 7200, 7200, 100, 0), -- Sanctum Planetarium
(@OGUID+26, 188118, 580, 1, 1775.491, 673.1497, 91.96144, 1.553341, 0, 0, 0.7009087, 0.7132511, 7200, 7200, 100, 1), -- Doodad_SunwellRaid_Gate_08
(@OGUID+27, 188119, 580, 1, 1641.445, 988.0801, 40.58109, 1.553341, 0, 0, 0.7009087, 0.7132511, 7200, 7200, 100, 0), -- Doodad_Sunwell_Ice_Barrier01
(@OGUID+28, 188178, 580, 1, 2149.05, 358.351, 67.3815, 1.09083, 0, 0, 0, 0, 7200, 7200, 100, 1), -- Doodad_InstancePortal_PurpleDifficultyIcon01
(@OGUID+29, 188421, 580, 1, 1705.534, 926.6104, 32.56157, 1.553341, 0, 0, 0.7009087, 0.7132511, 7200, 7200, 100, 0), -- Doodad_Sunwell_BossForceField01
(@OGUID+30, 188523, 580, 1, 1704.87, 927.791, 40.58109, 1.553341, 0, 0, 0.7009087, 0.7132511, 7200, 7200, 100, 0), -- Doodad_Sunwell_BossCollision01
(@OGUID+31, 188524, 580, 1, 1705.133, 929.5046, 40.58109, 1.553341, 0, 0, 0.7009087, 0.7132511, 7200, 7200, 100, 0); -- Doodad_Sunwell_BossCollision02

-- SCRIPTED gameobject SPAWNS
INSERT INTO `gameobject` (`guid`, `id`, `map`, `spawnMask`, `position_x`, `position_y`, `position_z`, `orientation`, `rotation0`, `rotation1`, `rotation2`, `rotation3`, `spawntimesecsmin`, `spawntimesecsmax`, `animprogress`, `state`) VALUES
(@OGUID+33, 187869, 580, 1, 1746.565, 621.9134, 28.05021, 2.984498, 0, 0, 0.9969168, 0.07846643, 7200, 7200, 100, 1), -- Orb of the Blue Flight
(@OGUID+32, 188114, 580, 1, 1704.303, 582.6811, 28.16483, 1.605702, 0, 0, 0.7193394, 0.6946588, 7200, 7200, 100, 1), -- Orb of the Blue Flight
(@OGUID+34, 188115, 580, 1, 1651.921, 635.3501, 28.12865, 6.19592, 0, 0, -0.04361916, 0.9990482, 7200, 7200, 100, 1), -- Orb of the Blue Flight
(@OGUID+35, 188116, 580, 1, 1696.155, 674.9676, 28.05021, 4.81711, 0, 0, -0.6691303, 0.743145, 7200, 7200, 100, 1); -- Orb of the Blue Flight

-- ======
-- EVENTS
-- ======

-- INSERT INTO `game_event_creature` (`guid`, `event`) VALUES
-- INSERT INTO `game_event_creature_data` (`guid`, `entry_id`, `modelid`, `equipment_id`, `spell_start`, `spell_end`, `event`) VALUES
-- INSERT INTO `game_event_gameobject` (`guid`, `event`) VALUES

-- =======
-- POOLING
-- =======

-- INSERT INTO `pool_pool` (`pool_id`, `mother_pool`, `chance`, `description`) VALUES
-- INSERT INTO `pool_template` (`entry`, `max_limit`, `description`) VALUES
-- INSERT INTO `pool_creature` (`guid`, `pool_entry`, `chance`, `description`) VALUES
-- INSERT INTO `pool_creature_template` (`id`, `pool_entry`, `chance`, `description`) VALUES
-- INSERT INTO `pool_gameobject` (`guid`, `pool_entry`, `chance`, `description`) VALUES
-- INSERT INTO `pool_gameobject_template` (`id`, `pool_entry`, `chance`, `description`) VALUES

-- =========
-- DBSCRIPTS
-- =========

DELETE FROM `dbscripts_on_creature_movement` WHERE `id` IN (2536301,2536701,2536901,2537001,2537101,2563901,2563902,2564401,2564402,2548601,2548301,2548602,2559701,2583701,2584801);
INSERT INTO `dbscripts_on_creature_movement` (`id`, `delay`, `command`, `datalong`, `datalong2`, `datalong3`, `buddy_entry`, `search_radius`, `data_flags`, `dataint`, `dataint2`, `dataint3`, `dataint4`, `x`, `y`, `z`, `o`, `comments`) VALUES
(2536301, 0, 15, 46319, 0, 0, 0, 0, 0, 0, 0, 0, 0, 0, 0, 0, 0, 'Sunblade Cabalist - Cast Felblood Channel'),
(2536701, 0, 15, 46319, 0, 0, 0, 0, 0, 0, 0, 0, 0, 0, 0, 0, 0, 'Sunblade Arch Mage - Cast Felblood Channel'),
(2536901, 0, 15, 46319, 0, 0, 0, 0, 0, 0, 0, 0, 0, 0, 0, 0, 0, 'Sunblade Vindicator - Cast Felblood Channel'),
(2537001, 0, 15, 46319, 0, 0, 0, 0, 0, 0, 0, 0, 0, 0, 0, 0, 0, 'Sunblade Dusk Priest - Cast Felblood Channel'),
(2537101, 0, 15, 46319, 0, 0, 0, 0, 0, 0, 0, 0, 0, 0, 0, 0, 0, 'Sunblade Dawn Priest - Cast Felblood Channel'),
(2563901, 0, 28, 8, 0, 0, 0, 0, 0, 0, 0, 0, 0, 0, 0, 0, 0, 'Anchorite Elbadon - STATE_KNEEL'),
(2563901, 7000, 28, 0, 0, 0, 0, 0, 0, 0, 0, 0, 0, 0, 0, 0, 0, 'Anchorite Elbadon - STATE_STAND'),
(2563902, 0, 15, 45859, 0, 0, 0, 0, 0, 0, 0, 0, 0, 0, 0, 0, 0, 'Anchorite Elbadon - Cast Renew'),
(2563902, 1000, 0, 0, 0, 0, 0, 0, 0, 2000020120, 2000020121, 2000020122, 0, 0, 0, 0, 0, 'Anchorite Elbadon - Say random text after casting Renew'),
(2564401, 1000, 28, 8, 0, 0, 0, 0, 0, 0, 0, 0, 0, 0, 0, 0, 0, 'Neophyte Narama - STATE_KNEEL'),
(2564402, 0, 28, 0, 0, 0, 0, 0, 0, 0, 0, 0, 0, 0, 0, 0, 0, 'Neophyte Narama - STATE_STAND'),
(2548601, 0, 0, 0, 0, 0, 0, 0, 0, 2000020123, 0, 0, 0, 0, 0, 0, 0, 'Shadowsword Vanquisher - Yell on proximity'),
(2548301, 0, 20, 0, 0, 0, 0, 0, 0, 0, 0, 0, 0, 0, 0, 0, 0, 'Shadowsword Manafiend - Set MovementType 0'),
(2548301, 0, 1, 375, 0, 0, 0, 0, 0, 0, 0, 0, 0, 0, 0, 0, 0, 'Shadowsword Manafiend - Set EMOTE_STATE_READY2H'),
(2548602, 0, 20, 0, 0, 0, 0, 0, 0, 0, 0, 0, 0, 0, 0, 0, 0, 'Shadowsword Vanquisher - Set MovementType 0'),
(2548602, 0, 1, 375, 0, 0, 0, 0, 0, 0, 0, 0, 0, 0, 0, 0, 0, 'Shadowsword Vanquisher - Set EMOTE_STATE_READY2H'),
(2559701, 0, 15, 46219, 0, 0, 0, 0, 0, 0, 0, 0, 0, 0, 0, 0, 0, 'Oblivion Mage - Cast Fire Channeling'),
(2583701, 0, 15, 46245, 0, 0, 0, 0, 0, 0, 0, 0, 0, 0, 0, 0, 0, 'Shadowsword Commander - Cast Summon Shadowsword Deathbringer'),
(2584801, 0, 15, 46214, 0, 0, 0, 0, 0, 0, 0, 0, 0, 0, 0, 0, 0, 'Gauntlet Imp Trigger - Cast Summon Imp');

DELETE FROM `dbscript_string` WHERE `entry` IN (2000020120, 2000020121, 2000020122, 2000020123); -- , 2000020124);
INSERT INTO `dbscript_string` (`entry`, `content_default`, `sound`, `type`, `language`, `emote`, `broadcast_text_id`, `comment`) VALUES
(2000020120, 'May the light bless you.', 0, 0, 0, 0, 24856, ''),
(2000020121, 'Your wounds are severe, but you will live.', 0, 0, 0, 0, 24857, ''),
(2000020122, 'Rest now, you have fought well today.', 0, 0, 0, 0, 24858, ''),
(2000020123, 'Intruders! Do not let them into the Sanctum!', 0, 1, 0, 0, 25482, '');
-- (2000020124, 'Bring forth the imps!', 0, 1, 0, 0, 25050, '');

-- INSERT INTO `dbscripts_on_creature_death` (`id`, `delay`, `command`, `datalong`, `datalong2`, `datalong3`, `buddy_entry`, `search_radius`, `data_flags`, `dataint`, `dataint2`, `dataint3`, `dataint4`, `x`, `y`, `z`, `o`, `comments`) VALUES
-- INSERT INTO `dbscripts_on_go_use` (`id`, `delay`, `command`, `datalong`, `datalong2`, `datalong3`, `buddy_entry`, `search_radius`, `data_flags`, `dataint`, `dataint2`, `dataint3`, `dataint4`, `x`, `y`, `z`, `o`, `comments`) VALUES
-- INSERT INTO `dbscripts_on_go_template_use` (`id`, `delay`, `command`, `datalong`, `datalong2`, `datalong3`, `buddy_entry`, `search_radius`, `data_flags`, `dataint`, `dataint2`, `dataint3`, `dataint4`, `x`, `y`, `z`, `o`, `comments`) VALUES
-- INSERT INTO `dbscripts_on_relay` (`id`, `delay`, `command`, `datalong`, `datalong2`, `datalong3`, `buddy_entry`, `search_radius`, `data_flags`, `dataint`, `dataint2`, `dataint3`, `dataint4`, `x`, `y`, `z`, `o`, `comments`) VALUES
-- INSERT INTO `dbscripts_on_event` (`id`, `delay`, `command`, `datalong`, `datalong2`, `datalong3`, `buddy_entry`, `search_radius`, `data_flags`, `dataint`, `dataint2`, `dataint3`, `dataint4`, `x`, `y`, `z`, `o`, `comments`) VALUES
-- INSERT INTO `dbscripts_on_spell` (`id`, `delay`, `command`, `datalong`, `datalong2`, `datalong3`, `buddy_entry`, `search_radius`, `data_flags`, `dataint`, `dataint2`, `dataint3`, `dataint4`, `x`, `y`, `z`, `o`, `comments`) VALUES
-- INSERT INTO `dbscripts_on_gossip` (`id`, `delay`, `command`, `datalong`, `datalong2`, `datalong3`, `buddy_entry`, `search_radius`, `data_flags`, `dataint`, `dataint2`, `dataint3`, `dataint4`, `x`, `y`, `z`, `o`, `comments`) VALUES
-- INSERT INTO `dbscripts_on_quest_start` (`id`, `delay`, `command`, `datalong`, `datalong2`, `datalong3`, `buddy_entry`, `search_radius`, `data_flags`, `dataint`, `dataint2`, `dataint3`, `dataint4`, `x`, `y`, `z`, `o`, `comments`) VALUES
-- INSERT INTO `dbscripts_on_quest_end` (`id`, `delay`, `command`, `datalong`, `datalong2`, `datalong3`, `buddy_entry`, `search_radius`, `data_flags`, `dataint`, `dataint2`, `dataint3`, `dataint4`, `x`, `y`, `z`, `o`, `comments`) VALUES
-- INSERT INTO `dbscript_random_templates` (`id`, `type`, `target_id`, `chance`, `comments`) VALUES

