<Bindings>
  <Binding runOnUp="false" name="ROSTER" header="MANGOSBOT" default="F11">
    SlashCmdList.MANGOSBOT("", nil)
  </Binding>
  <Binding runOnUp="false" name="DEBUG" header="MANGOSBOT" default="SHIFT+F11">
    SlashCmdList.MANGOSBOT("debug", nil)
  </Binding>
  <Binding runOnUp="false" name="FOLLOW" default="SHIFT+F">
    OnKeyBindingDown("follow_master")
  </Binding>
  <Binding runOnUp="false" name="STAY" default="SHIFT+G">
    OnKeyBindingDown("stay")
  </Binding>
  <Binding runOnUp="false" name="PASSIVE" default="SHIFT+P">
    OnKeyBindingDown("passive")
  </Binding>
  <Binding runOnUp="false" name="FLEE" default="SHIFT+H">
    OnKeyBindingDown("flee_passive")
  </Binding>
  <Binding runOnUp="false" name="LOOT" default="SHIFT+J">
    OnKeyBindingDown("loot")
  </Binding>
  <Binding runOnUp="false" name="ATTACK" default="SHIFT+A">
    OnKeyBindingDown("attack")
  </Binding>
  <Binding runOnUp="false" name="PULL" default="SHIFT+T">
    OnKeyBindingDown("pull")
  </Binding>
  <Binding runOnUp="false" name="BOOST" default="SHIFT+V">
    OnKeyBindingDown("boost")
  </Binding>
</Bindings>
