DELETE FROM creature_template WHERE entry IN (190013, 190014, 190015);
INSERT INTO creature_template (Entry, Name, SubName, IconName, MinLevel, MaxLevel, HeroicEntry, DisplayId1, DisplayIdProbability1, Faction, Scale, Family, CreatureType, InhabitType, RegenerateStats, RacialLeader, NpcFlags, UnitFlags, DynamicFlags, ExtraFlags, CreatureTypeFlags, SpeedWalk, SpeedRun, Detection, CallForHelp, Pursuit, Leash, Timeout, UnitClass, `Rank`, Expansion, HealthMultiplier, PowerMultiplier, DamageMultiplier, DamageVariance, ArmorMultiplier, ExperienceMultiplier, MinLevelHealth, MaxLevelHealth, MinLevelMana, MaxLevelMana, MinMeleeDmg, MaxMeleeDmg, MinRangedDmg, MaxRangedDmg, Armor, MeleeAttackPower, RangedAttackPower, MeleeBaseAttackTime, RangedBaseAttackTime, DamageSchool, MinLootGold, MaxLootGold, LootId, PickpocketLootId, SkinningLootId, KillCredit1, KillCredit2, MechanicImmuneMask, SchoolImmuneMask, ResistanceHoly, ResistanceFire, ResistanceNature, ResistanceFrost, ResistanceShadow, ResistanceArcane, PetSpellDataId, MovementType, TrainerType, TrainerSpell, TrainerClass, TrainerRace, TrainerTemplateId, VendorTemplateId, EquipmentTemplateId, GossipMenuId, AIName, ScriptName) VALUES
(190013, 'Grandmaster''s Training Dummy', '', '', 73, 73, 0, 16074, 100, 7, 2.2, 0, 9, 3, 0, 0, 0, 32768, 0, 64, 4, 1, 1.14286, 20, 0, 0, 0, 0, 1, 3, 1, 1000, 1, 1, 1, 1, 1, 7888000, 7888000, 0, 0, 0, 0, 0, 0, 7684, 0, 0, 0, 0, 0, 0, 0, 0, 0, 0, 0, 0, 8585235, 0, 0, 0, 0, 0, 0, 0, 0, 0, 0, 0, 0, 0, 0, 0, 0, 0, '', ''),
(190014, 'Advanced Training Dummy', '', '', 70, 70, 0, 3019, 100, 7, 1.8, 0, 9, 3, 3, 0, 0, 0, 0, 64, 0, 1, 1.14286, 20, 0, 0, 0, 0, 1, 1, 1, 200, 1, 1, 1, 1, 1, 1397200, 1397200, 0, 0, 2, 2, 0, 0, 4691, 0, 0, 2000, 2000, 0, 0, 0, 0, 0, 0, 0, 0, 8585235, 0, 0, 0, 0, 0, 0, 0, 0, 0, 0, 0, 0, 0, 0, 0, 0, 0, '', ''),
(190015, 'Beginner Training Dummy', '', '', 63, 63, 0, 3019, 100, 7, 1.2, 0, 9, 3, 3, 0, 0, 0, 0, 64, 0, 1, 1.14286, 20, 0, 0, 0, 0, 1, 0, 1, 200, 1, 1, 1, 1, 1, 1397200, 1397200, 0, 0, 2, 2, 0, 0, 4691, 0, 0, 2000, 2000, 0, 0, 0, 0, 0, 0, 0, 0, 8585235, 0, 0, 0, 0, 0, 0, 0, 0, 0, 0, 0, 0, 0, 0, 0, 0, 0, '', '');

DELETE FROM locales_creature WHERE entry IN (190013, 190014, 190015);
INSERT INTO locales_creature (entry, name_loc6, subname_loc6) VALUES
(190013, 'Muñeco de entrenamiento mayor', ''),
(190014, 'Muñeco de entrenamiento avanzado', ''),
(190015, 'Muñeco de entrenamiento basico', '');

DELETE FROM creature WHERE id IN (190013, 190014, 190015);
INSERT INTO `creature` (`id`, `map`, `spawnMask`, `position_x`, `position_y`, `position_z`, `orientation`, `spawntimesecsmin`, `spawntimesecsmax`, `spawndist`, `MovementType`) VALUES (190013, 1, 1, -1416.73, -76.4812, 158.526, 1.04029, 25, 25, 0, 0);
INSERT INTO `creature` (`id`, `map`, `spawnMask`, `position_x`, `position_y`, `position_z`, `orientation`, `spawntimesecsmin`, `spawntimesecsmax`, `spawndist`, `MovementType`) VALUES (190013, 0, 1, 1768.18, 352.747, -62.2883, 4.4141, 25, 25, 0, 0);
INSERT INTO `creature` (`id`, `map`, `spawnMask`, `position_x`, `position_y`, `position_z`, `orientation`, `spawntimesecsmin`, `spawntimesecsmax`, `spawndist`, `MovementType`) VALUES (190013, 1, 1, 2151.77, -4632.69, 50.4428, 3.59001, 25, 25, 0, 0);
INSERT INTO `creature` (`id`, `map`, `spawnMask`, `position_x`, `position_y`, `position_z`, `orientation`, `spawntimesecsmin`, `spawntimesecsmax`, `spawndist`, `MovementType`) VALUES (190013, 1, 1, 10000.5, 2258.5, 1329.8, 3.99055, 25, 25, 0, 0);
INSERT INTO `creature` (`id`, `map`, `spawnMask`, `position_x`, `position_y`, `position_z`, `orientation`, `spawntimesecsmin`, `spawntimesecsmax`, `spawndist`, `MovementType`) VALUES (190013, 0, 1, -4910.96, -1151.19, 501.449, 3.09082, 25, 25, 0, 0);
INSERT INTO `creature` (`id`, `map`, `spawnMask`, `position_x`, `position_y`, `position_z`, `orientation`, `spawntimesecsmin`, `spawntimesecsmax`, `spawndist`, `MovementType`) VALUES (190013, 0, 1, -8795.57, 363.195, 101.021, 5.41645, 25, 25, 0, 0);
INSERT INTO `creature` (`id`, `map`, `spawnMask`, `position_x`, `position_y`, `position_z`, `orientation`, `spawntimesecsmin`, `spawntimesecsmax`, `spawndist`, `MovementType`) VALUES (190014, 1, 1, -1422.05, -72.171, 157.476, 0.693121, 25, 25, 0, 0);
INSERT INTO `creature` (`id`, `map`, `spawnMask`, `position_x`, `position_y`, `position_z`, `orientation`, `spawntimesecsmin`, `spawntimesecsmax`, `spawndist`, `MovementType`) VALUES (190014, 0, 1, 1780.49, 333.857, -62.2898, 2.37992, 25, 25, 0, 0);
INSERT INTO `creature` (`id`, `map`, `spawnMask`, `position_x`, `position_y`, `position_z`, `orientation`, `spawntimesecsmin`, `spawntimesecsmax`, `spawndist`, `MovementType`) VALUES (190014, 1, 1, 2152.63, -4639.71, 50.3799, 3.22873, 25, 25, 0, 0);
INSERT INTO `creature` (`id`, `map`, `spawnMask`, `position_x`, `position_y`, `position_z`, `orientation`, `spawntimesecsmin`, `spawntimesecsmax`, `spawndist`, `MovementType`) VALUES (190014, 1, 1, 10006.2, 2252.62, 1329.75, 3.99449, 25, 25, 0, 0);
INSERT INTO `creature` (`id`, `map`, `spawnMask`, `position_x`, `position_y`, `position_z`, `orientation`, `spawntimesecsmin`, `spawntimesecsmax`, `spawndist`, `MovementType`) VALUES (190014, 0, 1, -4936.94, -1138.88, 501.46, 6.12402, 25, 25, 0, 0);
INSERT INTO `creature` (`id`, `map`, `spawnMask`, `position_x`, `position_y`, `position_z`, `orientation`, `spawntimesecsmin`, `spawntimesecsmax`, `spawndist`, `MovementType`) VALUES (190014, 0, 1, -8789.85, 367.182, 101.021, 5.33006, 25, 25, 0, 0);
INSERT INTO `creature` (`id`, `map`, `spawnMask`, `position_x`, `position_y`, `position_z`, `orientation`, `spawntimesecsmin`, `spawntimesecsmax`, `spawndist`, `MovementType`) VALUES (190015, 1, 1, -1410.51, -78.656, 158.935, 1.37014, 25, 25, 0, 0);
INSERT INTO `creature` (`id`, `map`, `spawnMask`, `position_x`, `position_y`, `position_z`, `orientation`, `spawntimesecsmin`, `spawntimesecsmax`, `spawndist`, `MovementType`) VALUES (190015, 0, 1, 1783.91, 341.82, -62.3358, 2.8865, 25, 25, 0, 0);
INSERT INTO `creature` (`id`, `map`, `spawnMask`, `position_x`, `position_y`, `position_z`, `orientation`, `spawntimesecsmin`, `spawntimesecsmax`, `spawndist`, `MovementType`) VALUES (190015, 1, 1, 2148.06, -4627.23, 50.9305, 3.88454, 25, 25, 0, 0);
INSERT INTO `creature` (`id`, `map`, `spawnMask`, `position_x`, `position_y`, `position_z`, `orientation`, `spawntimesecsmin`, `spawntimesecsmax`, `spawndist`, `MovementType`) VALUES (190015, 1, 1, 9993.03, 2260.47, 1330.81, 4.48136, 25, 25, 0, 0);
INSERT INTO `creature` (`id`, `map`, `spawnMask`, `position_x`, `position_y`, `position_z`, `orientation`, `spawntimesecsmin`, `spawntimesecsmax`, `spawndist`, `MovementType`) VALUES (190015, 0, 1, -4938.02, -1148.3, 501.497, 6.14209, 25, 25, 0, 0);
INSERT INTO `creature` (`id`, `map`, `spawnMask`, `position_x`, `position_y`, `position_z`, `orientation`, `spawntimesecsmin`, `spawntimesecsmax`, `spawndist`, `MovementType`) VALUES (190015, 0, 1, -8800.62, 358.618, 101.021, 5.44787, 25, 25, 0, 0);
INSERT INTO `creature` (`id`, `map`, `spawnMask`, `position_x`, `position_y`, `position_z`, `orientation`, `spawntimesecsmin`, `spawntimesecsmax`, `spawndist`, `MovementType`) VALUES (190013, 530, 1, -3834.13, -11309.3, -126.465, 4.26864, 25, 25, 0, 0);
INSERT INTO `creature` (`id`, `map`, `spawnMask`, `position_x`, `position_y`, `position_z`, `orientation`, `spawntimesecsmin`, `spawntimesecsmax`, `spawndist`, `MovementType`) VALUES (190014, 530, 1, -3823.65, -11318.4, -126.376, 3.68352, 25, 25, 0, 0);
INSERT INTO `creature` (`id`, `map`, `spawnMask`, `position_x`, `position_y`, `position_z`, `orientation`, `spawntimesecsmin`, `spawntimesecsmax`, `spawndist`, `MovementType`) VALUES (190015, 530, 1, -3848.8, -11305.2, -126.621, 4.75557, 25, 25, 0, 0);
INSERT INTO `creature` (`id`, `map`, `spawnMask`, `position_x`, `position_y`, `position_z`, `orientation`, `spawntimesecsmin`, `spawntimesecsmax`, `spawndist`, `MovementType`) VALUES (190013, 530, 1, 9849.73, -7390.75, 13.6436, 4.6568, 25, 25, 0, 0);
INSERT INTO `creature` (`id`, `map`, `spawnMask`, `position_x`, `position_y`, `position_z`, `orientation`, `spawntimesecsmin`, `spawntimesecsmax`, `spawndist`, `MovementType`) VALUES (190014, 530, 1, 9868.11, -7391.49, 13.6093, 4.02062, 25, 25, 0, 0);
INSERT INTO `creature` (`id`, `map`, `spawnMask`, `position_x`, `position_y`, `position_z`, `orientation`, `spawntimesecsmin`, `spawntimesecsmax`, `spawndist`, `MovementType`) VALUES (190015, 530, 1, 9832.55, -7388.81, 13.613, 5.52466, 25, 25, 0, 0);