SET @CONDITIONID := 463;
-- gossip options for dungeons
INSERT INTO `gossip_menu_option` (`menu_id`, `id`, `option_icon`, `option_text`, `option_broadcast_text`, `option_id`, `npc_option_npcflag`, `action_menu_id`, `action_poi_id`, `action_script_id`, `box_coded`, `box_money`, `box_text`, `condition_id`) VALUES (50238, 0, 0, 'Ragefire', 9876, 1, 1, 50237, 0, 0, 0, 0, NULL, @CONDITIONID+3);
INSERT INTO `gossip_menu_option` (`menu_id`, `id`, `option_icon`, `option_text`, `option_broadcast_text`, `option_id`, `npc_option_npcflag`, `action_menu_id`, `action_poi_id`, `action_script_id`, `box_coded`, `box_money`, `box_text`, `condition_id`) VALUES (50238, 1, 0, 'Deadmines', 9951, 1, 1, 50200, 0, 0, 0, 0, NULL, @CONDITIONID+5);
INSERT INTO `gossip_menu_option` (`menu_id`, `id`, `option_icon`, `option_text`, `option_broadcast_text`, `option_id`, `npc_option_npcflag`, `action_menu_id`, `action_poi_id`, `action_script_id`, `box_coded`, `box_money`, `box_text`, `condition_id`) VALUES (50238, 2, 0, 'Wailing Caverns', 9878, 1, 1, 50202, 0, 0, 0, 0, NULL, @CONDITIONID+7);
INSERT INTO `gossip_menu_option` (`menu_id`, `id`, `option_icon`, `option_text`, `option_broadcast_text`, `option_id`, `npc_option_npcflag`, `action_menu_id`, `action_poi_id`, `action_script_id`, `box_coded`, `box_money`, `box_text`, `condition_id`) VALUES (50238, 3, 0, 'Shadowfang Keep', 9885, 1, 1, 50204, 0, 0, 0, 0, NULL, @CONDITIONID+10);
INSERT INTO `gossip_menu_option` (`menu_id`, `id`, `option_icon`, `option_text`, `option_broadcast_text`, `option_id`, `npc_option_npcflag`, `action_menu_id`, `action_poi_id`, `action_script_id`, `box_coded`, `box_money`, `box_text`, `condition_id`) VALUES (50238, 4, 0, 'Blackfathom Deeps', 9909, 1, 1, 50206, 0, 0, 0, 0, NULL, @CONDITIONID+13);
INSERT INTO `gossip_menu_option` (`menu_id`, `id`, `option_icon`, `option_text`, `option_broadcast_text`, `option_id`, `npc_option_npcflag`, `action_menu_id`, `action_poi_id`, `action_script_id`, `box_coded`, `box_money`, `box_text`, `condition_id`) VALUES (50238, 5, 0, 'Stormwind Stockade', 9953, 1, 1, 50208, 0, 0, 0, 0, NULL, @CONDITIONID+12);
INSERT INTO `gossip_menu_option` (`menu_id`, `id`, `option_icon`, `option_text`, `option_broadcast_text`, `option_id`, `npc_option_npcflag`, `action_menu_id`, `action_poi_id`, `action_script_id`, `box_coded`, `box_money`, `box_text`, `condition_id`) VALUES (50238, 6, 0, 'Razorfen Kraul', 9915, 1, 1, 50210, 0, 0, 0, 0, NULL, @CONDITIONID+16);
INSERT INTO `gossip_menu_option` (`menu_id`, `id`, `option_icon`, `option_text`, `option_broadcast_text`, `option_id`, `npc_option_npcflag`, `action_menu_id`, `action_poi_id`, `action_script_id`, `box_coded`, `box_money`, `box_text`, `condition_id`) VALUES (50238, 7, 0, 'Gnomeregan', 9908, 1, 1, 50212, 0, 0, 0, 0, NULL, @CONDITIONID+16);
INSERT INTO `gossip_menu_option` (`menu_id`, `id`, `option_icon`, `option_text`, `option_broadcast_text`, `option_id`, `npc_option_npcflag`, `action_menu_id`, `action_poi_id`, `action_script_id`, `box_coded`, `box_money`, `box_text`, `condition_id`) VALUES (50238, 8, 0, 'Scarlet Monastery', 9918, 1, 1, 50214, 0, 0, 0, 0, NULL, @CONDITIONID+19);
INSERT INTO `gossip_menu_option` (`menu_id`, `id`, `option_icon`, `option_text`, `option_broadcast_text`, `option_id`, `npc_option_npcflag`, `action_menu_id`, `action_poi_id`, `action_script_id`, `box_coded`, `box_money`, `box_text`, `condition_id`) VALUES (50238, 9, 0, 'Razorfen Downs', 9921, 1, 1, 50216, 0, 0, 0, 0, NULL, @CONDITIONID+22);
INSERT INTO `gossip_menu_option` (`menu_id`, `id`, `option_icon`, `option_text`, `option_broadcast_text`, `option_id`, `npc_option_npcflag`, `action_menu_id`, `action_poi_id`, `action_script_id`, `box_coded`, `box_money`, `box_text`, `condition_id`) VALUES (50238, 10, 0, 'Maraudon', 9931, 1, 1, 50218, 0, 0, 0, 0, NULL, @CONDITIONID+25);
INSERT INTO `gossip_menu_option` (`menu_id`, `id`, `option_icon`, `option_text`, `option_broadcast_text`, `option_id`, `npc_option_npcflag`, `action_menu_id`, `action_poi_id`, `action_script_id`, `box_coded`, `box_money`, `box_text`, `condition_id`) VALUES (50238, 11, 0, 'Uldaman', 9924, 1, 1, 50220, 0, 0, 0, 0, NULL, @CONDITIONID+28);
INSERT INTO `gossip_menu_option` (`menu_id`, `id`, `option_icon`, `option_text`, `option_broadcast_text`, `option_id`, `npc_option_npcflag`, `action_menu_id`, `action_poi_id`, `action_script_id`, `box_coded`, `box_money`, `box_text`, `condition_id`) VALUES (50238, 12, 0, 'Zul\'Farrak', 9928, 1, 1, 50222, 0, 0, 0, 0, NULL, @CONDITIONID+31);
INSERT INTO `gossip_menu_option` (`menu_id`, `id`, `option_icon`, `option_text`, `option_broadcast_text`, `option_id`, `npc_option_npcflag`, `action_menu_id`, `action_poi_id`, `action_script_id`, `box_coded`, `box_money`, `box_text`, `condition_id`) VALUES (50238, 13, 0, 'Blackrock Depths', 9937, 1, 1, 50224, 0, 0, 0, 0, NULL, @CONDITIONID+32);
INSERT INTO `gossip_menu_option` (`menu_id`, `id`, `option_icon`, `option_text`, `option_broadcast_text`, `option_id`, `npc_option_npcflag`, `action_menu_id`, `action_poi_id`, `action_script_id`, `box_coded`, `box_money`, `box_text`, `condition_id`) VALUES (50238, 14, 0, 'Sunken Temple', 9934, 1, 1, 50226, 0, 0, 0, 0, NULL, @CONDITIONID+33);
INSERT INTO `gossip_menu_option` (`menu_id`, `id`, `option_icon`, `option_text`, `option_broadcast_text`, `option_id`, `npc_option_npcflag`, `action_menu_id`, `action_poi_id`, `action_script_id`, `box_coded`, `box_money`, `box_text`, `condition_id`) VALUES (50238, 15, 0, 'Blackrock Spire', 9940, 1, 1, 50228, 0, 0, 0, 0, NULL, 1125);
INSERT INTO `gossip_menu_option` (`menu_id`, `id`, `option_icon`, `option_text`, `option_broadcast_text`, `option_id`, `npc_option_npcflag`, `action_menu_id`, `action_poi_id`, `action_script_id`, `box_coded`, `box_money`, `box_text`, `condition_id`) VALUES (50238, 16, 0, 'Dire Maul', 9942, 1, 1, 50230, 0, 0, 0, 0, NULL, @CONDITIONID+35);
INSERT INTO `gossip_menu_option` (`menu_id`, `id`, `option_icon`, `option_text`, `option_broadcast_text`, `option_id`, `npc_option_npcflag`, `action_menu_id`, `action_poi_id`, `action_script_id`, `box_coded`, `box_money`, `box_text`, `condition_id`) VALUES (50238, 17, 0, 'Stratholme', 9948, 1, 1, 50232, 0, 0, 0, 0, NULL, @CONDITIONID+36);
INSERT INTO `gossip_menu_option` (`menu_id`, `id`, `option_icon`, `option_text`, `option_broadcast_text`, `option_id`, `npc_option_npcflag`, `action_menu_id`, `action_poi_id`, `action_script_id`, `box_coded`, `box_money`, `box_text`, `condition_id`) VALUES (50238, 18, 0, 'Scholomance', 9945, 1, 1, 50234, 0, 0, 0, 0, NULL, @CONDITIONID+36);
-- Custom Raid Finder
INSERT INTO `gossip_menu_option` (`menu_id`, `id`, `option_icon`, `option_text`, `option_broadcast_text`, `option_id`, `npc_option_npcflag`, `action_menu_id`, `action_poi_id`, `action_script_id`, `box_coded`, `box_money`, `box_text`, `condition_id`) VALUES (50238, 19, 0, 'Naxxramas', 0, 1, 1, 50239, 0, 0, 0, 0, NULL, @CONDITIONID+36);
-- gossip menus (queue & description)
INSERT INTO `gossip_menu` VALUES (50200, 7227, 0, 0);
INSERT INTO `gossip_menu` VALUES (50201, 7187, 0, 0);
INSERT INTO `gossip_menu` VALUES (50202, 7192, 0, 0);
INSERT INTO `gossip_menu` VALUES (50203, 7183, 0, 0);
INSERT INTO `gossip_menu` VALUES (50204, 7197, 0, 0);
INSERT INTO `gossip_menu` VALUES (50205, 7185, 0, 0);
INSERT INTO `gossip_menu` VALUES (50206, 7200, 0, 0);
INSERT INTO `gossip_menu` VALUES (50207, 7201, 0, 0);
INSERT INTO `gossip_menu` VALUES (50208, 7229, 0, 0);
INSERT INTO `gossip_menu` VALUES (50209, 7230, 0, 0);
INSERT INTO `gossip_menu` VALUES (50210, 7204, 0, 0);
INSERT INTO `gossip_menu` VALUES (50211, 7205, 0, 0);
INSERT INTO `gossip_menu` VALUES (50212, 7202, 0, 0);
INSERT INTO `gossip_menu` VALUES (50213, 7203, 0, 0);
INSERT INTO `gossip_menu` VALUES (50214, 7206, 0, 0);
INSERT INTO `gossip_menu` VALUES (50215, 7207, 0, 0);
INSERT INTO `gossip_menu` VALUES (50216, 7208, 0, 0);
INSERT INTO `gossip_menu` VALUES (50217, 7209, 0, 0);
INSERT INTO `gossip_menu` VALUES (50218, 7215, 0, 0);
INSERT INTO `gossip_menu` VALUES (50219, 7216, 0, 0);
INSERT INTO `gossip_menu` VALUES (50220, 7210, 0, 0);
INSERT INTO `gossip_menu` VALUES (50221, 7212, 0, 0);
INSERT INTO `gossip_menu` VALUES (50222, 7213, 0, 0);
INSERT INTO `gossip_menu` VALUES (50223, 7214, 0, 0);
INSERT INTO `gossip_menu` VALUES (50224, 7218, 0, 0);
INSERT INTO `gossip_menu` VALUES (50225, 7219, 0, 0);
INSERT INTO `gossip_menu` VALUES (50226, 7217, 0, 0);
INSERT INTO `gossip_menu` VALUES (50227, 7228, 0, 0);
INSERT INTO `gossip_menu` VALUES (50228, 7218, 0, 0);
INSERT INTO `gossip_menu` VALUES (50229, 7220, 0, 0);
INSERT INTO `gossip_menu` VALUES (50230, 7221, 0, 0);
INSERT INTO `gossip_menu` VALUES (50231, 7222, 0, 0);
INSERT INTO `gossip_menu` VALUES (50232, 7225, 0, 0);
INSERT INTO `gossip_menu` VALUES (50233, 7226, 0, 0);
INSERT INTO `gossip_menu` VALUES (50234, 7223, 0, 0);
INSERT INTO `gossip_menu` VALUES (50235, 7224, 0, 0);
INSERT INTO `gossip_menu` VALUES (50236, 7177, 0, 0);
INSERT INTO `gossip_menu` VALUES (50237, 7191, 0, 0);
INSERT INTO `gossip_menu` VALUES (50238, 7180, 0, 0);
-- Custom Raids Finder
INSERT INTO `gossip_menu` VALUES (50239, 7180, 0, 0);
INSERT INTO `gossip_menu` VALUES (50240, 7180, 0, 0);
-- gossip options (queue & description)
INSERT INTO `gossip_menu_option` (`menu_id`, `id`, `option_icon`, `option_text`, `option_broadcast_text`, `option_id`, `npc_option_npcflag`, `action_menu_id`, `action_poi_id`, `action_script_id`, `box_coded`, `box_money`, `box_text`, `condition_id`) VALUES (50237, 0, 5, 'Join a group going to this dungeon.    <This choice will place you in a meetingstone queue>    ', 9873, 1, 1, -1, 0, 2000, 0, 0, NULL, 0);
INSERT INTO `gossip_menu_option` (`menu_id`, `id`, `option_icon`, `option_text`, `option_broadcast_text`, `option_id`, `npc_option_npcflag`, `action_menu_id`, `action_poi_id`, `action_script_id`, `box_coded`, `box_money`, `box_text`, `condition_id`) VALUES (50237, 1, 0, 'Can you tell me more about this place?', 9898, 1, 1, 50236, 0, 0, 0, 0, NULL, 0);
INSERT INTO `gossip_menu_option` (`menu_id`, `id`, `option_icon`, `option_text`, `option_broadcast_text`, `option_id`, `npc_option_npcflag`, `action_menu_id`, `action_poi_id`, `action_script_id`, `box_coded`, `box_money`, `box_text`, `condition_id`) VALUES (50200, 0, 5, 'Join a group going to this dungeon.    <This choice will place you in a meetingstone queue>    ', 9873, 1, 1, -1, 0, 2001, 0, 0, NULL, 0);
INSERT INTO `gossip_menu_option` (`menu_id`, `id`, `option_icon`, `option_text`, `option_broadcast_text`, `option_id`, `npc_option_npcflag`, `action_menu_id`, `action_poi_id`, `action_script_id`, `box_coded`, `box_money`, `box_text`, `condition_id`) VALUES (50200, 1, 0, 'Can you tell me more about this place?', 9898, 1, 1, 50201, 0, 0, 0, 0, NULL, 0);
INSERT INTO `gossip_menu_option` (`menu_id`, `id`, `option_icon`, `option_text`, `option_broadcast_text`, `option_id`, `npc_option_npcflag`, `action_menu_id`, `action_poi_id`, `action_script_id`, `box_coded`, `box_money`, `box_text`, `condition_id`) VALUES (50202, 0, 5, 'Join a group going to this dungeon.    <This choice will place you in a meetingstone queue>    ', 9873, 1, 1, -1, 0, 2002, 0, 0, NULL, 0);
INSERT INTO `gossip_menu_option` (`menu_id`, `id`, `option_icon`, `option_text`, `option_broadcast_text`, `option_id`, `npc_option_npcflag`, `action_menu_id`, `action_poi_id`, `action_script_id`, `box_coded`, `box_money`, `box_text`, `condition_id`) VALUES (50202, 1, 0, 'Can you tell me more about this place?', 9898, 1, 1, 50203, 0, 0, 0, 0, NULL, 0);
INSERT INTO `gossip_menu_option` (`menu_id`, `id`, `option_icon`, `option_text`, `option_broadcast_text`, `option_id`, `npc_option_npcflag`, `action_menu_id`, `action_poi_id`, `action_script_id`, `box_coded`, `box_money`, `box_text`, `condition_id`) VALUES (50204, 0, 5, 'Join a group going to this dungeon.    <This choice will place you in a meetingstone queue>    ', 9873, 1, 1, -1, 0, 2003, 0, 0, NULL, 0);
INSERT INTO `gossip_menu_option` (`menu_id`, `id`, `option_icon`, `option_text`, `option_broadcast_text`, `option_id`, `npc_option_npcflag`, `action_menu_id`, `action_poi_id`, `action_script_id`, `box_coded`, `box_money`, `box_text`, `condition_id`) VALUES (50204, 1, 0, 'Can you tell me more about this place?', 9898, 1, 1, 50205, 0, 0, 0, 0, NULL, 0);
INSERT INTO `gossip_menu_option` (`menu_id`, `id`, `option_icon`, `option_text`, `option_broadcast_text`, `option_id`, `npc_option_npcflag`, `action_menu_id`, `action_poi_id`, `action_script_id`, `box_coded`, `box_money`, `box_text`, `condition_id`) VALUES (50206, 0, 5, 'Join a group going to this dungeon.    <This choice will place you in a meetingstone queue>    ', 9873, 1, 1, -1, 0, 2004, 0, 0, NULL, 0);
INSERT INTO `gossip_menu_option` (`menu_id`, `id`, `option_icon`, `option_text`, `option_broadcast_text`, `option_id`, `npc_option_npcflag`, `action_menu_id`, `action_poi_id`, `action_script_id`, `box_coded`, `box_money`, `box_text`, `condition_id`) VALUES (50206, 1, 0, 'Can you tell me more about this place?', 9898, 1, 1, 50207, 0, 0, 0, 0, NULL, 0);
INSERT INTO `gossip_menu_option` (`menu_id`, `id`, `option_icon`, `option_text`, `option_broadcast_text`, `option_id`, `npc_option_npcflag`, `action_menu_id`, `action_poi_id`, `action_script_id`, `box_coded`, `box_money`, `box_text`, `condition_id`) VALUES (50208, 0, 5, 'Join a group going to this dungeon.    <This choice will place you in a meetingstone queue>    ', 9873, 1, 1, -1, 0, 2005, 0, 0, NULL, 0);
INSERT INTO `gossip_menu_option` (`menu_id`, `id`, `option_icon`, `option_text`, `option_broadcast_text`, `option_id`, `npc_option_npcflag`, `action_menu_id`, `action_poi_id`, `action_script_id`, `box_coded`, `box_money`, `box_text`, `condition_id`) VALUES (50208, 1, 0, 'Can you tell me more about this place?', 9898, 1, 1, 50209, 0, 0, 0, 0, NULL, 0);
INSERT INTO `gossip_menu_option` (`menu_id`, `id`, `option_icon`, `option_text`, `option_broadcast_text`, `option_id`, `npc_option_npcflag`, `action_menu_id`, `action_poi_id`, `action_script_id`, `box_coded`, `box_money`, `box_text`, `condition_id`) VALUES (50210, 0, 5, 'Join a group going to this dungeon.    <This choice will place you in a meetingstone queue>    ', 9873, 1, 1, -1, 0, 2006, 0, 0, NULL, 0);
INSERT INTO `gossip_menu_option` (`menu_id`, `id`, `option_icon`, `option_text`, `option_broadcast_text`, `option_id`, `npc_option_npcflag`, `action_menu_id`, `action_poi_id`, `action_script_id`, `box_coded`, `box_money`, `box_text`, `condition_id`) VALUES (50210, 1, 0, 'Can you tell me more about this place?', 9898, 1, 1, 50211, 0, 0, 0, 0, NULL, 0);
INSERT INTO `gossip_menu_option` (`menu_id`, `id`, `option_icon`, `option_text`, `option_broadcast_text`, `option_id`, `npc_option_npcflag`, `action_menu_id`, `action_poi_id`, `action_script_id`, `box_coded`, `box_money`, `box_text`, `condition_id`) VALUES (50212, 0, 5, 'Join a group going to this dungeon.    <This choice will place you in a meetingstone queue>    ', 9873, 1, 1, -1, 0, 2007, 0, 0, NULL, 0);
INSERT INTO `gossip_menu_option` (`menu_id`, `id`, `option_icon`, `option_text`, `option_broadcast_text`, `option_id`, `npc_option_npcflag`, `action_menu_id`, `action_poi_id`, `action_script_id`, `box_coded`, `box_money`, `box_text`, `condition_id`) VALUES (50212, 1, 0, 'Can you tell me more about this place?', 9898, 1, 1, 50213, 0, 0, 0, 0, NULL, 0);
INSERT INTO `gossip_menu_option` (`menu_id`, `id`, `option_icon`, `option_text`, `option_broadcast_text`, `option_id`, `npc_option_npcflag`, `action_menu_id`, `action_poi_id`, `action_script_id`, `box_coded`, `box_money`, `box_text`, `condition_id`) VALUES (50214, 0, 5, 'Join a group going to this dungeon.    <This choice will place you in a meetingstone queue>    ', 9873, 1, 1, -1, 0, 2008, 0, 0, NULL, 0);
INSERT INTO `gossip_menu_option` (`menu_id`, `id`, `option_icon`, `option_text`, `option_broadcast_text`, `option_id`, `npc_option_npcflag`, `action_menu_id`, `action_poi_id`, `action_script_id`, `box_coded`, `box_money`, `box_text`, `condition_id`) VALUES (50214, 1, 0, 'Can you tell me more about this place?', 9898, 1, 1, 50215, 0, 0, 0, 0, NULL, 0);
INSERT INTO `gossip_menu_option` (`menu_id`, `id`, `option_icon`, `option_text`, `option_broadcast_text`, `option_id`, `npc_option_npcflag`, `action_menu_id`, `action_poi_id`, `action_script_id`, `box_coded`, `box_money`, `box_text`, `condition_id`) VALUES (50216, 0, 5, 'Join a group going to this dungeon.    <This choice will place you in a meetingstone queue>    ', 9873, 1, 1, -1, 0, 2009, 0, 0, NULL, 0);
INSERT INTO `gossip_menu_option` (`menu_id`, `id`, `option_icon`, `option_text`, `option_broadcast_text`, `option_id`, `npc_option_npcflag`, `action_menu_id`, `action_poi_id`, `action_script_id`, `box_coded`, `box_money`, `box_text`, `condition_id`) VALUES (50216, 1, 0, 'Can you tell me more about this place?', 9898, 1, 1, 50217, 0, 0, 0, 0, NULL, 0);
INSERT INTO `gossip_menu_option` (`menu_id`, `id`, `option_icon`, `option_text`, `option_broadcast_text`, `option_id`, `npc_option_npcflag`, `action_menu_id`, `action_poi_id`, `action_script_id`, `box_coded`, `box_money`, `box_text`, `condition_id`) VALUES (50218, 0, 5, 'Join a group going to this dungeon.    <This choice will place you in a meetingstone queue>    ', 9873, 1, 1, -1, 0, 2010, 0, 0, NULL, 0);
INSERT INTO `gossip_menu_option` (`menu_id`, `id`, `option_icon`, `option_text`, `option_broadcast_text`, `option_id`, `npc_option_npcflag`, `action_menu_id`, `action_poi_id`, `action_script_id`, `box_coded`, `box_money`, `box_text`, `condition_id`) VALUES (50218, 1, 0, 'Can you tell me more about this place?', 9898, 1, 1, 50219, 0, 0, 0, 0, NULL, 0);
INSERT INTO `gossip_menu_option` (`menu_id`, `id`, `option_icon`, `option_text`, `option_broadcast_text`, `option_id`, `npc_option_npcflag`, `action_menu_id`, `action_poi_id`, `action_script_id`, `box_coded`, `box_money`, `box_text`, `condition_id`) VALUES (50220, 0, 5, 'Join a group going to this dungeon.    <This choice will place you in a meetingstone queue>    ', 9873, 1, 1, -1, 0, 2011, 0, 0, NULL, 0);
INSERT INTO `gossip_menu_option` (`menu_id`, `id`, `option_icon`, `option_text`, `option_broadcast_text`, `option_id`, `npc_option_npcflag`, `action_menu_id`, `action_poi_id`, `action_script_id`, `box_coded`, `box_money`, `box_text`, `condition_id`) VALUES (50220, 1, 0, 'Can you tell me more about this place?', 9898, 1, 1, 50221, 0, 0, 0, 0, NULL, 0);
INSERT INTO `gossip_menu_option` (`menu_id`, `id`, `option_icon`, `option_text`, `option_broadcast_text`, `option_id`, `npc_option_npcflag`, `action_menu_id`, `action_poi_id`, `action_script_id`, `box_coded`, `box_money`, `box_text`, `condition_id`) VALUES (50222, 0, 5, 'Join a group going to this dungeon.    <This choice will place you in a meetingstone queue>    ', 9873, 1, 1, -1, 0, 2012, 0, 0, NULL, 0);
INSERT INTO `gossip_menu_option` (`menu_id`, `id`, `option_icon`, `option_text`, `option_broadcast_text`, `option_id`, `npc_option_npcflag`, `action_menu_id`, `action_poi_id`, `action_script_id`, `box_coded`, `box_money`, `box_text`, `condition_id`) VALUES (50222, 1, 0, 'Can you tell me more about this place?', 9898, 1, 1, 50223, 0, 0, 0, 0, NULL, 0);
INSERT INTO `gossip_menu_option` (`menu_id`, `id`, `option_icon`, `option_text`, `option_broadcast_text`, `option_id`, `npc_option_npcflag`, `action_menu_id`, `action_poi_id`, `action_script_id`, `box_coded`, `box_money`, `box_text`, `condition_id`) VALUES (50224, 0, 5, 'Join a group going to this dungeon.    <This choice will place you in a meetingstone queue>    ', 9873, 1, 1, -1, 0, 2013, 0, 0, NULL, 0);
INSERT INTO `gossip_menu_option` (`menu_id`, `id`, `option_icon`, `option_text`, `option_broadcast_text`, `option_id`, `npc_option_npcflag`, `action_menu_id`, `action_poi_id`, `action_script_id`, `box_coded`, `box_money`, `box_text`, `condition_id`) VALUES (50224, 1, 0, 'Can you tell me more about this place?', 9898, 1, 1, 50225, 0, 0, 0, 0, NULL, 0);
INSERT INTO `gossip_menu_option` (`menu_id`, `id`, `option_icon`, `option_text`, `option_broadcast_text`, `option_id`, `npc_option_npcflag`, `action_menu_id`, `action_poi_id`, `action_script_id`, `box_coded`, `box_money`, `box_text`, `condition_id`) VALUES (50226, 0, 5, 'Join a group going to this dungeon.    <This choice will place you in a meetingstone queue>    ', 9873, 1, 1, -1, 0, 2014, 0, 0, NULL, 0);
INSERT INTO `gossip_menu_option` (`menu_id`, `id`, `option_icon`, `option_text`, `option_broadcast_text`, `option_id`, `npc_option_npcflag`, `action_menu_id`, `action_poi_id`, `action_script_id`, `box_coded`, `box_money`, `box_text`, `condition_id`) VALUES (50226, 1, 0, 'Can you tell me more about this place?', 9898, 1, 1, 50227, 0, 0, 0, 0, NULL, 0);
INSERT INTO `gossip_menu_option` (`menu_id`, `id`, `option_icon`, `option_text`, `option_broadcast_text`, `option_id`, `npc_option_npcflag`, `action_menu_id`, `action_poi_id`, `action_script_id`, `box_coded`, `box_money`, `box_text`, `condition_id`) VALUES (50228, 0, 5, 'Join a group going to this dungeon.    <This choice will place you in a meetingstone queue>    ', 9873, 1, 1, -1, 0, 2015, 0, 0, NULL, 0);
INSERT INTO `gossip_menu_option` (`menu_id`, `id`, `option_icon`, `option_text`, `option_broadcast_text`, `option_id`, `npc_option_npcflag`, `action_menu_id`, `action_poi_id`, `action_script_id`, `box_coded`, `box_money`, `box_text`, `condition_id`) VALUES (50228, 1, 0, 'Can you tell me more about this place?', 9898, 1, 1, 50229, 0, 0, 0, 0, NULL, 0);
INSERT INTO `gossip_menu_option` (`menu_id`, `id`, `option_icon`, `option_text`, `option_broadcast_text`, `option_id`, `npc_option_npcflag`, `action_menu_id`, `action_poi_id`, `action_script_id`, `box_coded`, `box_money`, `box_text`, `condition_id`) VALUES (50230, 0, 5, 'Join a group going to this dungeon.    <This choice will place you in a meetingstone queue>    ', 9873, 1, 1, -1, 0, 2016, 0, 0, NULL, 0);
INSERT INTO `gossip_menu_option` (`menu_id`, `id`, `option_icon`, `option_text`, `option_broadcast_text`, `option_id`, `npc_option_npcflag`, `action_menu_id`, `action_poi_id`, `action_script_id`, `box_coded`, `box_money`, `box_text`, `condition_id`) VALUES (50230, 1, 0, 'Can you tell me more about this place?', 9898, 1, 1, 50231, 0, 0, 0, 0, NULL, 0);
INSERT INTO `gossip_menu_option` (`menu_id`, `id`, `option_icon`, `option_text`, `option_broadcast_text`, `option_id`, `npc_option_npcflag`, `action_menu_id`, `action_poi_id`, `action_script_id`, `box_coded`, `box_money`, `box_text`, `condition_id`) VALUES (50232, 0, 5, 'Join a group going to this dungeon.    <This choice will place you in a meetingstone queue>    ', 9873, 1, 1, -1, 0, 2017, 0, 0, NULL, 0);
INSERT INTO `gossip_menu_option` (`menu_id`, `id`, `option_icon`, `option_text`, `option_broadcast_text`, `option_id`, `npc_option_npcflag`, `action_menu_id`, `action_poi_id`, `action_script_id`, `box_coded`, `box_money`, `box_text`, `condition_id`) VALUES (50232, 1, 0, 'Can you tell me more about this place?', 9898, 1, 1, 50233, 0, 0, 0, 0, NULL, 0);
INSERT INTO `gossip_menu_option` (`menu_id`, `id`, `option_icon`, `option_text`, `option_broadcast_text`, `option_id`, `npc_option_npcflag`, `action_menu_id`, `action_poi_id`, `action_script_id`, `box_coded`, `box_money`, `box_text`, `condition_id`) VALUES (50234, 0, 5, 'Join a group going to this dungeon.    <This choice will place you in a meetingstone queue>    ', 9873, 1, 1, -1, 0, 2018, 0, 0, NULL, 0);
INSERT INTO `gossip_menu_option` (`menu_id`, `id`, `option_icon`, `option_text`, `option_broadcast_text`, `option_id`, `npc_option_npcflag`, `action_menu_id`, `action_poi_id`, `action_script_id`, `box_coded`, `box_money`, `box_text`, `condition_id`) VALUES (50234, 1, 0, 'Can you tell me more about this place?', 9898, 1, 1, 50235, 0, 0, 0, 0, NULL, 0);
-- Raid Finder
INSERT INTO `gossip_menu_option` (`menu_id`, `id`, `option_icon`, `option_text`, `option_broadcast_text`, `option_id`, `npc_option_npcflag`, `action_menu_id`, `action_poi_id`, `action_script_id`, `box_coded`, `box_money`, `box_text`, `condition_id`) VALUES (50239, 0, 5, 'Join a group going to this dungeon.    <This choice will place you in a meetingstone queue>    ', 9873, 1, 1, -1, 0, 2019, 0, 0, NULL, 0);
INSERT INTO `gossip_menu_option` (`menu_id`, `id`, `option_icon`, `option_text`, `option_broadcast_text`, `option_id`, `npc_option_npcflag`, `action_menu_id`, `action_poi_id`, `action_script_id`, `box_coded`, `box_money`, `box_text`, `condition_id`) VALUES (50239, 1, 0, 'Can you tell me more about this place?', 9898, 1, 1, 50240, 0, 0, 0, 0, NULL, 0);
-- add gossip options for inkeepers menus
INSERT INTO `gossip_menu_option` (`menu_id`, `id`, `option_icon`, `option_text`, `option_broadcast_text`, `option_id`, `npc_option_npcflag`, `action_menu_id`, `action_poi_id`, `action_script_id`, `box_coded`, `box_money`, `box_text`, `condition_id`) VALUES (342, 4, 0, 'Tell me about dungeons I could explore.', 9882, 1, 1, 50238, 0, 0, 0, 0, NULL, @CONDITIONID);
INSERT INTO `gossip_menu_option` (`menu_id`, `id`, `option_icon`, `option_text`, `option_broadcast_text`, `option_id`, `npc_option_npcflag`, `action_menu_id`, `action_poi_id`, `action_script_id`, `box_coded`, `box_money`, `box_text`, `condition_id`) VALUES (344, 4, 0, 'Tell me about dungeons I could explore.', 9882, 1, 1, 50238, 0, 0, 0, 0, NULL, @CONDITIONID);
INSERT INTO `gossip_menu_option` (`menu_id`, `id`, `option_icon`, `option_text`, `option_broadcast_text`, `option_id`, `npc_option_npcflag`, `action_menu_id`, `action_poi_id`, `action_script_id`, `box_coded`, `box_money`, `box_text`, `condition_id`) VALUES (345, 4, 0, 'Tell me about dungeons I could explore.', 9882, 1, 1, 50238, 0, 0, 0, 0, NULL, @CONDITIONID);
INSERT INTO `gossip_menu_option` (`menu_id`, `id`, `option_icon`, `option_text`, `option_broadcast_text`, `option_id`, `npc_option_npcflag`, `action_menu_id`, `action_poi_id`, `action_script_id`, `box_coded`, `box_money`, `box_text`, `condition_id`) VALUES (347, 5, 0, 'Tell me about dungeons I could explore.', 9882, 1, 1, 50238, 0, 0, 0, 0, NULL, @CONDITIONID);
INSERT INTO `gossip_menu_option` (`menu_id`, `id`, `option_icon`, `option_text`, `option_broadcast_text`, `option_id`, `npc_option_npcflag`, `action_menu_id`, `action_poi_id`, `action_script_id`, `box_coded`, `box_money`, `box_text`, `condition_id`) VALUES (349, 4, 0, 'Tell me about dungeons I could explore.', 9882, 1, 1, 50238, 0, 0, 0, 0, NULL, @CONDITIONID);
INSERT INTO `gossip_menu_option` (`menu_id`, `id`, `option_icon`, `option_text`, `option_broadcast_text`, `option_id`, `npc_option_npcflag`, `action_menu_id`, `action_poi_id`, `action_script_id`, `box_coded`, `box_money`, `box_text`, `condition_id`) VALUES (1290, 5, 0, 'Tell me about dungeons I could explore.', 9882, 1, 1, 50238, 0, 0, 0, 0, NULL, @CONDITIONID);
INSERT INTO `gossip_menu_option` (`menu_id`, `id`, `option_icon`, `option_text`, `option_broadcast_text`, `option_id`, `npc_option_npcflag`, `action_menu_id`, `action_poi_id`, `action_script_id`, `box_coded`, `box_money`, `box_text`, `condition_id`) VALUES (1291, 6, 0, 'Tell me about dungeons I could explore.', 9882, 1, 1, 50238, 0, 0, 0, 0, NULL, @CONDITIONID);
INSERT INTO `gossip_menu_option` (`menu_id`, `id`, `option_icon`, `option_text`, `option_broadcast_text`, `option_id`, `npc_option_npcflag`, `action_menu_id`, `action_poi_id`, `action_script_id`, `box_coded`, `box_money`, `box_text`, `condition_id`) VALUES (1293, 5, 0, 'Tell me about dungeons I could explore.', 9882, 1, 1, 50238, 0, 0, 0, 0, NULL, @CONDITIONID);
INSERT INTO `gossip_menu_option` (`menu_id`, `id`, `option_icon`, `option_text`, `option_broadcast_text`, `option_id`, `npc_option_npcflag`, `action_menu_id`, `action_poi_id`, `action_script_id`, `box_coded`, `box_money`, `box_text`, `condition_id`) VALUES (1294, 5, 0, 'Tell me about dungeons I could explore.', 9882, 1, 1, 50238, 0, 0, 0, 0, NULL, @CONDITIONID);
INSERT INTO `gossip_menu_option` (`menu_id`, `id`, `option_icon`, `option_text`, `option_broadcast_text`, `option_id`, `npc_option_npcflag`, `action_menu_id`, `action_poi_id`, `action_script_id`, `box_coded`, `box_money`, `box_text`, `condition_id`) VALUES (1296, 5, 0, 'Tell me about dungeons I could explore.', 9882, 1, 1, 50238, 0, 0, 0, 0, NULL, @CONDITIONID);
INSERT INTO `gossip_menu_option` (`menu_id`, `id`, `option_icon`, `option_text`, `option_broadcast_text`, `option_id`, `npc_option_npcflag`, `action_menu_id`, `action_poi_id`, `action_script_id`, `box_coded`, `box_money`, `box_text`, `condition_id`) VALUES (1297, 5, 0, 'Tell me about dungeons I could explore.', 9882, 1, 1, 50238, 0, 0, 0, 0, NULL, @CONDITIONID);
INSERT INTO `gossip_menu_option` (`menu_id`, `id`, `option_icon`, `option_text`, `option_broadcast_text`, `option_id`, `npc_option_npcflag`, `action_menu_id`, `action_poi_id`, `action_script_id`, `box_coded`, `box_money`, `box_text`, `condition_id`) VALUES (1581, 4, 0, 'Tell me about dungeons I could explore.', 9882, 1, 1, 50238, 0, 0, 0, 0, NULL, @CONDITIONID);
INSERT INTO `gossip_menu_option` (`menu_id`, `id`, `option_icon`, `option_text`, `option_broadcast_text`, `option_id`, `npc_option_npcflag`, `action_menu_id`, `action_poi_id`, `action_script_id`, `box_coded`, `box_money`, `box_text`, `condition_id`) VALUES (2890, 6, 0, 'Tell me about dungeons I could explore.', 9882, 1, 1, 50238, 0, 0, 0, 0, NULL, @CONDITIONID);
INSERT INTO `gossip_menu_option` (`menu_id`, `id`, `option_icon`, `option_text`, `option_broadcast_text`, `option_id`, `npc_option_npcflag`, `action_menu_id`, `action_poi_id`, `action_script_id`, `box_coded`, `box_money`, `box_text`, `condition_id`) VALUES (6059, 5, 0, 'Tell me about dungeons I could explore.', 9882, 1, 1, 50238, 0, 0, 0, 0, NULL, @CONDITIONID);
-- gossip script to add to queue on gossip select
INSERT INTO `dbscripts_on_gossip` (`id`, `delay`, `command`, `datalong`, `datalong2`, `datalong3`,  `data_flags`, `dataint`, `dataint2`, `dataint3`, `dataint4`, `x`, `y`, `z`, `o`, `comments`) VALUES (2000, 0, 200, 2437, 0, 0, 0, 0, 0, 0, 0, 0, 0, 0, 0, 'Meetingstone - Ragefire Chasm');
INSERT INTO `dbscripts_on_gossip` (`id`, `delay`, `command`, `datalong`, `datalong2`, `datalong3`,  `data_flags`, `dataint`, `dataint2`, `dataint3`, `dataint4`, `x`, `y`, `z`, `o`, `comments`) VALUES (2001, 0, 200, 1581, 0, 0, 0, 0, 0, 0, 0, 0, 0, 0, 0, 'Meetingstone - The Deadmines');
INSERT INTO `dbscripts_on_gossip` (`id`, `delay`, `command`, `datalong`, `datalong2`, `datalong3`,  `data_flags`, `dataint`, `dataint2`, `dataint3`, `dataint4`, `x`, `y`, `z`, `o`, `comments`) VALUES (2002, 0, 200, 718, 0, 0, 0, 0, 0, 0, 0, 0, 0, 0, 0, 'Meetingstone - Wailing Caverns');
INSERT INTO `dbscripts_on_gossip` (`id`, `delay`, `command`, `datalong`, `datalong2`, `datalong3`,  `data_flags`, `dataint`, `dataint2`, `dataint3`, `dataint4`, `x`, `y`, `z`, `o`, `comments`) VALUES (2003, 0, 200, 209, 0, 0, 0, 0, 0, 0, 0, 0, 0, 0, 0, 'Meetingstone - Shadowfang Keep');
INSERT INTO `dbscripts_on_gossip` (`id`, `delay`, `command`, `datalong`, `datalong2`, `datalong3`,  `data_flags`, `dataint`, `dataint2`, `dataint3`, `dataint4`, `x`, `y`, `z`, `o`, `comments`) VALUES (2004, 0, 200, 719, 0, 0, 0, 0, 0, 0, 0, 0, 0, 0, 0, 'Meetingstone - Blackfathom Depths');
INSERT INTO `dbscripts_on_gossip` (`id`, `delay`, `command`, `datalong`, `datalong2`, `datalong3`,  `data_flags`, `dataint`, `dataint2`, `dataint3`, `dataint4`, `x`, `y`, `z`, `o`, `comments`) VALUES (2005, 0, 200, 717, 0, 0, 0, 0, 0, 0, 0, 0, 0, 0, 0, 'Meetingstone - The Stockade');
INSERT INTO `dbscripts_on_gossip` (`id`, `delay`, `command`, `datalong`, `datalong2`, `datalong3`,  `data_flags`, `dataint`, `dataint2`, `dataint3`, `dataint4`, `x`, `y`, `z`, `o`, `comments`) VALUES (2006, 0, 200, 491, 0, 0, 0, 0, 0, 0, 0, 0, 0, 0, 0, 'Meetingstone - Razorfen Kraul');
INSERT INTO `dbscripts_on_gossip` (`id`, `delay`, `command`, `datalong`, `datalong2`, `datalong3`,  `data_flags`, `dataint`, `dataint2`, `dataint3`, `dataint4`, `x`, `y`, `z`, `o`, `comments`) VALUES (2007, 0, 200, 133, 0, 0, 0, 0, 0, 0, 0, 0, 0, 0, 0, 'Meetingstone - Gnomeregan');
INSERT INTO `dbscripts_on_gossip` (`id`, `delay`, `command`, `datalong`, `datalong2`, `datalong3`,  `data_flags`, `dataint`, `dataint2`, `dataint3`, `dataint4`, `x`, `y`, `z`, `o`, `comments`) VALUES (2008, 0, 200, 796, 0, 0, 0, 0, 0, 0, 0, 0, 0, 0, 0, 'Meetingstone - Scarlet Monastery');
INSERT INTO `dbscripts_on_gossip` (`id`, `delay`, `command`, `datalong`, `datalong2`, `datalong3`,  `data_flags`, `dataint`, `dataint2`, `dataint3`, `dataint4`, `x`, `y`, `z`, `o`, `comments`) VALUES (2009, 0, 200, 722, 0, 0, 0, 0, 0, 0, 0, 0, 0, 0, 0, 'Meetingstone - Razorfen Downs');
INSERT INTO `dbscripts_on_gossip` (`id`, `delay`, `command`, `datalong`, `datalong2`, `datalong3`,  `data_flags`, `dataint`, `dataint2`, `dataint3`, `dataint4`, `x`, `y`, `z`, `o`, `comments`) VALUES (2010, 0, 200, 2100, 0, 0, 0, 0, 0, 0, 0, 0, 0, 0, 0, 'Meetingstone - Maraudon');
INSERT INTO `dbscripts_on_gossip` (`id`, `delay`, `command`, `datalong`, `datalong2`, `datalong3`,  `data_flags`, `dataint`, `dataint2`, `dataint3`, `dataint4`, `x`, `y`, `z`, `o`, `comments`) VALUES (2011, 0, 200, 1517, 0, 0, 0, 0, 0, 0, 0, 0, 0, 0, 0, 'Meetingstone - Uldaman');
INSERT INTO `dbscripts_on_gossip` (`id`, `delay`, `command`, `datalong`, `datalong2`, `datalong3`,  `data_flags`, `dataint`, `dataint2`, `dataint3`, `dataint4`, `x`, `y`, `z`, `o`, `comments`) VALUES (2012, 0, 200, 978, 0, 0, 0, 0, 0, 0, 0, 0, 0, 0, 0, 'Meetingstone - Zul\'Farrak');
INSERT INTO `dbscripts_on_gossip` (`id`, `delay`, `command`, `datalong`, `datalong2`, `datalong3`,  `data_flags`, `dataint`, `dataint2`, `dataint3`, `dataint4`, `x`, `y`, `z`, `o`, `comments`) VALUES (2013, 0, 200, 1584, 0, 0, 0, 0, 0, 0, 0, 0, 0, 0, 0, 'Meetingstone - Blackrock Depths');
INSERT INTO `dbscripts_on_gossip` (`id`, `delay`, `command`, `datalong`, `datalong2`, `datalong3`,  `data_flags`, `dataint`, `dataint2`, `dataint3`, `dataint4`, `x`, `y`, `z`, `o`, `comments`) VALUES (2014, 0, 200, 1477, 0, 0, 0, 0, 0, 0, 0, 0, 0, 0, 0, 'Meetingstone - Sunken Temple');
INSERT INTO `dbscripts_on_gossip` (`id`, `delay`, `command`, `datalong`, `datalong2`, `datalong3`,  `data_flags`, `dataint`, `dataint2`, `dataint3`, `dataint4`, `x`, `y`, `z`, `o`, `comments`) VALUES (2015, 0, 200, 1583, 0, 0, 0, 0, 0, 0, 0, 0, 0, 0, 0, 'Meetingstone - Blackrock Spire');
INSERT INTO `dbscripts_on_gossip` (`id`, `delay`, `command`, `datalong`, `datalong2`, `datalong3`,  `data_flags`, `dataint`, `dataint2`, `dataint3`, `dataint4`, `x`, `y`, `z`, `o`, `comments`) VALUES (2016, 0, 200, 2557, 0, 0, 0, 0, 0, 0, 0, 0, 0, 0, 0, 'Meetingstone - Dire Maul');
INSERT INTO `dbscripts_on_gossip` (`id`, `delay`, `command`, `datalong`, `datalong2`, `datalong3`,  `data_flags`, `dataint`, `dataint2`, `dataint3`, `dataint4`, `x`, `y`, `z`, `o`, `comments`) VALUES (2017, 0, 200, 2017, 0, 0, 0, 0, 0, 0, 0, 0, 0, 0, 0, 'Meetingstone - Stratholme');
INSERT INTO `dbscripts_on_gossip` (`id`, `delay`, `command`, `datalong`, `datalong2`, `datalong3`,  `data_flags`, `dataint`, `dataint2`, `dataint3`, `dataint4`, `x`, `y`, `z`, `o`, `comments`) VALUES (2018, 0, 200, 2057, 0, 0, 0, 0, 0, 0, 0, 0, 0, 0, 0, 'Meetingstone - Scholomance');
-- Raid Finder
INSERT INTO `dbscripts_on_gossip` (`id`, `delay`, `command`, `datalong`, `datalong2`, `datalong3`,  `data_flags`, `dataint`, `dataint2`, `dataint3`, `dataint4`, `x`, `y`, `z`, `o`, `comments`) VALUES (2019, 0, 200, 3456, 0, 0, 0, 0, 0, 0, 0, 0, 0, 0, 0, 'Meetingstone - Scholomance');
-- conditions for available dungeons in menu
INSERT INTO `conditions` VALUES (@CONDITIONID, 15, 17, 1, 0, 0, 0, '');
INSERT INTO `conditions` VALUES (@CONDITIONID+1, 15, 13, 1, 0, 0, 0, '');
INSERT INTO `conditions` VALUES (@CONDITIONID+2, 15, 20, 2, 0, 0, 0, '');
INSERT INTO `conditions` VALUES (@CONDITIONID+3, -1, @CONDITIONID+1, @CONDITIONID+2, 3, 0, 0, '');
INSERT INTO `conditions` VALUES (@CONDITIONID+4, 15, 26, 2, 0, 0, 0, '');
INSERT INTO `conditions` VALUES (@CONDITIONID+5, -1, @CONDITIONID, @CONDITIONID+4, 0, 0, 0, '');
INSERT INTO `conditions` VALUES (@CONDITIONID+6, 15, 24, 2, 0, 0, 0, '');
INSERT INTO `conditions` VALUES (@CONDITIONID+7, -1, @CONDITIONID, @CONDITIONID+6, 0, 0, 0, '');
INSERT INTO `conditions` VALUES (@CONDITIONID+8, 15, 22, 1, 0, 0, 0, '');
INSERT INTO `conditions` VALUES (@CONDITIONID+9, 15, 30, 2, 0, 0, 0, '');
INSERT INTO `conditions` VALUES (@CONDITIONID+10, -1, @CONDITIONID+8, @CONDITIONID+9, 0, 0, 0, '');
INSERT INTO `conditions` VALUES (@CONDITIONID+11, 15, 32, 2, 0, 0, 0, '');
INSERT INTO `conditions` VALUES (@CONDITIONID+12, -1, 168, @CONDITIONID+11, 4, 0, 0, '');
INSERT INTO `conditions` VALUES (@CONDITIONID+13, -1, 168, @CONDITIONID+11, 0, 0, 0, '');
INSERT INTO `conditions` VALUES (@CONDITIONID+14, 15, 29, 1, 0, 0, 0, '');
INSERT INTO `conditions` VALUES (@CONDITIONID+15, 15, 38, 2, 0, 0, 0, '');
INSERT INTO `conditions` VALUES (@CONDITIONID+16, -1, @CONDITIONID+14, @CONDITIONID+15, 0, 0, 0, '');
INSERT INTO `conditions` VALUES (@CONDITIONID+17, 15, 34, 1, 0, 0, 0, '');
INSERT INTO `conditions` VALUES (@CONDITIONID+18, 15, 45, 2, 0, 0, 0, '');
INSERT INTO `conditions` VALUES (@CONDITIONID+19, -1, @CONDITIONID+17, @CONDITIONID+18, 0, 0, 0, '');
INSERT INTO `conditions` VALUES (@CONDITIONID+20, 15, 37, 1, 0, 0, 0, '');
INSERT INTO `conditions` VALUES (@CONDITIONID+21, 15, 46, 2, 0, 0, 0, '');
INSERT INTO `conditions` VALUES (@CONDITIONID+22, -1, @CONDITIONID+20, @CONDITIONID+21, 0, 0, 0, '');
INSERT INTO `conditions` VALUES (@CONDITIONID+24, 15, 52, 2, 0, 0, 0, '');
INSERT INTO `conditions` VALUES (@CONDITIONID+25, -1, 179, @CONDITIONID+24, 0, 0, 0, '');
INSERT INTO `conditions` VALUES (@CONDITIONID+26, 15, 41, 1, 0, 0, 0, '');
INSERT INTO `conditions` VALUES (@CONDITIONID+27, 15, 51, 2, 0, 0, 0, '');
INSERT INTO `conditions` VALUES (@CONDITIONID+28, -1, @CONDITIONID+26, @CONDITIONID+27, 0, 0, 0, '');
INSERT INTO `conditions` VALUES (@CONDITIONID+29, 15, 44, 1, 0, 0, 0, '');
INSERT INTO `conditions` VALUES (@CONDITIONID+30, 15, 55, 2, 0, 0, 0, '');
INSERT INTO `conditions` VALUES (@CONDITIONID+31, -1, @CONDITIONID+29, @CONDITIONID+30, 0, 0, 0, '');
INSERT INTO `conditions` VALUES (@CONDITIONID+32, 15, 52, 1, 0, 0, 0, '');
INSERT INTO `conditions` VALUES (@CONDITIONID+33, 15, 50, 1, 0, 0, 0, '');
-- already exists INSERT INTO `conditions` VALUES (@CONDITIONID+34, 15, 55, 1, 0, 0, 0, '');
INSERT INTO `conditions` VALUES (@CONDITIONID+35, 15, 56, 1, 0, 0, 0, '');
INSERT INTO `conditions` VALUES (@CONDITIONID+36, 15, 58, 1, 0, 0, 0, '');

-- Add missing npc broadcast text link for Sunken Temple description
INSERT INTO `npc_text_broadcast_text` (`ID`, `BroadcastTextID0`, `Prob0`) VALUES (7228, 9936, 1);
